country,year,indicator,value
Angola,2000,NGDPD,12646000000.0
Angola,2001,NGDPD,12378000000.0
Angola,2002,NGDPD,17312000000.0
Angola,2003,NGDPD,20342000000.0
Angola,2004,NGDPD,26998000000.0
Angola,2005,NGDPD,41397000000.0
Angola,2006,NGDPD,58654000000.0
Angola,2007,NGDPD,73038000000.0
Angola,2008,NGDPD,98790000000.0
Angola,2009,NGDPD,81705000000.0
Angola,2010,NGDPD,95547000000.0
Angola,2011,NGDPD,125552000000.0
Angola,2012,NGDPD,143573000000.0
Angola,2013,NGDPD,153761000000.0
Angola,2014,NGDPD,164448000000.0
Angola,2015,NGDPD,131661000000.0
Angola,2016,NGDPD,114764000000.0
Angola,2017,NGDPD,139835000000.0
Angola,2018,NGDPD,114189000000.0
Angola,2019,NGDPD,94671000000.0
Angola,2020,NGDPD,66521000000.0
Angola,2021,NGDPD,84375000000.0
Angola,2022,NGDPD,142442000000.0
Angola,2023,NGDPD,112483000000.0
Angola,2024,NGDPD,115214000000.0
United Arab Emirates,2000,NGDPD,102987000000.0
United Arab Emirates,2001,NGDPD,103312000000.0
United Arab Emirates,2002,NGDPD,109816000000.0
United Arab Emirates,2003,NGDPD,124346000000.0
United Arab Emirates,2004,NGDPD,147812000000.0
United Arab Emirates,2005,NGDPD,180616000000.0
United Arab Emirates,2006,NGDPD,222117000000.0
United Arab Emirates,2007,NGDPD,257883000000.0
United Arab Emirates,2008,NGDPD,315464000000.0
United Arab Emirates,2009,NGDPD,253547000000.0
United Arab Emirates,2010,NGDPD,307736000000.0
United Arab Emirates,2011,NGDPD,368881000000.0
United Arab Emirates,2012,NGDPD,392793000000.0
United Arab Emirates,2013,NGDPD,409633000000.0
United Arab Emirates,2014,NGDPD,424936000000.0
United Arab Emirates,2015,NGDPD,381973000000.0
United Arab Emirates,2016,NGDPD,381717000000.0
United Arab Emirates,2017,NGDPD,403365000000.0
United Arab Emirates,2018,NGDPD,440560000000.0
United Arab Emirates,2019,NGDPD,433926000000.0
United Arab Emirates,2020,NGDPD,357162000000.0
United Arab Emirates,2021,NGDPD,422441000000.0
United Arab Emirates,2022,NGDPD,511403000000.0
United Arab Emirates,2023,NGDPD,522622000000.0
United Arab Emirates,2024,NGDPD,552325000000.0
Argentina,2000,NGDPD,317759000000.0
Argentina,2001,NGDPD,300421000000.0
Argentina,2002,NGDPD,112458000000.0
Argentina,2003,NGDPD,142431000000.0
Argentina,2004,NGDPD,164911000000.0
Argentina,2005,NGDPD,199273000000.0
Argentina,2006,NGDPD,232892000000.0
Argentina,2007,NGDPD,287921000000.0
Argentina,2008,NGDPD,363545000000.0
Argentina,2009,NGDPD,334633000000.0
Argentina,2010,NGDPD,424729000000.0
Argentina,2011,NGDPD,527644000000.0
Argentina,2012,NGDPD,579666000000.0
Argentina,2013,NGDPD,611471000000.0
Argentina,2014,NGDPD,563614000000.0
Argentina,2015,NGDPD,642464000000.0
Argentina,2016,NGDPD,556774000000.0
Argentina,2017,NGDPD,643861000000.0
Argentina,2018,NGDPD,524431000000.0
Argentina,2019,NGDPD,446762000000.0
Argentina,2020,NGDPD,385218000000.0
Argentina,2021,NGDPD,486040000000.0
Argentina,2022,NGDPD,633520000000.0
Argentina,2023,NGDPD,648895000000.0
Argentina,2024,NGDPD,637234000000.0
Bahrain,2000,NGDPD,9448000000.0
Bahrain,2001,NGDPD,9579000000.0
Bahrain,2002,NGDPD,10001000000.0
Bahrain,2003,NGDPD,11546000000.0
Bahrain,2004,NGDPD,13709000000.0
Bahrain,2005,NGDPD,16647000000.0
Bahrain,2006,NGDPD,19291000000.0
Bahrain,2007,NGDPD,22653000000.0
Bahrain,2008,NGDPD,26803000000.0
Bahrain,2009,NGDPD,23913000000.0
Bahrain,2010,NGDPD,26806000000.0
Bahrain,2011,NGDPD,29915000000.0
Bahrain,2012,NGDPD,31963000000.0
Bahrain,2013,NGDPD,33823000000.0
Bahrain,2014,NGDPD,34773000000.0
Bahrain,2015,NGDPD,32523000000.0
Bahrain,2016,NGDPD,33885000000.0
Bahrain,2017,NGDPD,37205000000.0
Bahrain,2018,NGDPD,39568000000.0
Bahrain,2019,NGDPD,40447000000.0
Bahrain,2020,NGDPD,35838000000.0
Bahrain,2021,NGDPD,40840000000.0
Bahrain,2022,NGDPD,46458000000.0
Bahrain,2023,NGDPD,46192000000.0
Bahrain,2024,NGDPD,47110000000.0
Brazil,2000,NGDPD,655454000000.0
Brazil,2001,NGDPD,559982000000.0
Brazil,2002,NGDPD,509798000000.0
Brazil,2003,NGDPD,558232000000.0
Brazil,2004,NGDPD,669290000000.0
Brazil,2005,NGDPD,891633000000.0
Brazil,2006,NGDPD,1107628000000.0
Brazil,2007,NGDPD,1397114000000.0
Brazil,2008,NGDPD,1695855000000.0
Brazil,2009,NGDPD,1669204000000.0
Brazil,2010,NGDPD,2208704000000.0
Brazil,2011,NGDPD,2614027000000.0
Brazil,2012,NGDPD,2464053000000.0
Brazil,2013,NGDPD,2471718000000.0
Brazil,2014,NGDPD,2456055000000.0
Brazil,2015,NGDPD,1800046000000.0
Brazil,2016,NGDPD,1796622000000.0
Brazil,2017,NGDPD,2063519000000.0
Brazil,2018,NGDPD,1916934000000.0
Brazil,2019,NGDPD,1873286000000.0
Brazil,2020,NGDPD,1476092000000.0
Brazil,2021,NGDPD,1670650000000.0
Brazil,2022,NGDPD,1951849000000.0
Brazil,2023,NGDPD,2191137000000.0
Brazil,2024,NGDPD,2179413000000.0
Chile,2000,NGDPD,78250000000.0
Chile,2001,NGDPD,71517000000.0
Chile,2002,NGDPD,70295000000.0
Chile,2003,NGDPD,76508000000.0
Chile,2004,NGDPD,99079000000.0
Chile,2005,NGDPD,122315000000.0
Chile,2006,NGDPD,153840000000.0
Chile,2007,NGDPD,172565000000.0
Chile,2008,NGDPD,179663000000.0
Chile,2009,NGDPD,171794000000.0
Chile,2010,NGDPD,217105000000.0
Chile,2011,NGDPD,251225000000.0
Chile,2012,NGDPD,267165000000.0
Chile,2013,NGDPD,277218000000.0
Chile,2014,NGDPD,259394000000.0
Chile,2015,NGDPD,242515000000.0
Chile,2016,NGDPD,249306000000.0
Chile,2017,NGDPD,276357000000.0
Chile,2018,NGDPD,295428000000.0
Chile,2019,NGDPD,278040000000.0
Chile,2020,NGDPD,254060000000.0
Chile,2021,NGDPD,315411000000.0
Chile,2022,NGDPD,301270000000.0
Chile,2023,NGDPD,335627000000.0
Chile,2024,NGDPD,330210000000.0
Ivory Coast,2000,NGDPD,14851000000.0
Ivory Coast,2001,NGDPD,15485000000.0
Ivory Coast,2002,NGDPD,17148000000.0
Ivory Coast,2003,NGDPD,21206000000.0
Ivory Coast,2004,NGDPD,22924000000.0
Ivory Coast,2005,NGDPD,23626000000.0
Ivory Coast,2006,NGDPD,24628000000.0
Ivory Coast,2007,NGDPD,28158000000.0
Ivory Coast,2008,NGDPD,33621000000.0
Ivory Coast,2009,NGDPD,33693000000.0
Ivory Coast,2010,NGDPD,34431000000.0
Ivory Coast,2011,NGDPD,35529000000.0
Ivory Coast,2012,NGDPD,37030000000.0
Ivory Coast,2013,NGDPD,43228000000.0
Ivory Coast,2014,NGDPD,48882000000.0
Ivory Coast,2015,NGDPD,45815000000.0
Ivory Coast,2016,NGDPD,48408000000.0
Ivory Coast,2017,NGDPD,52512000000.0
Ivory Coast,2018,NGDPD,58522000000.0
Ivory Coast,2019,NGDPD,60383000000.0
Ivory Coast,2020,NGDPD,63119000000.0
Ivory Coast,2021,NGDPD,72833000000.0
Ivory Coast,2022,NGDPD,71075000000.0
Ivory Coast,2023,NGDPD,79630000000.0
Ivory Coast,2024,NGDPD,87096000000.0
Colombia,2000,NGDPD,99270000000.0
Colombia,2001,NGDPD,97606000000.0
Colombia,2002,NGDPD,97353000000.0
Colombia,2003,NGDPD,94072000000.0
Colombia,2004,NGDPD,116382000000.0
Colombia,2005,NGDPD,145601000000.0
Colombia,2006,NGDPD,161793000000.0
Colombia,2007,NGDPD,206230000000.0
Colombia,2008,NGDPD,242504000000.0
Colombia,2009,NGDPD,232469000000.0
Colombia,2010,NGDPD,286499000000.0
Colombia,2011,NGDPD,334966000000.0
Colombia,2012,NGDPD,370691000000.0
Colombia,2013,NGDPD,382094000000.0
Colombia,2014,NGDPD,381241000000.0
Colombia,2015,NGDPD,293493000000.0
Colombia,2016,NGDPD,282720000000.0
Colombia,2017,NGDPD,311889000000.0
Colombia,2018,NGDPD,334124000000.0
Colombia,2019,NGDPD,323054000000.0
Colombia,2020,NGDPD,270348000000.0
Colombia,2021,NGDPD,318525000000.0
Colombia,2022,NGDPD,345632000000.0
Colombia,2023,NGDPD,366292000000.0
Colombia,2024,NGDPD,418818000000.0
Ecuador,2000,NGDPD,17531000000.0
Ecuador,2001,NGDPD,23127000000.0
Ecuador,2002,NGDPD,27054000000.0
Ecuador,2003,NGDPD,30965000000.0
Ecuador,2004,NGDPD,35195000000.0
Ecuador,2005,NGDPD,40279000000.0
Ecuador,2006,NGDPD,45691000000.0
Ecuador,2007,NGDPD,49849000000.0
Ecuador,2008,NGDPD,61139000000.0
Ecuador,2009,NGDPD,60095000000.0
Ecuador,2010,NGDPD,68151000000.0
Ecuador,2011,NGDPD,78987000000.0
Ecuador,2012,NGDPD,87735000000.0
Ecuador,2013,NGDPD,96570000000.0
Ecuador,2014,NGDPD,102718000000.0
Ecuador,2015,NGDPD,97210000000.0
Ecuador,2016,NGDPD,97671000000.0
Ecuador,2017,NGDPD,104467000000.0
Ecuador,2018,NGDPD,107479000000.0
Ecuador,2019,NGDPD,107596000000.0
Ecuador,2020,NGDPD,95865000000.0
Ecuador,2021,NGDPD,107179000000.0
Ecuador,2022,NGDPD,116133000000.0
Ecuador,2023,NGDPD,121147000000.0
Ecuador,2024,NGDPD,124676000000.0
Egypt,2000,NGDPD,104752000000.0
Egypt,2001,NGDPD,102273000000.0
Egypt,2002,NGDPD,90261000000.0
Egypt,2003,NGDPD,85163000000.0
Egypt,2004,NGDPD,82855000000.0
Egypt,2005,NGDPD,94127000000.0
Egypt,2006,NGDPD,112902000000.0
Egypt,2007,NGDPD,137055000000.0
Egypt,2008,NGDPD,170797000000.0
Egypt,2009,NGDPD,198316000000.0
Egypt,2010,NGDPD,230024000000.0
Egypt,2011,NGDPD,247726000000.0
Egypt,2012,NGDPD,294482000000.0
Egypt,2013,NGDPD,303194000000.0
Egypt,2014,NGDPD,321634000000.0
Egypt,2015,NGDPD,350119000000.0
Egypt,2016,NGDPD,351443000000.0
Egypt,2017,NGDPD,246826000000.0
Egypt,2018,NGDPD,263156000000.0
Egypt,2019,NGDPD,317894000000.0
Egypt,2020,NGDPD,382525000000.0
Egypt,2021,NGDPD,423300000000.0
Egypt,2022,NGDPD,475231000000.0
Egypt,2023,NGDPD,393828000000.0
Egypt,2024,NGDPD,383105000000.0
Hungary,2000,NGDPD,47276000000.0
Hungary,2001,NGDPD,53800000000.0
Hungary,2002,NGDPD,67636000000.0
Hungary,2003,NGDPD,85190000000.0
Hungary,2004,NGDPD,104015000000.0
Hungary,2005,NGDPD,113098000000.0
Hungary,2006,NGDPD,115604000000.0
Hungary,2007,NGDPD,140123000000.0
Hungary,2008,NGDPD,158228000000.0
Hungary,2009,NGDPD,130807000000.0
Hungary,2010,NGDPD,131899000000.0
Hungary,2011,NGDPD,141713000000.0
Hungary,2012,NGDPD,128470000000.0
Hungary,2013,NGDPD,135646000000.0
Hungary,2014,NGDPD,141129000000.0
Hungary,2015,NGDPD,125244000000.0
Hungary,2016,NGDPD,128984000000.0
Hungary,2017,NGDPD,143335000000.0
Hungary,2018,NGDPD,161185000000.0
Hungary,2019,NGDPD,164927000000.0
Hungary,2020,NGDPD,158468000000.0
Hungary,2021,NGDPD,183283000000.0
Hungary,2022,NGDPD,178321000000.0
Hungary,2023,NGDPD,214098000000.0
Hungary,2024,NGDPD,223060000000.0
Indonesia,2000,NGDPD,179482000000.0
Indonesia,2001,NGDPD,174507000000.0
Indonesia,2002,NGDPD,212807000000.0
Indonesia,2003,NGDPD,255346000000.0
Indonesia,2004,NGDPD,279344000000.0
Indonesia,2005,NGDPD,310920000000.0
Indonesia,2006,NGDPD,396518000000.0
Indonesia,2007,NGDPD,470092000000.0
Indonesia,2008,NGDPD,558291000000.0
Indonesia,2009,NGDPD,578577000000.0
Indonesia,2010,NGDPD,755094000000.0
Indonesia,2011,NGDPD,892969000000.0
Indonesia,2012,NGDPD,917870000000.0
Indonesia,2013,NGDPD,912524000000.0
Indonesia,2014,NGDPD,890815000000.0
Indonesia,2015,NGDPD,860854000000.0
Indonesia,2016,NGDPD,931877000000.0
Indonesia,2017,NGDPD,1015619000000.0
Indonesia,2018,NGDPD,1042272000000.0
Indonesia,2019,NGDPD,1119100000000.0
Indonesia,2020,NGDPD,1059055000000.0
Indonesia,2021,NGDPD,1186510000000.0
Indonesia,2022,NGDPD,1319101000000.0
Indonesia,2023,NGDPD,1371169000000.0
Indonesia,2024,NGDPD,1396300000000.0
Iraq,2000,NGDPD,25984000000.0
Iraq,2001,NGDPD,21113000000.0
Iraq,2002,NGDPD,21063000000.0
Iraq,2003,NGDPD,15800000000.0
Iraq,2004,NGDPD,36642000000.0
Iraq,2005,NGDPD,50065000000.0
Iraq,2006,NGDPD,65144000000.0
Iraq,2007,NGDPD,88833000000.0
Iraq,2008,NGDPD,131614000000.0
Iraq,2009,NGDPD,111660000000.0
Iraq,2010,NGDPD,138517000000.0
Iraq,2011,NGDPD,185750000000.0
Iraq,2012,NGDPD,218032000000.0
Iraq,2013,NGDPD,234638000000.0
Iraq,2014,NGDPD,234651000000.0
Iraq,2015,NGDPD,177634000000.0
Iraq,2016,NGDPD,168429000000.0
Iraq,2017,NGDPD,190048000000.0
Iraq,2018,NGDPD,230189000000.0
Iraq,2019,NGDPD,236682000000.0
Iraq,2020,NGDPD,182576000000.0
Iraq,2021,NGDPD,210753000000.0
Iraq,2022,NGDPD,288059000000.0
Iraq,2023,NGDPD,270799000000.0
Iraq,2024,NGDPD,278771000000.0
Kazakhstan,2000,NGDPD,18292000000.0
Kazakhstan,2001,NGDPD,22153000000.0
Kazakhstan,2002,NGDPD,24637000000.0
Kazakhstan,2003,NGDPD,30834000000.0
Kazakhstan,2004,NGDPD,43152000000.0
Kazakhstan,2005,NGDPD,57125000000.0
Kazakhstan,2006,NGDPD,81003000000.0
Kazakhstan,2007,NGDPD,104850000000.0
Kazakhstan,2008,NGDPD,133442000000.0
Kazakhstan,2009,NGDPD,115309000000.0
Kazakhstan,2010,NGDPD,148047000000.0
Kazakhstan,2011,NGDPD,192626000000.0
Kazakhstan,2012,NGDPD,207999000000.0
Kazakhstan,2013,NGDPD,236635000000.0
Kazakhstan,2014,NGDPD,221416000000.0
Kazakhstan,2015,NGDPD,184388000000.0
Kazakhstan,2016,NGDPD,137278000000.0
Kazakhstan,2017,NGDPD,166806000000.0
Kazakhstan,2018,NGDPD,179340000000.0
Kazakhstan,2019,NGDPD,181667000000.0
Kazakhstan,2020,NGDPD,171082000000.0
Kazakhstan,2021,NGDPD,197112000000.0
Kazakhstan,2022,NGDPD,225496000000.0
Kazakhstan,2023,NGDPD,261840000000.0
Kazakhstan,2024,NGDPD,291480000000.0
Sri Lanka,2000,NGDPD,20007000000.0
Sri Lanka,2001,NGDPD,19236000000.0
Sri Lanka,2002,NGDPD,20238000000.0
Sri Lanka,2003,NGDPD,22352000000.0
Sri Lanka,2004,NGDPD,24423000000.0
Sri Lanka,2005,NGDPD,28880000000.0
Sri Lanka,2006,NGDPD,33447000000.0
Sri Lanka,2007,NGDPD,38270000000.0
Sri Lanka,2008,NGDPD,48177000000.0
Sri Lanka,2009,NGDPD,49750000000.0
Sri Lanka,2010,NGDPD,58643000000.0
Sri Lanka,2011,NGDPD,67725000000.0
Sri Lanka,2012,NGDPD,70392000000.0
Sri Lanka,2013,NGDPD,76934000000.0
Sri Lanka,2014,NGDPD,82483000000.0
Sri Lanka,2015,NGDPD,85091000000.0
Sri Lanka,2016,NGDPD,88000000000.0
Sri Lanka,2017,NGDPD,94376000000.0
Sri Lanka,2018,NGDPD,94484000000.0
Sri Lanka,2019,NGDPD,89015000000.0
Sri Lanka,2020,NGDPD,84304000000.0
Sri Lanka,2021,NGDPD,88609000000.0
Sri Lanka,2022,NGDPD,74584000000.0
Sri Lanka,2023,NGDPD,83723000000.0
Sri Lanka,2024,NGDPD,98964000000.0
Morocco,2000,NGDPD,42053000000.0
Morocco,2001,NGDPD,42704000000.0
Morocco,2002,NGDPD,45711000000.0
Morocco,2003,NGDPD,56345000000.0
Morocco,2004,NGDPD,64528000000.0
Morocco,2005,NGDPD,67468000000.0
Morocco,2006,NGDPD,74284000000.0
Morocco,2007,NGDPD,85539000000.0
Morocco,2008,NGDPD,100112000000.0
Morocco,2009,NGDPD,100535000000.0
Morocco,2010,NGDPD,100881000000.0
Morocco,2011,NGDPD,109705000000.0
Morocco,2012,NGDPD,106345000000.0
Morocco,2013,NGDPD,115608000000.0
Morocco,2014,NGDPD,119131000000.0
Morocco,2015,NGDPD,110414000000.0
Morocco,2016,NGDPD,111573000000.0
Morocco,2017,NGDPD,118541000000.0
Morocco,2018,NGDPD,127341000000.0
Morocco,2019,NGDPD,128920000000.0
Morocco,2020,NGDPD,121354000000.0
Morocco,2021,NGDPD,142022000000.0
Morocco,2022,NGDPD,131245000000.0
Morocco,2023,NGDPD,146057000000.0
Morocco,2024,NGDPD,160606000000.0
Mexico,2000,NGDPD,742061000000.0
Mexico,2001,NGDPD,796055000000.0
Mexico,2002,NGDPD,810666000000.0
Mexico,2003,NGDPD,765550000000.0
Mexico,2004,NGDPD,819459000000.0
Mexico,2005,NGDPD,917572000000.0
Mexico,2006,NGDPD,1020265000000.0
Mexico,2007,NGDPD,1102356000000.0
Mexico,2008,NGDPD,1161553000000.0
Mexico,2009,NGDPD,943437000000.0
Mexico,2010,NGDPD,1105424000000.0
Mexico,2011,NGDPD,1229014000000.0
Mexico,2012,NGDPD,1255110000000.0
Mexico,2013,NGDPD,1327436000000.0
Mexico,2014,NGDPD,1364508000000.0
Mexico,2015,NGDPD,1213294000000.0
Mexico,2016,NGDPD,1112233000000.0
Mexico,2017,NGDPD,1190721000000.0
Mexico,2018,NGDPD,1256300000000.0
Mexico,2019,NGDPD,1304106000000.0
Mexico,2020,NGDPD,1121065000000.0
Mexico,2021,NGDPD,1316569000000.0
Mexico,2022,NGDPD,1466935000000.0
Mexico,2023,NGDPD,1798318000000.0
Mexico,2024,NGDPD,1856366000000.0
Nigeria,2000,NGDPD,95510000000.0
Nigeria,2001,NGDPD,102980000000.0
Nigeria,2002,NGDPD,132347000000.0
Nigeria,2003,NGDPD,144955000000.0
Nigeria,2004,NGDPD,183553000000.0
Nigeria,2005,NGDPD,238895000000.0
Nigeria,2006,NGDPD,313737000000.0
Nigeria,2007,NGDPD,375055000000.0
Nigeria,2008,NGDPD,472283000000.0
Nigeria,2009,NGDPD,425922000000.0
Nigeria,2010,NGDPD,526809000000.0
Nigeria,2011,NGDPD,591367000000.0
Nigeria,2012,NGDPD,657854000000.0
Nigeria,2013,NGDPD,734890000000.0
Nigeria,2014,NGDPD,811134000000.0
Nigeria,2015,NGDPD,696088000000.0
Nigeria,2016,NGDPD,570351000000.0
Nigeria,2017,NGDPD,529144000000.0
Nigeria,2018,NGDPD,593897000000.0
Nigeria,2019,NGDPD,668219000000.0
Nigeria,2020,NGDPD,598725000000.0
Nigeria,2021,NGDPD,609479000000.0
Nigeria,2022,NGDPD,645682000000.0
Nigeria,2023,NGDPD,487347000000.0
Nigeria,2024,NGDPD,252109000000.0
Pakistan,2000,NGDPD,99421000000.0
Pakistan,2001,NGDPD,96784000000.0
Pakistan,2002,NGDPD,98169000000.0
Pakistan,2003,NGDPD,112507000000.0
Pakistan,2004,NGDPD,132206000000.0
Pakistan,2005,NGDPD,145209000000.0
Pakistan,2006,NGDPD,161871000000.0
Pakistan,2007,NGDPD,184141000000.0
Pakistan,2008,NGDPD,202204000000.0
Pakistan,2009,NGDPD,187074000000.0
Pakistan,2010,NGDPD,196712000000.0
Pakistan,2011,NGDPD,230577000000.0
Pakistan,2012,NGDPD,250094000000.0
Pakistan,2013,NGDPD,258674000000.0
Pakistan,2014,NGDPD,271422000000.0
Pakistan,2015,NGDPD,299930000000.0
Pakistan,2016,NGDPD,313623000000.0
Pakistan,2017,NGDPD,339229000000.0
Pakistan,2018,NGDPD,356163000000.0
Pakistan,2019,NGDPD,321071000000.0
Pakistan,2020,NGDPD,300410000000.0
Pakistan,2021,NGDPD,348481000000.0
Pakistan,2022,NGDPD,374850000000.0
Pakistan,2023,NGDPD,336555000000.0
Pakistan,2024,NGDPD,371408000000.0
Panama,2000,NGDPD,12962000000.0
Panama,2001,NGDPD,13171000000.0
Panama,2002,NGDPD,13689000000.0
Panama,2003,NGDPD,14426000000.0
Panama,2004,NGDPD,15816000000.0
Panama,2005,NGDPD,17250000000.0
Panama,2006,NGDPD,19116000000.0
Panama,2007,NGDPD,22079000000.0
Panama,2008,NGDPD,26081000000.0
Panama,2009,NGDPD,28114000000.0
Panama,2010,NGDPD,30523000000.0
Panama,2011,NGDPD,35961000000.0
Panama,2012,NGDPD,41916000000.0
Panama,2013,NGDPD,47276000000.0
Panama,2014,NGDPD,51757000000.0
Panama,2015,NGDPD,56080000000.0
Panama,2016,NGDPD,60037000000.0
Panama,2017,NGDPD,64490000000.0
Panama,2018,NGDPD,67316000000.0
Panama,2019,NGDPD,69779000000.0
Panama,2020,NGDPD,57060000000.0
Panama,2021,NGDPD,67396000000.0
Panama,2022,NGDPD,76479000000.0
Panama,2023,NGDPD,83812000000.0
Panama,2024,NGDPD,86524000000.0
Peru,2000,NGDPD,50414000000.0
Peru,2001,NGDPD,51034000000.0
Peru,2002,NGDPD,53954000000.0
Peru,2003,NGDPD,58537000000.0
Peru,2004,NGDPD,66126000000.0
Peru,2005,NGDPD,74232000000.0
Peru,2006,NGDPD,87459000000.0
Peru,2007,NGDPD,102187000000.0
Peru,2008,NGDPD,120898000000.0
Peru,2009,NGDPD,122214000000.0
Peru,2010,NGDPD,149284000000.0
Peru,2011,NGDPD,170662000000.0
Peru,2012,NGDPD,193021000000.0
Peru,2013,NGDPD,203056000000.0
Peru,2014,NGDPD,204200000000.0
Peru,2015,NGDPD,194425000000.0
Peru,2016,NGDPD,198940000000.0
Peru,2017,NGDPD,219525000000.0
Peru,2018,NGDPD,229824000000.0
Peru,2019,NGDPD,236414000000.0
Peru,2020,NGDPD,209984000000.0
Peru,2021,NGDPD,229832000000.0
Peru,2022,NGDPD,248204000000.0
Peru,2023,NGDPD,271780000000.0
Peru,2024,NGDPD,294675000000.0
Philippines,2000,NGDPD,83667000000.0
Philippines,2001,NGDPD,78921000000.0
Philippines,2002,NGDPD,84307000000.0
Philippines,2003,NGDPD,87039000000.0
Philippines,2004,NGDPD,95002000000.0
Philippines,2005,NGDPD,107420000000.0
Philippines,2006,NGDPD,127653000000.0
Philippines,2007,NGDPD,155980000000.0
Philippines,2008,NGDPD,181007000000.0
Philippines,2009,NGDPD,176132000000.0
Philippines,2010,NGDPD,208369000000.0
Philippines,2011,NGDPD,234217000000.0
Philippines,2012,NGDPD,261920000000.0
Philippines,2013,NGDPD,283903000000.0
Philippines,2014,NGDPD,297484000000.0
Philippines,2015,NGDPD,306446000000.0
Philippines,2016,NGDPD,318627000000.0
Philippines,2017,NGDPD,328481000000.0
Philippines,2018,NGDPD,346842000000.0
Philippines,2019,NGDPD,376823000000.0
Philippines,2020,NGDPD,361751000000.0
Philippines,2021,NGDPD,394087000000.0
Philippines,2022,NGDPD,404353000000.0
Philippines,2023,NGDPD,437055000000.0
Philippines,2024,NGDPD,461617000000.0
Poland,2000,NGDPD,172151000000.0
Poland,2001,NGDPD,191403000000.0
Poland,2002,NGDPD,199694000000.0
Poland,2003,NGDPD,218561000000.0
Poland,2004,NGDPD,256454000000.0
Poland,2005,NGDPD,307158000000.0
Poland,2006,NGDPD,345898000000.0
Poland,2007,NGDPD,429715000000.0
Poland,2008,NGDPD,535612000000.0
Poland,2009,NGDPD,440954000000.0
Poland,2010,NGDPD,478111000000.0
Poland,2011,NGDPD,527848000000.0
Poland,2012,NGDPD,498149000000.0
Poland,2013,NGDPD,518180000000.0
Poland,2014,NGDPD,542266000000.0
Poland,2015,NGDPD,479729000000.0
Poland,2016,NGDPD,472883000000.0
Poland,2017,NGDPD,528497000000.0
Poland,2018,NGDPD,594641000000.0
Poland,2019,NGDPD,602592000000.0
Poland,2020,NGDPD,605930000000.0
Poland,2021,NGDPD,689253000000.0
Poland,2022,NGDPD,695734000000.0
Poland,2023,NGDPD,812959000000.0
Poland,2024,NGDPD,914553000000.0
Qatar,2000,NGDPD,18085000000.0
Qatar,2001,NGDPD,17498000000.0
Qatar,2002,NGDPD,19334000000.0
Qatar,2003,NGDPD,23716000000.0
Qatar,2004,NGDPD,30651000000.0
Qatar,2005,NGDPD,44636000000.0
Qatar,2006,NGDPD,58629000000.0
Qatar,2007,NGDPD,75987000000.0
Qatar,2008,NGDPD,112621000000.0
Qatar,2009,NGDPD,88196000000.0
Qatar,2010,NGDPD,119707000000.0
Qatar,2011,NGDPD,167775000000.0
Qatar,2012,NGDPD,186834000000.0
Qatar,2013,NGDPD,198728000000.0
Qatar,2014,NGDPD,206225000000.0
Qatar,2015,NGDPD,161740000000.0
Qatar,2016,NGDPD,151732000000.0
Qatar,2017,NGDPD,161099000000.0
Qatar,2018,NGDPD,183335000000.0
Qatar,2019,NGDPD,176371000000.0
Qatar,2020,NGDPD,144411000000.0
Qatar,2021,NGDPD,179732000000.0
Qatar,2022,NGDPD,235709000000.0
Qatar,2023,NGDPD,213003000000.0
Qatar,2024,NGDPD,219631000000.0
Romania,2000,NGDPD,37447000000.0
Romania,2001,NGDPD,40396000000.0
Romania,2002,NGDPD,46035000000.0
Romania,2003,NGDPD,57790000000.0
Romania,2004,NGDPD,75059000000.0
Romania,2005,NGDPD,98547000000.0
Romania,2006,NGDPD,122114000000.0
Romania,2007,NGDPD,174831000000.0
Romania,2008,NGDPD,215567000000.0
Romania,2009,NGDPD,174572000000.0
Romania,2010,NGDPD,170329000000.0
Romania,2011,NGDPD,192846000000.0
Romania,2012,NGDPD,179228000000.0
Romania,2013,NGDPD,189839000000.0
Romania,2014,NGDPD,199989000000.0
Romania,2015,NGDPD,177878000000.0
Romania,2016,NGDPD,185337000000.0
Romania,2017,NGDPD,210530000000.0
Romania,2018,NGDPD,243651000000.0
Romania,2019,NGDPD,251652000000.0
Romania,2020,NGDPD,252372000000.0
Romania,2021,NGDPD,286783000000.0
Romania,2022,NGDPD,296928000000.0
Romania,2023,NGDPD,350847000000.0
Romania,2024,NGDPD,382854000000.0
Saudi Arabia,2000,NGDPD,189515000000.0
Saudi Arabia,2001,NGDPD,184138000000.0
Saudi Arabia,2002,NGDPD,189606000000.0
Saudi Arabia,2003,NGDPD,215808000000.0
Saudi Arabia,2004,NGDPD,258742000000.0
Saudi Arabia,2005,NGDPD,328205000000.0
Saudi Arabia,2006,NGDPD,376398000000.0
Saudi Arabia,2007,NGDPD,415687000000.0
Saudi Arabia,2008,NGDPD,519797000000.0
Saudi Arabia,2009,NGDPD,429098000000.0
Saudi Arabia,2010,NGDPD,528207000000.0
Saudi Arabia,2011,NGDPD,680661000000.0
Saudi Arabia,2012,NGDPD,751921000000.0
Saudi Arabia,2013,NGDPD,769755000000.0
Saudi Arabia,2014,NGDPD,787153000000.0
Saudi Arabia,2015,NGDPD,693415000000.0
Saudi Arabia,2016,NGDPD,689279000000.0
Saudi Arabia,2017,NGDPD,741266000000.0
Saudi Arabia,2018,NGDPD,886564000000.0
Saudi Arabia,2019,NGDPD,888888000000.0
Saudi Arabia,2020,NGDPD,767303000000.0
Saudi Arabia,2021,NGDPD,982661000000.0
Saudi Arabia,2022,NGDPD,1239075000000.0
Saudi Arabia,2023,NGDPD,1218585000000.0
Saudi Arabia,2024,NGDPD,1239805000000.0
Senegal,2000,NGDPD,6016000000.0
Senegal,2001,NGDPD,6508000000.0
Senegal,2002,NGDPD,7001000000.0
Senegal,2003,NGDPD,8767000000.0
Senegal,2004,NGDPD,10072000000.0
Senegal,2005,NGDPD,11015000000.0
Senegal,2006,NGDPD,11699000000.0
Senegal,2007,NGDPD,13996000000.0
Senegal,2008,NGDPD,16852000000.0
Senegal,2009,NGDPD,16128000000.0
Senegal,2010,NGDPD,16134000000.0
Senegal,2011,NGDPD,17811000000.0
Senegal,2012,NGDPD,17672000000.0
Senegal,2013,NGDPD,18919000000.0
Senegal,2014,NGDPD,19802000000.0
Senegal,2015,NGDPD,17777000000.0
Senegal,2016,NGDPD,19035000000.0
Senegal,2017,NGDPD,20989000000.0
Senegal,2018,NGDPD,23127000000.0
Senegal,2019,NGDPD,23405000000.0
Senegal,2020,NGDPD,24534000000.0
Senegal,2021,NGDPD,27584000000.0
Senegal,2022,NGDPD,27750000000.0
Senegal,2023,NGDPD,30701000000.0
Senegal,2024,NGDPD,32816000000.0
El Salvador,2000,NGDPD,11785000000.0
El Salvador,2001,NGDPD,12283000000.0
El Salvador,2002,NGDPD,12664000000.0
El Salvador,2003,NGDPD,13244000000.0
El Salvador,2004,NGDPD,13725000000.0
El Salvador,2005,NGDPD,14698000000.0
El Salvador,2006,NGDPD,16000000000.0
El Salvador,2007,NGDPD,17012000000.0
El Salvador,2008,NGDPD,17987000000.0
El Salvador,2009,NGDPD,17602000000.0
El Salvador,2010,NGDPD,18448000000.0
El Salvador,2011,NGDPD,20284000000.0
El Salvador,2012,NGDPD,21386000000.0
El Salvador,2013,NGDPD,21991000000.0
El Salvador,2014,NGDPD,22593000000.0
El Salvador,2015,NGDPD,23438000000.0
El Salvador,2016,NGDPD,24191000000.0
El Salvador,2017,NGDPD,24979000000.0
El Salvador,2018,NGDPD,26021000000.0
El Salvador,2019,NGDPD,26881000000.0
El Salvador,2020,NGDPD,24921000000.0
El Salvador,2021,NGDPD,29043000000.0
El Salvador,2022,NGDPD,31870000000.0
El Salvador,2023,NGDPD,33854000000.0
El Salvador,2024,NGDPD,35365000000.0
Turkey,2000,NGDPD,273570000000.0
Turkey,2001,NGDPD,203001000000.0
Turkey,2002,NGDPD,238674000000.0
Turkey,2003,NGDPD,317342000000.0
Turkey,2004,NGDPD,408309000000.0
Turkey,2005,NGDPD,506794000000.0
Turkey,2006,NGDPD,554902000000.0
Turkey,2007,NGDPD,686909000000.0
Turkey,2008,NGDPD,787897000000.0
Turkey,2009,NGDPD,656134000000.0
Turkey,2010,NGDPD,783025000000.0
Turkey,2011,NGDPD,843326000000.0
Turkey,2012,NGDPD,882437000000.0
Turkey,2013,NGDPD,962457000000.0
Turkey,2014,NGDPD,943337000000.0
Turkey,2015,NGDPD,868204000000.0
Turkey,2016,NGDPD,870339000000.0
Turkey,2017,NGDPD,863906000000.0
Turkey,2018,NGDPD,807318000000.0
Turkey,2019,NGDPD,775223000000.0
Turkey,2020,NGDPD,730345000000.0
Turkey,2021,NGDPD,827673000000.0
Turkey,2022,NGDPD,924752000000.0
Turkey,2023,NGDPD,1153295000000.0
Turkey,2024,NGDPD,1358251000000.0
Uruguay,2000,NGDPD,24892000000.0
Uruguay,2001,NGDPD,22802000000.0
Uruguay,2002,NGDPD,14863000000.0
Uruguay,2003,NGDPD,13159000000.0
Uruguay,2004,NGDPD,14959000000.0
Uruguay,2005,NGDPD,18986000000.0
Uruguay,2006,NGDPD,21416000000.0
Uruguay,2007,NGDPD,25603000000.0
Uruguay,2008,NGDPD,33151000000.0
Uruguay,2009,NGDPD,34565000000.0
Uruguay,2010,NGDPD,43967000000.0
Uruguay,2011,NGDPD,52354000000.0
Uruguay,2012,NGDPD,55938000000.0
Uruguay,2013,NGDPD,62857000000.0
Uruguay,2014,NGDPD,62546000000.0
Uruguay,2015,NGDPD,58218000000.0
Uruguay,2016,NGDPD,57580000000.0
Uruguay,2017,NGDPD,65068000000.0
Uruguay,2018,NGDPD,65370000000.0
Uruguay,2019,NGDPD,62229000000.0
Uruguay,2020,NGDPD,53557000000.0
Uruguay,2021,NGDPD,60742000000.0
Uruguay,2022,NGDPD,70600000000.0
Uruguay,2023,NGDPD,77997000000.0
Uruguay,2024,NGDPD,80961000000.0
Vietnam,2000,NGDPD,39585000000.0
Vietnam,2001,NGDPD,41297000000.0
Vietnam,2002,NGDPD,44563000000.0
Vietnam,2003,NGDPD,50233000000.0
Vietnam,2004,NGDPD,62877000000.0
Vietnam,2005,NGDPD,73197000000.0
Vietnam,2006,NGDPD,84301000000.0
Vietnam,2007,NGDPD,98426000000.0
Vietnam,2008,NGDPD,124756000000.0
Vietnam,2009,NGDPD,129022000000.0
Vietnam,2010,NGDPD,143212000000.0
Vietnam,2011,NGDPD,171312000000.0
Vietnam,2012,NGDPD,195169000000.0
Vietnam,2013,NGDPD,212728000000.0
Vietnam,2014,NGDPD,232888000000.0
Vietnam,2015,NGDPD,236795000000.0
Vietnam,2016,NGDPD,252146000000.0
Vietnam,2017,NGDPD,277071000000.0
Vietnam,2018,NGDPD,304470000000.0
Vietnam,2019,NGDPD,331818000000.0
Vietnam,2020,NGDPD,346310000000.0
Vietnam,2021,NGDPD,370076000000.0
Vietnam,2022,NGDPD,411068000000.0
Vietnam,2023,NGDPD,433008000000.0
Vietnam,2024,NGDPD,459472000000.0
South Africa,2000,NGDPD,151855000000.0
South Africa,2001,NGDPD,135527000000.0
South Africa,2002,NGDPD,129385000000.0
South Africa,2003,NGDPD,197017000000.0
South Africa,2004,NGDPD,256188000000.0
South Africa,2005,NGDPD,288749000000.0
South Africa,2006,NGDPD,304055000000.0
South Africa,2007,NGDPD,332650000000.0
South Africa,2008,NGDPD,316491000000.0
South Africa,2009,NGDPD,331184000000.0
South Africa,2010,NGDPD,417315000000.0
South Africa,2011,NGDPD,458708000000.0
South Africa,2012,NGDPD,434400000000.0
South Africa,2013,NGDPD,400877000000.0
South Africa,2014,NGDPD,381195000000.0
South Africa,2015,NGDPD,346663000000.0
South Africa,2016,NGDPD,323493000000.0
South Africa,2017,NGDPD,381317000000.0
South Africa,2018,NGDPD,405093000000.0
South Africa,2019,NGDPD,389245000000.0
South Africa,2020,NGDPD,337876000000.0
South Africa,2021,NGDPD,419878000000.0
South Africa,2022,NGDPD,407430000000.0
South Africa,2023,NGDPD,381334000000.0
South Africa,2024,NGDPD,401076000000.0
Zambia,2000,NGDPD,3601000000.0
Zambia,2001,NGDPD,3870000000.0
Zambia,2002,NGDPD,4194000000.0
Zambia,2003,NGDPD,4902000000.0
Zambia,2004,NGDPD,6221000000.0
Zambia,2005,NGDPD,8329000000.0
Zambia,2006,NGDPD,12762000000.0
Zambia,2007,NGDPD,14060000000.0
Zambia,2008,NGDPD,17914000000.0
Zambia,2009,NGDPD,15332000000.0
Zambia,2010,NGDPD,20264000000.0
Zambia,2011,NGDPD,23455000000.0
Zambia,2012,NGDPD,25502000000.0
Zambia,2013,NGDPD,28042000000.0
Zambia,2014,NGDPD,27145000000.0
Zambia,2015,NGDPD,21245000000.0
Zambia,2016,NGDPD,20965000000.0
Zambia,2017,NGDPD,25874000000.0
Zambia,2018,NGDPD,26312000000.0
Zambia,2019,NGDPD,23309000000.0
Zambia,2020,NGDPD,18138000000.0
Zambia,2021,NGDPD,22096000000.0
Zambia,2022,NGDPD,29164000000.0
Zambia,2023,NGDPD,27578000000.0
Zambia,2024,NGDPD,26326000000.0
