,1990,1991,1992,1993,1994,1995,1996,1997,1998,1999,2000,2001,2002,2003,2004,2005,2006,2007,2008,2009,2010,2011,2012,2013,2014,2015,2016,2017,2018,2019,2020,2021,2022,2023,2024
World,"3,197","3,179","3,199","3,225","3,255","3,303","3,389","3,485","3,580","3,558","3,654","3,677","3,647","3,810","3,944","3,972","3,986","3,974","4,010","3,921","4,014","4,055","4,147","4,168","4,251","4,360","4,407","4,403","4,486","4,499","4,174","4,244","4,425","4,475","4,469"
OECD,921,942,958,966,"1,001","1,019","1,048","1,062","1,064","1,039","1,055","1,048","1,046","1,039","1,017",967,951,935,901,906,915,923,970,"1,027","1,112","1,159","1,125","1,160","1,267","1,344","1,299","1,307","1,355","1,431","1,465"
G7,615,615,617,617,639,644,646,649,648,632,626,615,617,606,587,557,559,563,550,567,582,593,647,709,799,853,831,883,"1,003","1,089","1,035","1,044","1,096","1,163","1,204"
BRICS,729,676,602,560,532,526,540,546,551,558,587,614,658,704,748,770,789,805,811,822,858,870,881,884,904,926,928,924,927,942,908,919,946,959,946
Europe,221,231,247,260,302,315,332,331,328,334,339,330,325,311,297,275,254,241,229,218,201,184,169,160,160,169,170,168,167,162,172,164,154,157,153
European Union,40,39,39,39,40,40,39,40,40,41,44,42,47,47,47,46,43,41,39,36,34,32,31,31,30,30,27,27,26,25,23,22,20,20,19
Belgium,0,0,0,0,0,0,0,0,0,0,0,0,0,0,0,0,0,0,0,0,0,0,0,0,0,0,0,0,0,0,0,0,0,0,0
Czechia,0,0,0,0,0,0,0,0,0,0,0,0,0,0,1,1,0,0,0,0,0,0,0,0,0,0,0,0,0,0,0,0,0,0,0
Denmark,6,7,8,8,9,9,10,11,11,14,18,17,18,18,19,19,17,15,14,13,12,11,10,9,8,8,7,7,6,5,4,3,3,3,3
France,3,4,4,3,3,3,3,2,2,2,2,2,2,2,2,1,1,1,1,1,1,1,1,1,1,1,1,1,1,1,1,1,1,1,1
Germany,6,5,4,4,4,4,4,4,4,4,4,4,5,5,5,5,5,5,5,4,4,4,4,4,3,4,4,4,4,3,3,3,3,3,3
Italy,5,4,5,5,5,5,6,6,6,5,5,4,6,6,6,6,6,7,6,5,6,6,6,6,6,6,4,4,5,5,6,5,5,6,5
Netherlands,4,4,4,4,5,4,3,3,3,3,3,2,3,3,3,2,2,3,2,2,2,2,2,2,2,2,2,1,1,1,1,1,1,1,1
Poland,0,0,0,0,0,0,0,0,1,1,1,1,1,1,1,1,1,1,1,1,1,1,1,2,1,2,2,2,2,2,1,1,1,1,1
Portugal,0,0,0,0,0,0,0,0,0,0,0,0,0,0,0,0,0,0,0,0,0,0,0,0,0,0,0,0,0,0,0,0,0,0,0
Romania,8,7,7,7,7,7,7,7,7,6,6,6,7,7,6,6,6,5,5,5,4,4,4,4,4,4,4,4,4,4,4,3,3,3,3
Spain,1,1,1,1,1,1,1,0,1,0,0,0,0,0,0,0,0,0,0,0,0,0,0,0,0,0,0,0,0,0,0,0,0,0,0
Sweden,0,0,0,0,0,0,0,0,0,0,0,0,0,0,0,0,0,0,0,0,0,0,0,0,0,0,0,0,0,0,0,0,0,0,0
United Kingdom,93,92,95,101,128,132,131,129,134,139,130,121,116,106,95,85,77,77,72,69,63,52,45,41,40,46,48,47,51,53,49,41,38,34,31
Norway,82,94,107,114,129,139,157,157,150,149,161,163,158,154,152,141,131,120,115,110,100,94,88,83,84,88,90,89,84,79,93,95,90,96,95
Turkey,4,4,4,4,4,4,4,3,3,3,3,3,2,2,2,2,2,2,2,2,3,2,3,3,3,3,3,3,3,4,4,4,4,5,6
CIS,577,524,449,400,364,352,355,359,360,369,392,422,463,510,556,573,595,619,623,639,655,659,664,670,673,681,691,694,708,712,660,674,686,676,658
Azerbaijan,13,12,12,11,10,9,9,9,12,14,14,15,15,16,16,22,33,43,45,50,51,46,43,44,42,42,41,39,39,38,35,35,33,30,29
Kazakhstan,26,27,24,21,21,21,23,26,26,30,35,40,47,51,59,61,65,67,71,76,80,80,79,82,81,79,78,86,90,91,86,87,86,90,88
Russia,524,470,398,353,318,305,305,304,301,303,322,346,377,419,456,466,476,488,486,491,504,512,521,524,529,539,553,550,560,566,521,534,549,538,524
Uzbekistan,3,3,3,4,6,7,7,8,8,8,8,7,7,8,7,6,6,5,5,5,4,4,3,3,3,3,3,3,3,3,3,3,3,2,2
America,886,906,913,920,925,946,975,"1,005","1,020",991,"1,008","1,021","1,015","1,017","1,031","1,022","1,030","1,016","1,004","1,011","1,038","1,069","1,127","1,194","1,289","1,328","1,279","1,304","1,383","1,447","1,374","1,390","1,470","1,574","1,621"
North America,505,505,504,498,493,494,496,500,495,474,478,477,481,479,472,451,462,466,458,481,501,524,586,652,743,792,769,822,937,"1,023",971,989,"1,045","1,114","1,158"
Canada,92,92,97,102,106,111,114,119,125,120,125,127,133,141,146,141,158,162,159,158,167,177,191,203,219,225,224,247,265,275,263,278,287,292,303
United States,413,413,407,396,387,383,382,381,370,354,353,350,348,338,326,310,304,304,299,323,334,347,396,449,524,567,545,575,672,748,707,712,758,822,855
Latin America,381,401,409,422,433,452,479,504,525,517,530,544,533,538,559,571,568,550,545,530,538,546,540,541,546,536,510,482,446,425,404,401,425,460,463
Argentina,26,26,30,32,35,37,42,44,44,43,41,43,42,41,39,38,38,37,36,36,35,33,32,31,31,31,30,28,29,30,29,30,34,37,40
Brazil,32,32,32,33,35,36,40,44,51,57,65,68,75,78,78,86,90,93,96,103,108,112,110,108,122,131,135,141,138,149,157,153,160,179,177
Chile,1,1,1,1,1,1,1,0,0,0,0,0,0,0,0,0,0,1,1,1,1,1,0,1,0,0,0,0,0,0,0,0,0,0,0
Colombia,22,22,23,24,24,31,33,34,37,40,36,31,30,28,27,27,27,27,30,34,40,46,48,52,53,54,47,46,46,47,42,39,40,42,41
Mexico,151,158,158,159,159,154,161,169,173,167,169,176,179,190,191,188,183,173,157,146,145,143,143,141,136,127,121,109,102,95,95,95,96,99,93
Asia,298,312,311,312,321,329,339,345,353,350,345,350,350,356,360,358,359,364,366,367,384,378,384,383,385,392,371,361,355,348,343,341,335,340,344
ASEAN,118,130,130,130,133,135,135,136,144,143,134,139,135,138,134,129,124,127,125,128,128,122,124,120,120,125,118,117,114,109,103,97,86,85,85
China,138,141,142,145,146,150,157,161,161,160,163,164,167,170,176,181,185,186,190,189,203,203,207,210,211,215,200,192,189,191,195,199,205,209,213
India,35,33,30,29,33,35,37,37,37,37,36,36,37,37,38,36,38,39,38,39,42,43,42,42,41,41,41,41,39,37,35,34,33,33,32
Indonesia,74,83,79,78,78,79,77,78,80,77,67,68,59,58,54,50,48,51,49,54,53,49,48,46,45,45,41,43,42,40,42,40,34,33,32
Japan,4,5,5,6,6,6,7,7,8,7,7,7,7,8,7,8,7,7,7,6,7,6,5,5,5,5,5,5,5,5,4,4,4,6,7
Malaysia,30,31,32,32,33,36,36,35,38,35,33,36,38,40,38,36,34,35,35,33,34,30,31,30,31,33,35,34,34,31,28,26,25,25,24
Philippines,0,0,0,0,0,0,0,0,0,0,0,0,1,0,0,1,1,1,1,1,1,1,1,1,1,1,1,1,1,0,0,0,0,0,0
South Korea,0,0,0,0,0,0,0,0,0,0,1,1,1,0,0,1,1,1,1,1,1,1,1,1,1,1,1,1,1,1,1,1,1,1,1
Singapore,n.a.,n.a.,n.a.,n.a.,n.a.,n.a.,n.a.,n.a.,n.a.,n.a.,n.a.,n.a.,n.a.,n.a.,n.a.,n.a.,n.a.,n.a.,n.a.,n.a.,n.a.,n.a.,n.a.,n.a.,n.a.,n.a.,n.a.,n.a.,n.a.,n.a.,n.a.,n.a.,n.a.,n.a.,n.a.
Taiwan,0,0,0,0,0,0,0,0,0,0,0,0,0,0,0,0,0,0,0,0,0,0,0,0,0,0,0,0,0,1,1,1,1,1,1
Thailand,3,3,4,4,4,3,4,5,5,5,7,7,8,10,10,11,12,13,14,14,17,17,19,19,18,19,20,19,19,19,17,16,12,12,14
Vietnam,3,4,6,6,7,8,9,10,13,15,17,17,17,18,21,19,17,16,15,17,15,15,17,17,18,19,16,14,12,11,9,9,10,10,11
Pacific,35,35,35,35,33,34,34,33,36,30,38,38,36,34,30,28,26,29,28,28,27,26,25,22,21,21,20,17,16,18,22,20,20,18,17
Australia,27,28,27,27,25,27,26,27,29,24,32,33,31,31,27,24,22,25,23,23,24,23,22,19,18,17,17,15,14,16,20,18,18,16,15
New Zealand,3,3,3,3,2,2,2,3,2,2,2,2,2,1,1,1,1,2,3,3,3,2,2,2,2,2,2,2,1,1,1,1,1,1,1
Africa,320,336,335,333,334,345,364,382,382,384,385,400,391,427,466,490,485,498,500,482,497,422,454,417,394,391,367,392,398,408,325,348,329,336,332
Algeria,60,60,57,58,58,59,62,64,67,80,68,81,86,93,97,100,86,86,84,78,74,72,68,65,69,68,69,67,66,65,58,59,63,60,56
Egypt,46,47,48,47,47,47,45,45,45,43,42,38,35,36,33,31,31,33,35,34,35,34,35,35,35,35,32,34,34,34,33,31,31,31,29
Nigeria,88,92,96,97,96,98,108,117,111,107,115,121,104,118,127,129,122,114,109,109,127,123,121,110,110,106,92,93,96,101,78,73,60,64,68
South Africa,0,0,0,0,0,0,0,1,1,1,1,1,1,1,0,0,0,0,0,0,1,1,0,0,0,0,0,0,0,0,0,0,0,0,0
Middle-East,861,835,909,965,975,983,990,"1,031","1,102","1,099","1,147","1,115","1,068","1,154","1,204","1,226","1,237","1,207","1,260","1,176","1,211","1,318","1,325","1,321","1,329","1,380","1,509","1,468","1,460","1,401","1,278","1,307","1,431","1,375","1,345"
Iran,156,168,174,183,181,183,184,181,183,203,212,202,201,221,224,216,218,219,216,212,215,213,160,160,163,162,214,220,184,140,119,142,151,169,190
Kuwait,62,9,55,98,105,106,106,106,108,99,103,101,91,109,119,133,136,133,138,117,121,139,156,155,152,152,158,146,148,144,132,129,144,142,132
Qatar,20,20,23,21,21,21,21,29,34,33,35,38,41,46,46,48,52,55,63,61,69,75,79,80,82,81,80,76,76,72,73,72,74,75,76
Saudi Arabia,339,430,444,441,436,438,440,441,457,422,440,427,421,478,490,514,506,486,507,457,461,520,547,536,542,566,586,564,583,567,520,530,583,529,494
United Arab Emirates,106,114,110,110,110,109,110,113,115,116,123,121,105,119,130,133,142,140,142,130,142,157,166,174,170,185,191,178,179,182,169,169,190,182,181