,sigma_lcl,indebtness,OVX,lambda,V,sigma_total,DD,spread_bps,converged
0,0.01,0.5,15,6.11,138.69,0.0462,12.2361,-0.0,True
1,0.01,0.5,35,11.63,138.45,0.0638,8.8216,-0.0,True
2,0.01,0.5,55,21.23,138.03,0.0862,6.471,0.0,True
3,0.01,0.5,80,41.17,137.46,0.12,4.5663,0.0,True
4,0.01,0.5,120,52.0,137.53,0.1349,4.0333,0.1,True
5,0.01,0.75,15,6.11,158.12,0.0462,9.5821,-0.0,True
6,0.01,0.75,35,11.63,157.84,0.0638,6.898,0.0,True
7,0.01,0.75,55,21.23,157.35,0.0862,5.0468,0.0,True
8,0.01,0.75,80,41.17,156.61,0.12,3.5413,0.4,True
9,0.01,0.75,120,52.0,156.55,0.1349,3.1183,1.8,True
10,0.01,1.0,15,6.11,177.55,0.0462,7.9203,0.0,True
11,0.01,1.0,35,11.63,177.24,0.0638,5.6936,0.0,True
12,0.01,1.0,55,21.23,176.68,0.0862,4.155,0.0,True
13,0.01,1.0,80,41.17,175.76,0.12,2.8991,3.7,True
14,0.01,1.0,120,52.0,175.56,0.1349,2.5445,11.0,True
15,0.01,2.0,15,6.11,255.27,0.0462,4.7271,0.0,True
16,0.01,2.0,35,11.63,254.79,0.0638,3.3787,0.7,True
17,0.01,2.0,55,21.23,253.78,0.0862,2.4371,14.9,True
18,0.01,2.0,80,41.17,251.03,0.12,1.6444,102.7,True
19,0.01,2.0,120,52.0,249.55,0.1349,1.4121,164.5,True
20,0.01,3.0,15,6.11,332.97,0.0462,3.3753,0.7,True
21,0.01,3.0,35,11.63,332.08,0.0638,2.3936,16.8,True
22,0.01,3.0,55,21.23,329.64,0.0862,1.69,93.2,True
23,0.01,3.0,80,41.17,323.2,0.12,1.075,304.4,True
24,0.01,3.0,120,52.0,319.82,0.1349,0.8903,413.2,True
25,0.01,5.0,15,6.11,487.73,0.0462,2.1263,33.8,True
26,0.01,5.0,35,11.63,484.28,0.0638,1.4573,150.6,True
27,0.01,5.0,55,21.23,476.08,0.0862,0.9467,377.2,True
28,0.01,5.0,80,41.17,459.17,0.12,0.48,758.4,True
29,0.01,5.0,120,52.0,451.34,0.1349,0.3387,915.9,True
30,0.01,7.0,15,6.11,640.45,0.0462,1.5066,136.5,True
31,0.01,7.0,35,11.63,632.54,0.0638,0.9709,362.5,True
32,0.01,7.0,55,21.23,617.12,0.0862,0.5471,691.1,True
33,0.01,7.0,80,41.17,588.83,0.12,0.153,1156.8,True
34,0.01,7.0,120,52.0,575.25,0.1349,0.0273,1343.1,True
35,0.01,10.0,15,6.11,866.25,0.0462,0.9775,358.6,True
36,0.01,10.0,35,11.63,849.92,0.0638,0.5413,696.7,True
37,0.01,10.0,55,21.23,822.52,0.0862,0.1871,1109.5,True
38,0.01,10.0,80,41.17,773.04,0.12,-0.1618,1661.5,True
39,0.01,10.0,120,52.0,751.67,0.1349,-0.2684,1861.7,True
40,0.05,0.5,15,6.11,138.88,0.0462,12.2489,-0.0,True
41,0.05,0.5,35,11.63,138.7,0.0638,8.8343,-0.0,True
42,0.05,0.5,55,21.23,138.36,0.0862,6.4837,0.0,True
43,0.05,0.5,80,41.17,137.93,0.12,4.579,0.0,True
44,0.05,0.5,120,52.0,138.06,0.1349,4.0461,0.1,True
45,0.05,0.75,15,6.11,158.31,0.0462,9.5933,-0.0,True
46,0.05,0.75,35,11.63,158.09,0.0638,6.9092,0.0,True
47,0.05,0.75,55,21.23,157.69,0.0862,5.058,0.0,True
48,0.05,0.75,80,41.17,157.08,0.12,3.5525,0.4,True
49,0.05,0.75,120,52.0,157.08,0.1349,3.1295,1.8,True
50,0.05,1.0,15,6.11,177.74,0.0462,7.9302,0.0,True
51,0.05,1.0,35,11.63,177.49,0.0638,5.7035,0.0,True
52,0.05,1.0,55,21.23,177.02,0.0862,4.165,0.0,True
53,0.05,1.0,80,41.17,176.23,0.12,2.9091,3.6,True
54,0.05,1.0,120,52.0,176.09,0.1349,2.5545,10.7,True
55,0.05,2.0,15,6.11,255.45,0.0462,4.734,0.0,True
56,0.05,2.0,35,11.63,255.04,0.0638,3.3857,0.7,True
57,0.05,2.0,55,21.23,254.15,0.0862,2.4446,14.6,True
58,0.05,2.0,80,41.17,251.64,0.12,1.6534,100.7,True
59,0.05,2.0,120,52.0,250.28,0.1349,1.4218,161.4,True
60,0.05,3.0,15,6.11,333.16,0.0462,3.3807,0.7,True
61,0.05,3.0,35,11.63,332.37,0.0638,2.3997,16.5,True
62,0.05,3.0,55,21.23,330.12,0.0862,1.6977,91.6,True
63,0.05,3.0,80,41.17,324.03,0.12,1.0846,299.4,True
64,0.05,3.0,120,52.0,320.81,0.1349,0.9006,406.4,True
65,0.05,5.0,15,6.11,487.99,0.0462,2.1314,33.3,True
66,0.05,5.0,35,11.63,484.76,0.0638,1.4643,148.5,True
67,0.05,5.0,55,21.23,477.23,0.0862,0.9591,369.7,True
68,0.05,5.0,80,41.17,460.58,0.12,0.4915,746.6,True
69,0.05,5.0,120,52.0,452.95,0.1349,0.3505,901.9,True
70,0.05,7.0,15,6.11,640.91,0.0462,1.5136,134.6,True
71,0.05,7.0,35,11.63,633.33,0.0638,0.9797,357.4,True
72,0.05,7.0,55,21.23,618.41,0.0862,0.558,680.6,True
73,0.05,7.0,80,41.17,590.69,0.12,0.1648,1140.3,True
74,0.05,7.0,120,52.0,577.44,0.1349,0.0399,1323.6,True
75,0.05,10.0,15,6.11,867.15,0.0462,0.9876,352.7,True
76,0.05,10.0,35,11.63,851.12,0.0638,0.5512,687.1,True
77,0.05,10.0,55,21.23,824.28,0.0862,0.1982,1094.4,True
78,0.05,10.0,80,41.17,775.76,0.12,-0.1487,1638.0,True
79,0.05,10.0,120,52.0,755.23,0.1349,-0.2527,1831.3,True
80,0.1,0.5,15,6.11,138.94,0.0722,7.793,0.0,True
81,0.1,0.5,35,11.63,138.94,0.0725,7.7659,0.0,True
82,0.1,0.5,55,21.23,138.79,0.0862,6.4996,0.0,True
83,0.1,0.5,80,41.17,138.52,0.12,4.5949,0.0,True
84,0.1,0.5,120,52.0,138.73,0.1349,4.062,0.0,True
85,0.1,0.75,15,6.11,158.41,0.0634,6.9623,0.0,True
86,0.1,0.75,35,11.63,158.41,0.0638,6.9231,0.0,True
87,0.1,0.75,55,21.23,158.12,0.0862,5.0719,0.0,True
88,0.1,0.75,80,41.17,157.67,0.12,3.5664,0.4,True
89,0.1,0.75,120,52.0,157.74,0.1349,3.1435,1.7,True
90,0.1,1.0,15,6.11,177.88,0.0566,6.4664,0.0,True
91,0.1,1.0,35,11.63,177.8,0.0638,5.7159,0.0,True
92,0.1,1.0,55,21.23,177.44,0.0862,4.1774,0.0,True
93,0.1,1.0,80,41.17,176.82,0.12,2.9215,3.5,True
94,0.1,1.0,120,52.0,176.76,0.1349,2.567,10.3,True
95,0.1,2.0,15,6.11,255.68,0.0462,4.7427,0.0,True
96,0.1,2.0,35,11.63,255.36,0.0638,3.3946,0.7,True
97,0.1,2.0,55,21.23,254.61,0.0862,2.454,14.2,True
98,0.1,2.0,80,41.17,252.39,0.12,1.6645,98.4,True
99,0.1,2.0,120,52.0,251.29,0.1349,1.4352,157.2,True
100,0.1,3.0,15,6.11,333.39,0.0462,3.3875,0.7,True
101,0.1,3.0,35,11.63,332.73,0.0638,2.4073,16.1,True
102,0.1,3.0,55,21.23,330.73,0.0862,1.7072,89.8,True
103,0.1,3.0,80,41.17,325.07,0.12,1.0966,293.3,True
104,0.1,3.0,120,52.0,322.06,0.1349,0.9135,398.1,True
105,0.1,5.0,15,6.11,488.31,0.0462,2.1378,32.8,True
106,0.1,5.0,35,11.63,485.37,0.0638,1.4731,145.9,True
107,0.1,5.0,55,21.23,478.42,0.0862,0.9722,361.8,True
108,0.1,5.0,80,41.17,462.83,0.12,0.5096,728.1,True
109,0.1,5.0,120,52.0,455.12,0.1349,0.3663,883.4,True
110,0.1,7.0,15,6.11,641.48,0.0462,1.5222,132.2,True
111,0.1,7.0,35,11.63,634.32,0.0638,0.9906,351.0,True
112,0.1,7.0,55,21.23,620.69,0.0862,0.577,662.5,True
113,0.1,7.0,80,41.17,593.02,0.12,0.1794,1120.1,True
114,0.1,7.0,120,52.0,580.46,0.1349,0.0573,1297.0,True
115,0.1,10.0,15,6.11,868.39,0.0462,1.0017,344.6,True
116,0.1,10.0,35,11.63,852.62,0.0638,0.5635,675.2,True
117,0.1,10.0,55,21.23,826.49,0.0862,0.2121,1075.7,True
118,0.1,10.0,80,41.17,779.68,0.12,-0.13,1604.6,True
119,0.1,10.0,120,52.0,759.63,0.1349,-0.2335,1794.4,True
120,0.15,0.5,15,6.11,138.94,0.1081,5.1394,0.0,True
121,0.15,0.5,35,11.63,138.94,0.1083,5.1312,0.0,True
122,0.15,0.5,55,21.23,138.95,0.1086,5.1169,0.0,True
123,0.15,0.5,80,41.17,139.11,0.12,4.6107,0.0,True
124,0.15,0.5,120,52.0,139.39,0.1349,4.0779,0.0,True
125,0.15,0.75,15,6.11,158.41,0.0949,4.5955,0.0,True
126,0.15,0.75,35,11.63,158.41,0.0951,4.586,0.0,True
127,0.15,0.75,55,21.23,158.41,0.0954,4.5694,0.0,True
128,0.15,0.75,80,41.17,158.26,0.12,3.5803,0.3,True
129,0.15,0.75,120,52.0,158.41,0.1349,3.1574,1.6,True
130,0.15,1.0,15,6.11,177.88,0.0846,4.2736,0.0,True
131,0.15,1.0,35,11.63,177.88,0.0848,4.2624,0.0,True
132,0.15,1.0,55,21.23,177.87,0.0862,4.1898,0.0,True
133,0.15,1.0,80,41.17,177.41,0.12,2.9339,3.4,True
134,0.15,1.0,120,52.0,177.42,0.1349,2.5794,9.9,True
135,0.15,2.0,15,6.11,255.76,0.059,3.6935,0.2,True
136,0.15,2.0,35,11.63,255.68,0.0638,3.4033,0.7,True
137,0.15,2.0,55,21.23,255.06,0.0862,2.4633,13.8,True
138,0.15,2.0,80,41.17,253.14,0.12,1.6756,96.1,True
139,0.15,2.0,120,52.0,252.18,0.1349,1.4469,153.7,True
140,0.15,3.0,15,6.11,333.62,0.0462,3.3943,0.7,True
141,0.15,3.0,35,11.63,333.09,0.0638,2.4149,15.8,True
142,0.15,3.0,55,21.23,331.33,0.0862,1.7167,87.9,True
143,0.15,3.0,80,41.17,326.11,0.12,1.1085,287.3,True
144,0.15,3.0,120,52.0,323.39,0.1349,0.9271,389.5,True
145,0.15,5.0,15,6.11,488.63,0.0462,2.1442,32.3,True
146,0.15,5.0,35,11.63,485.97,0.0638,1.4818,143.4,True
147,0.15,5.0,55,21.23,479.43,0.0862,0.9831,355.3,True
148,0.15,5.0,80,41.17,464.48,0.12,0.5229,714.8,True
149,0.15,5.0,120,52.0,457.4,0.1349,0.3829,864.3,True
150,0.15,7.0,15,6.11,642.25,0.0462,1.5338,129.2,True
151,0.15,7.0,35,11.63,635.3,0.0638,1.0015,344.7,True
152,0.15,7.0,55,21.23,622.15,0.0862,0.5892,651.1,True
153,0.15,7.0,80,41.17,595.34,0.12,0.194,1100.1,True
154,0.15,7.0,120,52.0,583.55,0.1349,0.0749,1270.4,True
155,0.15,10.0,15,6.11,869.22,0.0462,1.0109,339.3,True
156,0.15,10.0,35,11.63,854.12,0.0638,0.5758,663.6,True
157,0.15,10.0,55,21.23,828.7,0.0862,0.226,1057.3,True
158,0.15,10.0,80,41.17,783.44,0.12,-0.112,1573.2,True
159,0.15,10.0,120,52.0,763.21,0.1349,-0.2178,1764.8,True
160,0.2,0.5,15,6.11,138.94,0.1441,3.7869,0.2,True
161,0.2,0.5,35,11.63,138.94,0.1442,3.7834,0.2,True
162,0.2,0.5,55,21.23,138.95,0.1444,3.7772,0.2,True
163,0.2,0.5,80,41.17,139.28,0.1452,3.7645,0.2,True
164,0.2,0.5,120,52.0,139.85,0.1458,3.7588,0.2,True
165,0.2,0.75,15,6.11,158.41,0.1264,3.3878,0.7,True
166,0.2,0.75,35,11.63,158.41,0.1266,3.3836,0.7,True
167,0.2,0.75,55,21.23,158.41,0.1268,3.3763,0.7,True
168,0.2,0.75,80,41.17,158.7,0.1276,3.3598,0.8,True
169,0.2,0.75,120,52.0,159.07,0.1349,3.1713,1.5,True
170,0.2,1.0,15,6.11,177.88,0.1127,3.1528,1.6,True
171,0.2,1.0,35,11.63,177.88,0.1128,3.1478,1.6,True
172,0.2,1.0,55,21.23,177.88,0.1131,3.1392,1.7,True
173,0.2,1.0,80,41.17,178.0,0.12,2.9462,3.2,True
174,0.2,1.0,120,52.0,178.09,0.1349,2.5918,9.6,True
175,0.2,2.0,15,6.11,255.73,0.0786,2.7321,6.3,True
176,0.2,2.0,35,11.63,255.73,0.0789,2.7224,6.5,True
177,0.2,2.0,55,21.23,255.52,0.0862,2.4726,13.5,True
178,0.2,2.0,80,41.17,253.93,0.12,1.6872,93.7,True
179,0.2,2.0,120,52.0,253.06,0.1349,1.4585,150.2,True
180,0.2,3.0,15,6.11,333.57,0.0606,2.5613,10.5,True
181,0.2,3.0,35,11.63,333.46,0.0638,2.4225,15.5,True
182,0.2,3.0,55,21.23,331.94,0.0862,1.7262,86.1,True
183,0.2,3.0,80,41.17,327.15,0.12,1.1204,281.5,True
184,0.2,3.0,120,52.0,324.71,0.1349,0.9407,381.0,True
185,0.2,5.0,15,6.11,488.95,0.0462,2.1505,31.8,True
186,0.2,5.0,35,11.63,486.58,0.0638,1.4906,140.9,True
187,0.2,5.0,55,21.23,480.44,0.0862,0.994,349.0,True
188,0.2,5.0,80,41.17,466.14,0.12,0.5361,701.8,True
189,0.2,5.0,120,52.0,459.29,0.1349,0.3966,848.8,True
190,0.2,7.0,15,6.11,642.73,0.0462,1.541,127.3,True
191,0.2,7.0,35,11.63,636.29,0.0638,1.0123,338.5,True
192,0.2,7.0,55,21.23,623.61,0.0862,0.6014,639.8,True
193,0.2,7.0,80,41.17,597.67,0.12,0.2085,1080.5,True
194,0.2,7.0,120,52.0,586.12,0.1349,0.0894,1248.6,True
195,0.2,10.0,15,6.11,870.05,0.0462,1.0201,334.1,True
196,0.2,10.0,35,11.63,855.61,0.0638,0.5881,652.1,True
197,0.2,10.0,55,21.23,830.91,0.0862,0.2398,1039.2,True
198,0.2,10.0,80,41.17,786.58,0.12,-0.0971,1547.4,True
199,0.2,10.0,120,52.0,766.8,0.1349,-0.2023,1735.7,True
200,0.25,0.5,15,6.11,138.93,0.1801,2.9567,3.1,True
201,0.25,0.5,35,11.63,138.93,0.1802,2.9548,3.1,True
202,0.25,0.5,55,21.23,138.94,0.1804,2.9515,3.2,True
203,0.25,0.5,80,41.17,139.28,0.1811,2.945,3.2,True
204,0.25,0.5,120,52.0,139.85,0.1818,2.9425,3.3,True
205,0.25,0.75,15,6.11,158.39,0.1582,2.6433,8.2,True
206,0.25,0.75,35,11.63,158.39,0.1583,2.6411,8.3,True
207,0.25,0.75,55,21.23,158.39,0.1585,2.6371,8.4,True
208,0.25,0.75,80,41.17,158.69,0.1593,2.6287,8.6,True
209,0.25,0.75,120,52.0,159.2,0.16,2.6243,8.7,True
210,0.25,1.0,15,6.11,177.83,0.1411,2.4586,14.0,True
211,0.25,1.0,35,11.63,177.83,0.1413,2.4559,14.1,True
212,0.25,1.0,55,21.23,177.83,0.1415,2.451,14.3,True
213,0.25,1.0,80,41.17,178.1,0.1422,2.4416,14.7,True
214,0.25,1.0,120,52.0,178.56,0.1429,2.4374,14.8,True
215,0.25,2.0,15,6.11,255.56,0.099,2.1258,33.8,True
216,0.25,2.0,35,11.63,255.55,0.0993,2.1199,34.3,True
217,0.25,2.0,55,21.23,255.53,0.0997,2.1097,35.2,True
218,0.25,2.0,80,41.17,254.66,0.12,1.6979,91.6,True
219,0.25,2.0,120,52.0,253.95,0.1349,1.4701,146.8,True
220,0.25,3.0,15,6.11,333.28,0.0766,1.9894,47.2,True
221,0.25,3.0,35,11.63,333.25,0.0769,1.9782,48.5,True
222,0.25,3.0,55,21.23,332.56,0.0862,1.7359,84.3,True
223,0.25,3.0,80,41.17,328.27,0.12,1.1331,275.3,True
224,0.25,3.0,120,52.0,325.9,0.1349,0.9528,373.5,True
225,0.25,5.0,15,6.11,488.73,0.0531,1.8529,64.9,True
226,0.25,5.0,35,11.63,487.18,0.0638,1.4993,138.5,True
227,0.25,5.0,55,21.23,481.45,0.0862,1.0049,342.7,True
228,0.25,5.0,80,41.17,467.79,0.12,0.5493,688.9,True
229,0.25,5.0,120,52.0,461.19,0.1349,0.4103,833.5,True
230,0.25,7.0,15,6.11,643.21,0.0462,1.5483,125.4,True
231,0.25,7.0,35,11.63,637.35,0.0638,1.0239,332.0,True
232,0.25,7.0,55,21.23,625.07,0.0862,0.6136,628.8,True
233,0.25,7.0,80,41.17,600.3,0.12,0.2248,1058.8,True
234,0.25,7.0,120,52.0,588.68,0.1349,0.1039,1227.3,True
235,0.25,10.0,15,6.11,870.88,0.0462,1.0293,328.9,True
236,0.25,10.0,35,11.63,857.11,0.0638,0.6004,640.8,True
237,0.25,10.0,55,21.23,833.12,0.0862,0.2536,1021.4,True
238,0.25,10.0,80,41.17,789.72,0.12,-0.0823,1521.9,True
239,0.25,10.0,120,52.0,770.76,0.1349,-0.1852,1704.2,True
240,0.3,0.5,15,6.11,138.89,0.2165,2.3843,17.2,True
241,0.3,0.5,35,11.63,138.89,0.2166,2.3832,17.2,True
242,0.3,0.5,55,21.23,138.9,0.2168,2.3811,17.3,True
243,0.3,0.5,80,41.17,139.24,0.2174,2.3776,17.5,True
244,0.3,0.5,120,52.0,139.82,0.2181,2.3769,17.5,True
245,0.3,0.75,15,6.11,158.28,0.1907,2.1249,33.9,True
246,0.3,0.75,35,11.63,158.28,0.1908,2.1235,34.0,True
247,0.3,0.75,55,21.23,158.28,0.191,2.1209,34.2,True
248,0.3,0.75,80,41.17,158.59,0.1917,2.1161,34.6,True
249,0.3,0.75,120,52.0,159.12,0.1924,2.1145,34.8,True
250,0.3,1.0,15,6.11,177.64,0.1706,1.9708,49.4,True
251,0.3,1.0,35,11.63,177.63,0.1707,1.969,49.6,True
252,0.3,1.0,55,21.23,177.63,0.171,1.9659,49.9,True
253,0.3,1.0,80,41.17,177.92,0.1717,1.9602,50.6,True
254,0.3,1.0,120,52.0,178.41,0.1723,1.9588,50.8,True
255,0.3,2.0,15,6.11,255.03,0.1209,1.6892,93.3,True
256,0.3,2.0,35,11.63,255.02,0.1211,1.6853,94.1,True
257,0.3,2.0,55,21.23,254.99,0.1215,1.6784,95.5,True
258,0.3,2.0,80,41.17,255.24,0.1223,1.6687,97.5,True
259,0.3,2.0,120,52.0,254.83,0.1349,1.4816,143.5,True
260,0.3,3.0,15,6.11,332.48,0.0941,1.5723,119.4,True
261,0.3,3.0,35,11.63,332.44,0.0944,1.5648,121.2,True
262,0.3,3.0,55,21.23,332.35,0.095,1.5519,124.5,True
263,0.3,3.0,80,41.17,329.26,0.12,1.1443,269.9,True
264,0.3,3.0,120,52.0,327.1,0.1349,0.9649,366.1,True
265,0.3,5.0,15,6.11,487.54,0.0657,1.4567,150.7,True
266,0.3,5.0,35,11.63,487.35,0.0664,1.4368,156.7,True
267,0.3,5.0,55,21.23,482.45,0.0862,1.0157,336.6,True
268,0.3,5.0,80,41.17,469.51,0.12,0.5629,675.8,True
269,0.3,5.0,120,52.0,463.08,0.1349,0.4239,818.4,True
270,0.3,7.0,15,6.11,642.64,0.051,1.3848,173.4,True
271,0.3,7.0,35,11.63,638.35,0.0638,1.035,325.9,True
272,0.3,7.0,55,21.23,626.53,0.0862,0.6257,617.8,True
273,0.3,7.0,80,41.17,602.61,0.12,0.2392,1039.9,True
274,0.3,7.0,120,52.0,591.39,0.1349,0.1191,1205.2,True
275,0.3,10.0,15,6.11,871.71,0.0462,1.0386,323.9,True
276,0.3,10.0,35,11.63,858.61,0.0638,0.6126,629.6,True
277,0.3,10.0,55,21.23,835.33,0.0862,0.2673,1003.8,True
278,0.3,10.0,80,41.17,792.86,0.12,-0.0675,1496.9,True
279,0.3,10.0,120,52.0,774.49,0.1349,-0.1692,1674.9,True
