type_code,freq_code,ref_period_id,ref_year,ref_month,period,reporter_code,reporter_iso,reporter_desc,flow_code,flow_desc,partner_code,partner_iso,partner_desc,partner2code,partner2iso,partner2desc,classification_code,classification_search_code,is_original_classification,cmd_code,cmd_desc,aggr_level,is_leaf,customs_code,customs_desc,mos_code,mot_code,mot_desc,qty_unit_code,qty_unit_abbr,qty,is_qty_estimated,alt_qty_unit_code,alt_qty_unit_abbr,alt_qty,is_alt_qty_estimated,net_wgt,is_net_wgt_estimated,gross_wgt,is_gross_wgt_estimated,cifvalue,fobvalue,primary_value,legacy_estimation_flag,is_reported,is_aggregate,query_type
C,A,20090101,2009,52,2009,24,AGO,Angola,X,Export,0,W00,World,0,W00,World,H3,HS,TRUE,TOTAL,All Commodities,0,FALSE,C00,TOTAL CPC,0,0,TOTAL MOT,-1,N/A,,FALSE,-1,N/A,,FALSE,,FALSE,,FALSE,,40639411732,40639411732,0,TRUE,FALSE,TOTAL
C,A,20090101,2009,52,2009,32,ARG,Argentina,X,Export,0,W00,World,0,W00,World,H3,HS,TRUE,TOTAL,All Commodities,0,FALSE,C00,TOTAL CPC,0,0,TOTAL MOT,-1,N/A,,FALSE,-1,N/A,,FALSE,,FALSE,,FALSE,,55672118600,55672118600,0,TRUE,FALSE,TOTAL
C,A,20090101,2009,52,2009,48,BHR,Bahrain,X,Export,0,W00,World,0,W00,World,H3,HS,TRUE,TOTAL,All Commodities,0,FALSE,C00,TOTAL CPC,0,0,TOTAL MOT,-1,N/A,,FALSE,-1,N/A,,FALSE,,FALSE,,FALSE,,8383999812,8383999812,0,TRUE,FALSE,TOTAL
C,A,20090101,2009,52,2009,76,BRA,Brazil,X,Export,0,W00,World,0,W00,World,H3,HS,TRUE,TOTAL,All Commodities,0,FALSE,C00,TOTAL CPC,0,0,TOTAL MOT,-1,N/A,0,FALSE,-1,N/A,0,FALSE,,FALSE,0,FALSE,,151791674186,151791674186,0,FALSE,TRUE,TOTAL
C,A,20090101,2009,52,2009,144,LKA,Sri Lanka,X,Export,0,W00,World,0,W00,World,H3,HS,TRUE,TOTAL,All Commodities,0,FALSE,C00,TOTAL CPC,0,0,TOTAL MOT,-1,N/A,,FALSE,-1,N/A,,FALSE,,FALSE,,FALSE,,7121490779,7121490779,0,TRUE,FALSE,TOTAL
C,A,20090101,2009,52,2009,152,CHL,Chile,X,Export,0,W00,World,0,W00,World,H3,HS,TRUE,TOTAL,All Commodities,0,FALSE,C00,TOTAL CPC,0,0,TOTAL MOT,-1,N/A,0,FALSE,-1,N/A,0,FALSE,0,TRUE,0,FALSE,0,55620204938.705,55620204938.705,4,FALSE,TRUE,TOTAL
C,A,20090101,2009,52,2009,170,COL,Colombia,X,Export,0,W00,World,0,W00,World,H3,HS,TRUE,TOTAL,All Commodities,0,FALSE,C00,TOTAL CPC,0,0,TOTAL MOT,-1,N/A,,FALSE,-1,N/A,,FALSE,,FALSE,,FALSE,,32852985837,32852985837,0,TRUE,FALSE,TOTAL
C,A,20090101,2009,52,2009,218,ECU,Ecuador,X,Export,0,W00,World,0,W00,World,H3,HS,TRUE,TOTAL,All Commodities,0,FALSE,C00,TOTAL CPC,0,0,TOTAL MOT,-1,N/A,,FALSE,-1,N/A,,FALSE,,FALSE,,FALSE,,13863049882,13863049882,0,TRUE,FALSE,TOTAL
C,A,20090101,2009,52,2009,222,SLV,El Salvador,X,Export,0,W00,World,0,W00,World,H3,HS,TRUE,TOTAL,All Commodities,0,FALSE,C00,TOTAL CPC,0,0,TOTAL MOT,-1,N/A,0,FALSE,-1,N/A,0,FALSE,0,TRUE,0,FALSE,0,3866080098.33,3866080098.33,4,FALSE,TRUE,TOTAL
C,A,20090101,2009,52,2009,348,HUN,Hungary,X,Export,0,W00,World,0,W00,World,H3,HS,TRUE,TOTAL,All Commodities,0,FALSE,C00,TOTAL CPC,0,0,TOTAL MOT,-1,N/A,,FALSE,-1,N/A,,FALSE,,FALSE,,FALSE,,82571847000,82571847000,0,TRUE,FALSE,TOTAL
C,A,20090101,2009,52,2009,360,IDN,Indonesia,X,Export,0,W00,World,0,W00,World,H1,HS,TRUE,TOTAL,All Commodities,0,FALSE,C00,TOTAL CPC,0,0,TOTAL MOT,-1,N/A,,FALSE,-1,N/A,,FALSE,,FALSE,,FALSE,,116509991781,116509991781,0,FALSE,FALSE,TOTAL
C,A,20090101,2009,52,2009,384,CIV,Côte d'Ivoire,X,Export,0,W00,World,0,W00,World,H3,HS,TRUE,TOTAL,All Commodities,0,FALSE,C00,TOTAL CPC,0,0,TOTAL MOT,-1,N/A,0,FALSE,-1,N/A,0,FALSE,0,TRUE,0,FALSE,,10305617950.786,10305617950.786,4,FALSE,TRUE,TOTAL
C,A,20090101,2009,52,2009,398,KAZ,Kazakhstan,X,Export,0,W00,World,0,W00,World,H3,HS,TRUE,TOTAL,All Commodities,0,FALSE,C00,TOTAL CPC,0,0,TOTAL MOT,-1,N/A,,FALSE,-1,N/A,,FALSE,,FALSE,,FALSE,,43195762042,43195762042,0,TRUE,FALSE,TOTAL
C,A,20090101,2009,52,2009,484,MEX,Mexico,X,Export,0,W00,World,0,W00,World,H3,HS,TRUE,TOTAL,All Commodities,0,FALSE,C00,TOTAL CPC,0,0,TOTAL MOT,-1,N/A,,FALSE,-1,N/A,,FALSE,,FALSE,,FALSE,,229712337305,229712337305,0,TRUE,FALSE,TOTAL
C,A,20090101,2009,52,2009,504,MAR,Morocco,X,Export,0,W00,World,0,W00,World,H2,HS,TRUE,TOTAL,All Commodities,0,FALSE,C00,TOTAL CPC,0,0,TOTAL MOT,-1,N/A,0,FALSE,-1,N/A,0,FALSE,0,TRUE,0,FALSE,0,14027368733.26,14027368733.26,4,FALSE,TRUE,TOTAL
C,A,20090101,2009,52,2009,566,NGA,Nigeria,X,Export,0,W00,World,0,W00,World,H3,HS,TRUE,TOTAL,All Commodities,0,FALSE,C00,TOTAL CPC,0,0,TOTAL MOT,-1,N/A,,FALSE,-1,N/A,,FALSE,,FALSE,,FALSE,,49937459606,49937459606,0,TRUE,FALSE,TOTAL
C,A,20090101,2009,52,2009,586,PAK,Pakistan,X,Export,0,W00,World,0,W00,World,H3,HS,TRUE,TOTAL,All Commodities,0,FALSE,C00,TOTAL CPC,0,0,TOTAL MOT,-1,N/A,,FALSE,-1,N/A,,FALSE,,FALSE,,FALSE,,17554698477,17554698477,0,TRUE,FALSE,TOTAL
C,A,20090101,2009,52,2009,591,PAN,Panama,X,Export,0,W00,World,0,W00,World,H3,HS,TRUE,TOTAL,All Commodities,0,FALSE,C00,TOTAL CPC,0,0,TOTAL MOT,-1,N/A,,FALSE,-1,N/A,,FALSE,,FALSE,,FALSE,,10716686967,10716686967,0,TRUE,FALSE,TOTAL
C,A,20090101,2009,52,2009,604,PER,Peru,X,Export,0,W00,World,0,W00,World,H3,HS,TRUE,TOTAL,All Commodities,0,FALSE,C00,TOTAL CPC,0,0,TOTAL MOT,-1,N/A,,FALSE,-1,N/A,,FALSE,,FALSE,,FALSE,,26738259539,26738259539,0,TRUE,FALSE,TOTAL
C,A,20090101,2009,52,2009,608,PHL,Philippines,X,Export,0,W00,World,0,W00,World,H2,HS,TRUE,TOTAL,All Commodities,0,FALSE,C00,TOTAL CPC,0,0,TOTAL MOT,-1,N/A,,FALSE,-1,N/A,,FALSE,,FALSE,,FALSE,,38435801947,38435801947,0,TRUE,FALSE,TOTAL
C,A,20090101,2009,52,2009,616,POL,Poland,X,Export,0,W00,World,0,W00,World,H3,HS,TRUE,TOTAL,All Commodities,0,FALSE,C00,TOTAL CPC,0,0,TOTAL MOT,-1,N/A,0,FALSE,-1,N/A,0,FALSE,0,TRUE,0,FALSE,0,136641304601,136641304601,4,FALSE,TRUE,TOTAL
C,A,20090101,2009,52,2009,634,QAT,Qatar,X,Export,0,W00,World,0,W00,World,H3,HS,TRUE,TOTAL,All Commodities,0,FALSE,C00,TOTAL CPC,0,0,TOTAL MOT,-1,N/A,,FALSE,-1,N/A,,FALSE,,FALSE,,FALSE,,48007107195,48007107195,0,TRUE,FALSE,TOTAL
C,A,20090101,2009,52,2009,642,ROU,Romania,X,Export,0,W00,World,0,W00,World,H3,HS,TRUE,TOTAL,All Commodities,0,FALSE,C00,TOTAL CPC,0,0,TOTAL MOT,-1,N/A,0,FALSE,-1,N/A,0,FALSE,0,TRUE,0,FALSE,0,40578773628.79,40578773628.79,4,FALSE,TRUE,TOTAL
C,A,20090101,2009,52,2009,682,SAU,Saudi Arabia,X,Export,0,W00,World,0,W00,World,H3,HS,TRUE,TOTAL,All Commodities,0,FALSE,C00,TOTAL CPC,0,0,TOTAL MOT,-1,N/A,,FALSE,-1,N/A,,FALSE,,FALSE,,FALSE,,191810272744,191810272744,0,TRUE,FALSE,TOTAL
C,A,20090101,2009,52,2009,686,SEN,Senegal,X,Export,0,W00,World,0,W00,World,H3,HS,TRUE,TOTAL,All Commodities,0,FALSE,C00,TOTAL CPC,0,0,TOTAL MOT,-1,N/A,,FALSE,-1,N/A,,FALSE,,FALSE,,FALSE,,2017385759,2017385759,0,TRUE,FALSE,TOTAL
C,A,20090101,2009,52,2009,704,VNM,Viet Nam,X,Export,0,W00,World,0,W00,World,H3,HS,TRUE,TOTAL,All Commodities,0,FALSE,C00,TOTAL CPC,0,0,TOTAL MOT,-1,N/A,,FALSE,-1,N/A,,FALSE,,FALSE,,FALSE,,57096274457,57096274457,0,TRUE,FALSE,TOTAL
C,A,20090101,2009,52,2009,710,ZAF,South Africa,X,Export,0,W00,World,0,W00,World,H3,HS,TRUE,TOTAL,All Commodities,0,FALSE,C00,TOTAL CPC,0,0,TOTAL MOT,-1,N/A,,FALSE,-1,N/A,,FALSE,,FALSE,,FALSE,,53863891902,53863891902,0,TRUE,FALSE,TOTAL
C,A,20090101,2009,52,2009,784,ARE,United Arab Emirates,X,Export,0,W00,World,0,W00,World,H3,HS,TRUE,TOTAL,All Commodities,0,FALSE,C00,TOTAL CPC,0,0,TOTAL MOT,-1,N/A,,FALSE,-1,N/A,,FALSE,,FALSE,,FALSE,,1.74725e+11,1.74725e+11,0,TRUE,FALSE,TOTAL
C,A,20090101,2009,52,2009,792,TUR,Türkiye,X,Export,0,W00,World,0,W00,World,H3,HS,TRUE,TOTAL,All Commodities,0,FALSE,C00,TOTAL CPC,0,0,TOTAL MOT,-1,N/A,0,FALSE,-1,N/A,0,FALSE,0,FALSE,0,FALSE,0,102142612603,102142612603,0,FALSE,TRUE,TOTAL
C,A,20090101,2009,52,2009,818,EGY,Egypt,X,Export,0,W00,World,0,W00,World,H3,HS,TRUE,TOTAL,All Commodities,0,FALSE,C00,TOTAL CPC,0,0,TOTAL MOT,-1,N/A,0,FALSE,-1,N/A,0,FALSE,0,FALSE,0,FALSE,0,24213370744.062,24213370744.062,0,FALSE,TRUE,TOTAL
C,A,20090101,2009,52,2009,858,URY,Uruguay,X,Export,0,W00,World,0,W00,World,H3,HS,TRUE,TOTAL,All Commodities,0,FALSE,C00,TOTAL CPC,0,0,TOTAL MOT,-1,N/A,,FALSE,-1,N/A,,FALSE,,FALSE,,FALSE,,5404763196,5404763196,0,TRUE,FALSE,TOTAL
C,A,20090101,2009,52,2009,894,ZMB,Zambia,X,Export,0,W00,World,0,W00,World,H3,HS,TRUE,TOTAL,All Commodities,0,FALSE,C00,TOTAL CPC,0,0,TOTAL MOT,-1,N/A,0,FALSE,-1,N/A,0,FALSE,,FALSE,0,FALSE,,3809902952.073,3809902952.073,0,FALSE,TRUE,TOTAL
