Date,Brent,OVX,Saudi Arabia,Abu Dhabi,Dubai,Qatar,Colombia,Mexico,Brazil,Egypt,Malaysia,Indonesia,Philippines,Turkey,Chile,China,South Africa,South Korea,Thailand
2014-01-03,106.88999938964844,20.600000381469727,55.31999,56.31999,223.54,60.28999,119.45,92.89999,187.25,607.74,110.23,231.88,115.49,236.91,79.98999,81.45999,206.83,66.53999,132.14
2014-01-10,107.25,19.469999313354492,54.85999,55.85999,216.95,58.29999,122.6,102.69,191.83,607.2598,110.73,222.92,109.69,233.64,80.75,88.31,205.12,68.01999,143.82
2014-01-17,107.05999755859376,17.1200008392334,55.81,55.32999,216.7,58.29999,118.64,101.02,194.64,607.7,111.22,212.91,109.69,244.17,77.65999,90.26999,215.77,68.01999,147.73
2014-01-24,107.87999725341795,19.459999084472656,56.32999,55.34999,218.29,59.79999,130.99,110.05,206.22,534.0498,122.86,219.94,125.14,270.8599,82.14999,103.88,228.6,72.45999,158.29
2014-01-31,106.4000015258789,20.350000381469727,59.31999,56.32999,217.2,60.78999,132.64,109.93,205.43,534.1499,125.36,222.02,125.15,267.5999,89.75999,99.01999,234.59,69.98,160.8
2014-02-07,109.56999969482422,19.030000686645508,59.32999,56.32999,214.47,60.78,119.45,99.03999,183.07,534.0798,120.02,219.27,118.39,244.88,88.43999,94.12,217.37,70.98,158.38
2014-02-14,108.7300033569336,17.950000762939453,59.28999,56.29999,210.75,60.78,119.95,92.06999,184.8,503.21,111.75,208.77,110.66,242.34,83.12,89.7,228.35,69.00999,149.7
2014-02-21,109.8499984741211,17.899999618530273,58.81,55.31999,208.34,60.28999,117.47,88.10999,177.89,503.1299,105.86,203.03,104.85,230.14,78.64999,89.20999,219.75,68.51999,144.31
2014-02-28,109.06999969482422,18.709999084472656,58.28,54.78999,199.19,58.76999,114.52,89.75,170.39,476.0,103.43,182.52,99.98999,219.96,77.81999,90.67999,202.6,66.53,144.82
2014-03-07,109.0,20.010000228881836,58.28,55.28,199.14,61.23,110.23,85.60999,170.76,476.0598,94.12,174.44,97.07999,218.78,76.81999,84.78,201.94,62.31999,133.68
2014-03-14,108.56999969482422,21.700000762939453,60.28,55.79999,199.77,61.73999,115.85,88.92999,180.9,475.8398,104.4,184.08,108.73,246.64,80.14,95.07999,210.17,63.56999,136.56
2014-03-21,106.91999816894533,19.459999084472656,58.79999,54.31999,194.5,64.73999,110.23,88.42999,179.04,463.45,109.77,186.3,110.66,256.7698,79.48,99.98999,206.46,64.56999,138.52
2014-03-28,108.06999969482422,19.149999618530273,56.81999,53.81999,186.05,63.75,106.59,86.12,158.05,460.1399,104.91,180.06,105.82,218.46,77.5,93.14,196.58,61.59999,132.2
2014-04-04,106.72000122070312,18.280000686645508,51.87,52.37,178.37,62.78999,101.97,83.15999,161.72,443.3398,102.96,172.38,102.91,202.56,75.87,90.18999,189.92,61.59,125.84
2014-04-11,107.33000183105467,18.38999938964844,51.81999,51.82999,175.65,61.26999,99.65999,85.29999,153.38,443.6799,100.49,167.58,100.97,198.72,76.03,86.76999,187.35,61.09,122.94
2014-04-18,109.52999877929688,18.93000030517578,51.82999,51.82999,176.69,61.28,100.49,86.67,152.94,443.5898,100.98,166.13,100.97,200.1,76.76999,88.23,179.59,62.57999,120.48
2014-04-25,109.58000183105467,18.8799991607666,51.34,51.34,172.17,60.78999,103.45,91.85999,148.89,423.5999,100.48,169.05,101.94,203.15,79.98999,90.18999,189.97,62.56,121.94
2014-05-02,108.58999633789062,17.799999237060547,49.31,49.31,170.95,58.75999,94.07999,82.21999,141.45,386.0798,101.47,171.52,100.97,188.91,72.81,90.68999,183.41,63.04999,124.4
2014-05-09,107.88999938964844,17.0,49.32999,49.31999,171.04,58.78,93.04999,81.14999,144.55,383.49,98.01999,159.89,100.0,181.74,74.18999,86.75,176.72,60.07999,123.91
2014-05-16,110.41999816894533,15.420000076293944,50.0,47.79999,170.0,60.0,90.04999,79.09999,146.38,355.0,90.14,145.92,100.0,186.85,73.12,82.23999,176.0,55.45,120.65
2014-05-23,110.54000091552734,15.890000343322754,50.0,47.31999,160.0,50.0,84.57999,75.12,146.37,350.0,98.01999,154.71,100.0,182.18,70.12999,83.21999,178.5,59.39999,131.47
2014-05-30,109.41000366210938,15.609999656677246,45.0,44.79999,155.0,48.0,81.09999,73.12,139.78,340.0,89.14,139.15,100.0,180.46,68.12999,74.31999,172.5,54.45,121.64
2014-06-06,108.61000061035156,14.5,45.0,44.28999,155.0,48.0,76.25,68.28999,133.74,340.0,85.18999,139.14,100.0,173.15,67.25,70.37,168.5,55.45,120.65
2014-06-13,113.41000366210938,19.469999313354492,45.0,42.76999,155.0,48.0,76.2,68.25,135.25,340.0,83.20999,137.21,100.0,180.35,68.23999,68.37,181.5,55.42,118.7
2014-06-20,114.80999755859376,18.84000015258789,43.32999,43.25999,150.8,47.29999,79.73999,68.35999,138.99,308.6899,87.26999,151.4,86.34,183.58,66.84999,76.92,176.77,55.62999,119.57
2014-06-27,113.3000030517578,16.440000534057617,46.29999,45.79999,152.32,49.78,79.75999,65.89999,138.97,308.6599,86.25999,157.19,87.31999,175.06,62.67,77.42,174.8,53.62,111.7
2014-07-04,111.0,15.59000015258789,47.26999,46.28,154.67,52.01999,81.46999,68.31999,140.98,308.72,84.29999,152.43,84.37999,179.44,63.39,74.45999,184.07,52.12,108.31
2014-07-11,106.66000366210938,17.260000228881836,47.79999,46.31999,161.3,51.56,84.20999,72.32999,146.36,316.0698,85.76999,146.53,86.34,176.06,66.62999,76.42999,183.06,51.64,107.32
2014-07-18,107.23999786376952,17.389999389648438,49.25,47.75999,162.03,52.00999,85.67999,74.28999,138.35,316.24,85.75,148.03,88.28,183.32,68.81999,78.12999,184.75,52.34,108.31
2014-07-25,108.38999938964844,16.670000076293945,49.28,52.51999,164.69,53.03,85.17999,75.53,136.86,316.1299,83.28999,141.26,86.32999,175.77,69.07999,75.43999,180.07,51.64,102.44
2014-08-01,104.83999633789062,19.38999938964844,53.81,53.81,167.46,55.79999,93.34,84.95,151.88,313.48,87.20999,152.34,92.2,185.21,75.78,82.31,189.77,56.06999,105.37
2014-08-08,105.0199966430664,18.8799991607666,55.0,55.25999,180.0,58.73,93.06999,84.15999,148.95,315.0,92.62999,162.59,99.01999,194.19,72.28999,88.14999,200.0,63.51999,104.91
2014-08-15,101.9499969482422,18.59000015258789,54.76999,54.28,173.82,59.25999,81.23999,71.32999,144.07,316.1299,85.75999,146.13,89.26999,184.47,64.37,75.92,181.73,56.32999,98.04999
2014-08-22,102.29000091552734,16.510000228881836,53.75,53.75999,166.13,56.73999,80.21999,69.32999,139.51,288.99,81.31999,134.52,85.35999,182.9,62.37,70.5,178.46,52.12,92.15999
2014-08-29,103.19000244140624,16.68000030517578,51.28,51.28999,157.77,53.26999,78.73999,69.82999,128.38,276.45,77.87,133.57,82.42,178.14,62.37,69.50999,167.51,50.64,88.73
2014-09-05,100.81999969482422,18.520000457763672,51.29999,50.79999,157.87,53.28999,79.48,68.34999,128.05,273.9099,76.39,128.73,79.46999,172.2,63.60999,67.28,154.28,49.14,83.81
2014-09-12,97.11000061035156,19.530000686645508,49.54999,50.54999,157.39,52.53999,95.06999,79.26999,145.62,273.0498,75.53,130.93,81.42,182.04,71.84999,70.12,170.52,49.84999,82.42999
2014-09-19,98.38999938964844,18.559999465942383,48.78999,50.78,156.25,52.28,85.17,75.51999,141.79,271.49,76.37,134.59,80.42999,181.05,67.82999,70.23,172.47,50.34999,83.79999
2014-09-26,97.0,19.420000076293945,49.29999,51.75999,160.14,54.25,98.50999,88.62999,162.8,271.3999,83.78,148.49,92.2,198.061,77.75,81.82999,188.034,56.23,91.17
2014-10-03,92.30999755859376,24.219999313354492,51.89,53.28999,168.86,59.25,100.24,88.87999,173.59,273.8699,88.70999,167.32,95.12999,202.0,78.98999,87.23999,194.89,57.71999,95.09
2014-10-10,90.20999908447266,30.030000686645508,53.56999,54.28,168.88,62.21999,98.53,85.93999,158.57,273.8599,88.71999,168.68,96.56,198.1,77.28999,87.73999,192.92,57.75,92.65999
2014-10-17,84.54000091552734,31.15999984741211,57.46999,56.71999,171.64,62.68999,96.53999,83.2,153.26,273.96,94.60999,166.8,100.97,188.42,77.00999,91.65999,188.03,61.59999,97.06
2014-10-24,86.12999725341797,31.270000457763672,57.51999,55.25999,175.25,65.70999,91.59999,81.23,160.83,268.8799,88.21999,152.37,93.62999,183.44,70.56999,85.76999,184.53,56.14999,90.2
2014-10-31,85.86000061035156,30.520000457763672,57.5,55.76999,175.17,65.20999,87.89,77.75,152.56,266.4199,82.25,142.99,87.43999,173.14,67.37,78.56999,171.22,53.06999,84.75999
2014-11-07,83.38999938964844,29.469999313354492,60.45999,56.25999,176.08,65.20999,96.53999,84.43999,170.88,266.4299,82.75999,142.89,87.2,178.02,73.53,80.54999,178.62,52.09,84.26999
2014-11-14,77.73999786376953,32.9900016784668,59.43999,57.23999,178.55,67.18999,106.17,86.40999,183.4,269.0098,84.23999,141.48,88.18999,173.19,77.23999,80.28999,176.68,50.54999,83.76999
2014-11-21,80.36000061035156,34.91999816894531,60.43999,59.20999,179.5,69.65999,101.97,86.15999,156.48,268.98,87.18999,141.0,89.17,166.31,74.25999,83.73999,170.75,51.79999,86.23
2014-11-28,70.1500015258789,36.439998626708984,58.45,60.67,179.46,70.65999,98.01999,82.2,151.58,271.5098,82.75999,136.61,83.25,161.42,71.78999,78.07999,163.31,50.06,82.03999
2014-12-05,69.06999969482422,34.20000076293945,60.42999,62.64999,179.92,74.12,114.34,90.59,163.49,271.5198,82.75999,135.65,82.26999,157.52,78.67999,77.82999,164.83,49.79999,82.28999
2014-12-12,61.849998474121094,49.77000045776367,66.39999,65.12999,196.84,80.60999,168.56,112.82,209.0,271.5098,94.09,151.69,88.18999,195.58,97.5,84.98,212.73,53.04999,91.14
2014-12-19,61.380001068115234,54.84000015258789,70.32999,71.64999,230.5,83.09999,123.21,91.09999,182.57,293.8599,99.5,151.7,87.20999,179.58,82.68999,79.81,192.0,50.56999,93.59999
2014-12-26,59.45000076293945,54.68000030517578,70.34999,71.65999,230.71,82.10999,126.61,96.04999,182.43,293.73,102.94,157.94,90.65999,175.05,85.67,83.26999,181.54,53.31,99.50999
2015-01-02,56.41999816894531,54.25,70.34,69.65999,228.17,82.10999,148.29,107.89,207.97,288.7598,108.35,162.29,95.56999,183.43,96.53999,88.67,185.56,55.53,101.47
2015-01-09,50.11000061035156,50.06999969482422,69.34999,71.7,257.99,82.14,162.97,105.91,201.92,296.2698,135.72,169.58,99.5,186.73,97.53,97.53,204.32,59.23999,114.24
2015-01-16,47.689998626708984,56.439998626708984,68.37,68.68999,245.51,78.62999,169.55,111.86,205.65,291.3098,148.37,173.93,106.38,183.78,106.18,101.96,205.8,65.93999,118.64
2015-01-23,48.790000915527344,57.619998931884766,68.37,68.67999,238.25,78.62999,164.47,111.84,193.65,291.2798,124.94,146.25,89.67999,176.47,104.93,88.7,194.36,60.51999,102.45
2015-01-30,52.9900016784668,58.619998931884766,68.35999,68.7,229.09,79.12999,164.94,115.29,212.77,288.7898,127.89,152.62,93.60999,183.42,105.92,91.14,205.87,63.46999,106.87
2015-02-06,57.79999923706055,60.83000183105469,72.32999,70.17999,233.0,80.12,141.94,107.92,229.48,306.1899,124.95,153.09,93.35999,192.24,95.53,91.39,198.41,62.73999,107.85
2015-02-13,57.38999938964844,55.529998779296875,74.29999,70.17,230.5,79.62999,141.39,107.65,235.35,311.1899,126.91,150.71,94.09999,188.35,92.57999,92.62,194.97,62.70999,109.81
2015-02-20,60.220001220703125,54.0,74.29999,70.17999,225.5,79.12999,140.87,109.62,235.89,311.23,120.07,147.28,91.14999,185.37,94.56,90.15999,191.51,61.5,106.38
2015-02-27,62.58000183105469,55.849998474121094,74.29999,69.18999,215.64,77.64,132.02,100.49,235.88,311.22,116.17,133.2,84.25,201.52,87.14,82.76999,188.55,53.29999,102.45
2015-03-06,59.72999954223633,48.959999084472656,73.29999,69.17999,210.7,77.62999,155.29,117.81,253.64,311.2598,132.35,139.08,83.75,215.43,94.53999,83.23999,199.95,52.40999,99.00999
2015-03-13,54.66999816894531,54.560001373291016,72.31,66.67999,206.13,77.62999,171.01,135.55,302.25,316.25,132.82,152.75,89.89999,218.85,99.98999,89.64999,215.85,54.25,103.93
2015-03-20,55.31999969482422,50.84000015258789,72.34999,66.71999,212.41,76.15999,160.04,128.36,291.2898,318.5198,141.02,156.97,94.09999,206.82,92.09,94.09999,201.82,55.31,108.82
2015-03-27,56.40999984741211,52.84000015258789,76.28999,67.20999,214.33,75.65999,157.62,125.66,285.95,318.5498,137.12,157.44,93.10999,214.7,84.42999,94.82999,204.26,55.29999,105.88
2015-04-03,54.95000076293945,49.84000015258789,77.28,70.18999,219.35,79.14,153.19,118.75,259.48,321.0298,127.84,155.02,90.15999,213.72,81.20999,91.87999,204.05,52.57999,104.9
2015-04-10,57.869998931884766,43.040000915527344,73.32999,68.20999,218.33,78.64999,151.24,123.94,245.19,322.3098,119.07,148.73,85.96999,211.77,86.15999,87.68999,198.86,49.59,100.98
2015-04-17,63.45000076293945,42.0,73.31999,66.21999,214.87,75.15999,144.84,120.74,241.81,322.2998,122.02,157.97,90.39999,229.6,83.92999,90.64,215.23,49.57999,103.43
2015-04-24,65.27999877929688,36.61000061035156,72.34,64.23,209.84,74.67,136.93,113.81,220.11,323.1199,123.98,158.45,90.64999,227.84,83.68999,91.14,210.46,49.56,105.39
2015-05-01,66.45999908447266,35.619998931884766,72.34,66.21999,211.81,73.17,146.37,123.97,237.95,323.1499,121.53,159.92,90.89999,223.14,89.10999,90.89999,208.78,49.09,104.41
2015-05-08,65.38999938964844,35.09000015258789,67.39999,65.71999,209.36,73.17,137.42,116.77,222.26,323.1399,120.55,163.32,89.67,218.7,85.42,89.67,203.84,48.34999,102.94
2015-05-15,66.56999969482422,29.950000762939453,67.39999,64.23,210.33,70.18999,140.38,117.76,228.93,323.1499,114.68,165.25,86.21999,207.35,82.18999,87.95,201.34,46.62,100.98
2015-05-22,65.37000274658203,31.290000915527344,64.42999,64.23,210.31,70.18999,141.87,111.85,220.46,315.7998,110.28,158.49,85.23,201.41,79.23,85.23,197.93,46.59,99.50999
2015-05-29,65.55999755859375,33.7400016784668,64.42999,63.73,208.28,70.18999,146.33,114.33,231.01,313.3198,111.77,163.84,85.95999,208.37,80.20999,86.7,203.39,47.06999,100.0
2015-06-05,63.310001373291016,33.540000915527344,62.45,62.23999,205.78,69.68999,166.68,130.18,247.9,313.3599,119.62,171.63,89.15999,216.28,83.89999,89.64999,213.25,49.29999,105.4
2015-06-12,63.869998931884766,31.510000228881836,62.43999,62.23999,205.75,67.64,158.67,124.69,242.18,313.3799,126.94,173.08,87.43999,227.47,81.92999,87.67999,210.32,48.31999,104.91
2015-06-19,63.02000045776367,30.399999618530273,64.45999,60.25999,203.41,65.67999,158.63,125.41,240.17,313.25,126.92,166.25,88.18999,222.62,78.96999,88.18999,202.81,48.59,105.4
2015-06-26,63.2599983215332,29.010000228881836,61.5,60.25999,203.55,61.25,166.98,128.38,256.0898,295.46,131.75,167.12,89.17999,214.17,86.14999,88.92999,201.81,48.84999,104.41
2015-07-03,62.06999969482422,33.79999923706055,61.5,60.25999,198.52,61.25,164.93,127.34,249.89,313.2,129.81,168.13,92.12999,218.62,87.64,92.37,207.22,51.06999,103.43
2015-07-10,58.72999954223633,41.220001220703125,61.45,60.23,191.01,59.75999,168.93,126.11,251.79,313.3398,133.72,171.49,94.59,213.01,92.57999,94.59,205.32,54.06,102.45
2015-07-17,57.52000045776367,34.68000030517578,61.45,58.04999,191.01,58.76999,168.42,126.61,262.49,313.3398,121.03,162.33,92.62,210.29,95.54999,91.87999,202.1,50.81999,98.03
2015-07-24,54.619998931884766,39.0,61.5,58.07999,191.19,58.79999,183.17,141.35,293.25,313.2,132.75,171.09,96.54999,226.04,103.95,96.06,216.12,52.79999,102.45
2015-07-31,52.209999084472656,38.81999969482422,61.53,56.79999,189.73,58.25999,181.04,135.15,288.8699,313.1299,146.9,181.24,98.26999,233.88,102.71,100.49,216.57,54.28,105.88
2015-08-07,48.61000061035156,41.16999816894531,61.46999,56.26999,189.47,58.21999,195.95,136.19,327.8999,320.6899,149.8,185.06,99.25999,247.35,106.17,101.47,223.35,55.26999,112.26
2015-08-14,49.029998779296875,40.91999816894531,62.45,56.25999,189.41,58.21999,199.37,136.67,300.5698,320.73,170.76,197.22,102.45,256.7898,112.34,100.98,237.99,59.73999,131.38
2015-08-21,45.459999084472656,44.65999984741211,109.86,67.45,198.9,76.34,228.09,155.04,336.74,325.48,188.7,235.81,119.15,279.8799,123.68,108.35,259.5999,74.82999,158.73
2015-08-28,50.04999923706055,51.560001373291016,85.17999,64.71999,209.29,73.87,215.3,143.23,327.0698,338.1099,165.03,223.17,113.26,260.72,120.73,111.05,246.35,64.20999,143.53
2015-09-04,49.61000061035156,49.290000915527344,85.17999,64.23,209.26,67.42999,222.88,151.22,375.1199,338.1299,181.02,238.21,123.05,276.5198,126.66,118.66,266.1299,69.14999,145.76
2015-09-11,48.13999938964844,49.630001068115234,82.21999,62.75999,205.82,62.95999,214.92,147.99,392.8799,339.5398,190.9,239.72,121.59,293.24,120.22,118.17,267.5598,69.39,152.84
2015-09-18,47.470001220703125,45.84000015258789,82.21999,62.75,200.95,62.95,198.77,134.96,390.3398,339.5999,168.41,213.77,112.03,265.8799,107.4,109.08,235.46,61.73999,132.32
2015-09-25,48.599998474121094,47.709999084472656,114.81,66.56999,208.32,74.14999,243.27,171.8,489.5098,334.49,216.89,256.6599,130.14,302.0798,136.5,123.8,277.8599,75.06999,159.12
2015-10-02,48.130001068115234,42.86000061035156,134.52,77.31999,208.44,75.64,257.8098,184.74,521.3599,334.3799,239.86,281.4199,145.47,325.24,153.23,138.22,302.46,85.20999,174.61
2015-10-09,52.650001525878906,42.79999923706055,111.84,75.17999,201.16,76.67,211.35,146.2,410.8398,344.5,201.7,219.54,114.22,263.5798,127.62,110.3,248.99,68.18999,140.08
2015-10-16,48.72999954223633,39.58000183105469,133.57,75.17999,208.45,76.65999,215.31,149.15,435.3699,344.5298,197.83,210.97,108.83,258.6799,127.6,106.87,234.96,65.23,133.25
2015-10-23,47.9900016784668,41.5099983215332,134.59,75.15999,203.3,76.64999,206.1,146.24,445.24,344.6499,196.94,211.64,107.86,249.35,121.71,105.89,249.35,63.96999,131.83
2015-10-30,49.560001373291016,41.95000076293945,144.42,75.15999,203.45,74.81,207.47,150.62,429.6699,354.3499,196.81,217.67,104.66,252.23,120.22,104.91,252.23,61.5,129.83
2015-11-06,47.41999816894531,39.849998474121094,154.45,75.12999,203.06,74.78,204.32,147.32,401.45,354.72,179.9,208.93,99.98999,252.43,120.27,100.24,262.3499,58.03,125.93
2015-11-13,43.61000061035156,46.2599983215332,144.4,75.17,205.95,74.81999,218.69,158.94,426.99,358.5698,179.99,215.27,99.98999,252.68,131.53,100.24,276.1899,59.0,128.16
2015-11-20,44.65999984741211,44.93000030517578,149.37,75.15999,205.84,74.81,210.94,147.69,388.6199,387.3398,165.93,208.52,95.56999,238.88,122.44,94.82999,248.33,54.04999,125.7
2015-11-27,44.86000061035156,48.279998779296875,149.35,78.60999,205.86,77.76999,217.34,151.14,415.4199,424.6199,167.11,216.0,99.75,267.0498,124.66,99.25,262.6399,53.31,127.17
2015-12-04,43.0,45.439998626708984,138.49,81.62,215.63,77.76999,227.1,157.75,435.1199,424.6199,173.42,223.92,103.19,268.5398,127.61,102.7,280.4399,54.07999,130.35
2015-12-11,37.93000030517578,54.290000915527344,134.5,84.57999,223.08,84.09,262.3098,186.38,485.73,437.1199,191.41,247.18,112.03,291.3999,148.26,110.81,351.0298,56.89999,142.08
2015-12-18,36.880001068115234,49.43000030517578,149.31,86.57999,230.59,84.07999,242.25,173.18,490.2798,443.6899,188.21,235.74,111.53,264.0398,132.04,112.52,330.7798,58.26999,141.08
2015-12-25,37.88999938964844,44.810001373291016,149.32,89.07999,238.05,88.07999,236.87,167.29,482.5698,443.73,185.56,232.94,110.07,269.73,127.11,109.83,331.0498,56.78999,139.14
2016-01-01,37.279998779296875,46.56999969482422,149.32,90.06,238.52,88.56999,238.38,169.3,488.99,465.8599,183.63,230.54,108.83,267.5098,125.64,109.33,331.2998,56.04999,137.68
2016-01-08,33.54999923706055,56.099998474121094,186.76,98.45,255.15,97.43999,268.1799,185.42,480.7998,465.8298,195.38,236.5,115.84,299.1099,134.99,116.22,338.6599,63.17999,144.29
2016-01-15,31.010000228881836,62.09000015258789,203.35,113.78,306.2598,127.54,291.7998,204.7,491.73,467.99,207.11,249.4,126.0,310.3398,146.7,125.52,373.6099,69.89999,158.69
2016-01-22,32.18000030517578,61.86000061035156,198.7,124.83,303.5798,121.33,278.49,193.71,468.7998,468.5098,200.06,243.77,124.04,284.3999,135.98,123.56,359.1199,63.95999,159.65
2016-01-29,34.7400016784668,61.86000061035156,178.5,127.27,273.6599,131.24,278.5398,193.51,462.6299,481.6499,178.71,228.03,125.01,275.5598,134.43,124.29,341.0498,64.46999,155.22
2016-02-05,34.060001373291016,66.66999816894531,185.55,129.77,273.4399,134.73,283.7598,200.06,456.8398,484.5098,181.16,233.87,128.93,285.5598,130.54,137.07,362.9299,68.15999,161.11
2016-02-12,33.36000061035156,78.97000122070312,183.32,123.83,268.5698,128.79,308.74,219.29,482.0298,484.45,193.8,254.24,137.28,296.3398,136.43,147.85,355.0898,81.0,169.14
2016-02-19,33.0099983215332,62.459999084472656,173.47,121.85,260.3198,124.84,282.5698,198.39,457.5898,484.3398,180.76,235.54,123.51,303.6899,123.15,136.51,344.3098,71.40999,158.83
2016-02-26,35.099998474121094,59.959999084472656,178.49,121.87,250.67,129.29,274.0398,196.09,446.2998,484.6199,177.4,232.74,121.81,300.3699,119.25,133.34,357.5398,69.89999,156.18
2016-03-04,38.720001220703125,51.88999938964844,159.83,112.46,235.48,116.92,245.56,172.3,395.75,506.9299,162.84,206.12,112.5,274.9099,103.95,126.24,325.24,61.50999,143.5
2016-03-11,40.38999938964844,50.25,163.76,110.0,235.45,114.46,221.69,160.83,376.23,506.97,154.11,195.03,105.64,248.03,98.01999,118.65,309.0198,60.26999,133.01
2016-03-18,41.20000076293945,44.97999954223633,146.04,85.25,222.77,90.14999,192.8,144.41,351.1399,506.6499,143.2,183.04,97.04999,235.6,88.14,108.35,299.5898,57.28,122.52
2016-03-25,40.439998626708984,44.959999084472656,153.79,91.17,225.23,93.12,221.16,168.49,382.3599,506.5098,158.27,203.12,107.84,265.24,102.95,127.63,315.8699,68.48,137.03
2016-04-01,39.65999984741211,47.7599983215332,148.96,95.03999,224.99,96.03999,216.42,162.25,351.5698,494.25,151.54,195.49,105.39,256.6899,96.53999,119.58,298.3398,65.0,129.76
2016-04-08,41.939998626708984,47.41999816894531,144.05,95.03999,227.44,96.03999,234.85,174.89,374.0298,494.21,155.9,204.12,105.88,264.21,106.4,125.2,316.9399,67.48,129.04
2016-04-15,43.099998474121094,51.27000045776367,142.01,90.14,223.78,90.64,214.36,159.23,336.21,493.8098,149.59,195.88,98.76999,240.81,97.03999,119.44,290.0798,63.53999,120.49
2016-04-22,45.11000061035156,41.970001220703125,148.9,91.12,224.14,91.60999,213.0,157.77,349.49,494.0,153.93,187.74,99.00999,232.28,97.53,122.13,276.2998,63.04999,122.21
2016-04-29,48.130001068115234,42.52000045776367,158.72,93.37999,227.84,93.85999,217.5,161.78,330.8198,494.6499,162.72,188.24,106.61,236.2,99.5,126.92,277.5098,64.25,124.66
2016-05-06,45.369998931884766,42.470001220703125,158.68,94.85999,226.95,96.81,223.76,162.72,330.6199,494.5,161.74,189.43,115.91,265.0198,97.78,128.14,299.72,64.98999,126.12
2016-05-13,47.83000183105469,41.56999969482422,151.81,93.09999,221.05,98.01999,226.67,166.13,320.6599,494.6299,156.89,183.89,112.98,265.21,99.98999,127.39,298.23,64.28,124.4
2016-05-20,48.720001220703125,40.16999816894531,156.73,95.06999,223.49,101.09,231.53,173.43,338.74,494.73,160.07,191.16,112.49,274.3198,107.39,124.72,310.6299,64.00999,122.23
2016-05-27,49.31999969482422,35.970001220703125,158.71,96.29999,224.31,107.5,228.64,171.01,341.5598,488.3098,156.24,187.85,110.54,266.24,106.9,123.02,309.0798,58.78,119.31
2016-06-03,49.63999938964844,34.810001373291016,163.39,99.25,225.7,111.13,220.67,162.6,328.3799,487.6499,160.6,190.51,111.28,254.83,103.94,122.77,293.49,59.03999,120.05
2016-06-10,50.540000915527344,39.95000076293945,178.19,97.78,223.47,114.3,216.46,167.83,337.8699,488.0898,157.92,188.56,108.33,250.44,106.16,121.05,287.1599,59.53999,116.14
2016-06-17,49.16999816894531,41.349998474121094,183.14,101.71,226.3,114.31,230.04,174.37,330.6199,488.24,166.61,196.25,117.64,260.3499,109.6,127.9,298.8398,63.26999,118.56
2016-06-24,48.40999984741211,43.33000183105469,177.88,99.98999,216.62,114.76,228.83,181.06,334.9299,487.2698,161.81,193.74,119.29,256.8398,112.28,127.79,290.5,62.42999,120.95
2016-07-01,49.84000015258789,36.18000030517578,187.78,97.5,204.13,114.75,215.76,152.16,320.6899,489.0298,158.83,187.75,116.63,247.0,90.09,124.44,286.5298,58.81999,116.6
2016-07-08,46.7599983215332,41.40999984741211,171.42,87.68999,192.5,106.41,192.26,143.64,300.2798,489.6299,153.81,182.52,109.8,227.88,84.68999,122.39,265.5498,56.32999,109.55
2016-07-15,47.61000061035156,36.65999984741211,164.62,86.7,188.48,103.45,187.01,142.21,290.8899,489.7698,123.29,151.34,95.56999,220.14,82.7,106.12,242.89,47.14,96.79999
2016-07-22,45.689998626708984,38.849998474121094,172.32,86.21999,188.26,104.91,175.72,137.28,279.3298,489.3799,133.94,159.88,101.47,270.3799,76.79999,109.31,244.76,48.64,89.92999
2016-07-29,42.459999084472656,41.08000183105469,178.03,87.21999,188.47,106.87,193.21,149.96,283.3899,489.0798,139.08,160.89,100.48,271.6599,86.18999,110.78,248.06,50.87,92.37999
2016-08-05,44.27000045776367,41.5,184.07,87.18999,187.35,110.32,179.12,142.67,262.96,489.1299,134.19,152.38,96.54999,256.5398,73.81999,107.59,228.29,48.64999,92.62999
2016-08-12,46.970001220703125,37.779998779296875,177.98,84.28,175.7,106.38,172.24,136.27,252.31,488.9399,124.66,143.36,91.39999,240.62,69.39999,103.91,221.61,45.21999,89.68999
2016-08-19,50.880001068115234,34.880001068115234,163.56,79.29999,172.78,98.03,163.58,131.44,248.55,489.5298,115.67,133.97,85.23,243.16,70.82999,100.24,223.13,43.53,83.76999
2016-08-26,49.91999816894531,36.04999923706055,158.61,78.81999,171.52,96.56,167.47,136.81,254.44,487.5598,121.28,143.92,88.93999,236.22,74.81,101.96,240.95,44.67,84.75999
2016-09-02,46.83000183105469,38.63999938964844,153.76,76.84,167.98,94.57999,165.53,136.33,252.05,487.6899,121.06,147.84,88.92999,244.02,75.54999,99.87,248.36,43.50999,84.25999
2016-09-09,48.0099983215332,39.720001220703125,148.89,74.37999,160.54,89.15999,160.67,139.3,252.05,477.9399,113.23,133.0,84.25,237.73,76.76999,93.84999,238.08,40.15999,80.06999
2016-09-16,45.77000045776367,39.86000061035156,144.98,72.42,157.61,88.17999,174.36,156.91,268.47,477.9099,121.54,143.23,94.09,241.22,89.14,100.12,241.83,41.26999,83.03
2016-09-23,45.88999938964844,43.88999938964844,150.63,72.93999,160.94,90.15999,173.1,167.91,268.2598,479.5698,121.23,142.58,105.86,242.64,85.21999,101.71,242.82,40.23,85.03
2016-09-30,49.060001373291016,39.310001373291016,168.21,74.39,167.55,95.07999,166.85,163.53,265.8899,479.71,121.97,151.56,117.35,258.0,86.18999,106.36,251.17,42.46999,87.48
2016-10-07,51.93000030517578,36.599998474121094,155.53,73.42,166.12,95.07999,176.05,156.69,264.8899,479.6699,118.06,147.91,116.12,243.91,90.64,105.13,244.34,41.23999,85.76999
2016-10-14,51.95000076293945,35.54999923706055,148.73,71.93999,163.62,93.60999,177.05,146.97,263.1099,479.73,120.02,150.37,119.3,247.35,90.62999,107.58,254.81,41.45999,100.49
2016-10-21,51.779998779296875,32.5099983215332,136.07,68.98999,163.09,90.15999,163.45,140.38,255.5,479.7698,120.76,149.92,115.65,242.0,85.20999,105.38,245.33,41.68999,97.29999
2016-10-28,49.709999084472656,37.7599983215332,131.2,70.45999,161.12,90.64999,172.73,154.8,269.8699,479.7798,122.72,152.36,112.96,248.84,88.65999,106.97,250.46,41.79999,93.85999
2016-11-04,45.58000183105469,43.689998626708984,132.16,70.45999,161.18,90.65999,185.35,162.11,278.3899,479.7,126.12,158.39,115.9,269.1699,94.57999,111.01,237.61,44.79999,95.07999
2016-11-11,45.84000015258789,45.310001373291016,143.86,74.87999,165.07,96.03999,202.37,185.01,306.5598,479.71,148.54,179.96,124.94,286.5098,103.93,118.35,260.3499,51.59,93.84999
2016-11-18,46.86000061035156,46.560001373291016,135.17,72.39999,166.17,93.59,204.43,196.49,305.8198,480.1499,169.39,182.66,130.09,289.74,98.75999,121.05,254.29,53.79999,94.84
2016-11-25,47.2400016784668,53.459999084472656,128.32,70.42999,166.69,91.14,197.14,187.25,303.1599,480.0898,167.68,174.44,123.73,293.2,93.59,118.85,244.64,51.31999,91.87999
2016-12-02,54.459999084472656,35.5099983215332,126.33,69.95999,162.41,91.14999,190.49,180.84,308.7998,445.1699,159.68,173.22,118.36,297.96,88.90999,117.14,239.93,48.85999,90.40999
2016-12-09,54.33000183105469,35.209999084472656,122.47,68.95,161.17,89.17999,169.45,158.79,286.6299,444.74,138.59,155.8,108.09,279.2,78.51999,111.51,224.3,42.87,83.50999
2016-12-16,55.209999084472656,29.18000030517578,119.52,67.98999,161.33,88.20999,161.58,153.84,286.0698,444.5498,143.71,162.63,109.55,276.8499,85.2,120.32,218.42,44.23,80.53999
2016-12-23,55.15999984741211,29.899999618530273,116.6,67.98,161.23,88.2,163.57,155.34,276.1799,444.6399,140.28,158.23,110.78,268.73,84.2,117.63,214.62,44.53,79.81999
2016-12-30,56.130001068115234,30.829999923706055,112.7,66.98,156.17,88.2,162.61,154.86,274.3599,444.74,137.6,156.55,110.04,268.2998,82.71999,117.88,213.21,44.37999,79.56999
2017-01-06,57.099998474121094,30.469999313354492,107.83,61.53999,154.11,85.73,152.9,166.67,253.99,445.0198,129.57,148.06,100.24,263.9199,80.23,111.76,203.17,45.14,77.12
2017-01-13,55.45000076293945,30.729999542236328,114.67,62.04999,154.72,85.73999,149.46,168.06,246.19,444.8799,132.03,152.46,102.2,281.3799,81.23,113.72,205.06,48.84999,75.85999
2017-01-20,55.4900016784668,29.190000534057617,114.65,62.06999,150.21,88.2,150.87,171.4,248.99,444.6899,130.06,148.29,98.03,274.0498,83.45999,112.37,207.25,47.14999,75.14
2017-01-27,55.52000045776367,29.780000686645508,113.68,62.01999,147.92,88.2,150.42,161.68,240.51,430.8899,127.89,146.64,97.04999,267.7998,81.98,108.58,206.06,47.10999,72.14999
2017-02-03,56.810001373291016,28.11000061035156,113.67,62.03,147.91,88.2,143.57,154.86,234.87,429.95,124.96,144.94,93.59999,242.86,76.04999,107.35,202.34,46.85999,70.67
2017-02-10,56.70000076293945,26.43000030517578,108.8,59.54999,145.01,86.23,140.97,148.31,221.89,405.75,118.38,136.94,90.39999,243.42,76.87999,102.58,198.28,46.56999,67.18999
2017-02-17,55.810001373291016,25.290000915527344,104.88,55.62999,139.65,75.48,144.38,156.59,227.23,343.74,114.94,135.94,88.68999,237.18,81.81,98.75999,190.83,47.37999,63.25
2017-02-24,55.9900016784668,25.719999313354492,102.93,49.89,125.34,70.57999,136.59,137.57,218.6,319.3398,107.6,125.95,82.76999,233.51,74.67999,91.39,191.56,45.12999,54.31
2017-03-03,55.900001525878906,25.59000015258789,99.01999,49.78,133.22,71.40999,131.27,129.34,213.51,319.8699,108.34,126.95,84.48,239.26,70.95,89.03999,185.81,45.81,55.75999
2017-03-10,51.369998931884766,33.45000076293945,98.03,46.75999,133.22,70.92,136.65,137.15,228.87,319.8799,114.24,134.05,87.42999,229.53,74.87999,90.14999,185.33,49.00999,56.70999
2017-03-17,51.7599983215332,27.450000762939453,94.10999,44.75,131.76,70.89999,127.88,128.38,209.2,300.3499,100.0,121.11,78.29999,218.35,70.68999,79.03999,178.06,43.31,51.00999
2017-03-24,50.79999923706055,30.989999771118164,101.95,44.78999,131.74,71.89999,135.12,133.19,230.96,299.5898,105.88,129.09,82.76999,229.84,74.90999,84.01999,189.94,50.75999,55.51999
2017-03-31,52.83000183105469,27.59000015258789,101.95,44.79999,122.41,69.45,133.65,128.53,219.84,299.5798,104.65,125.66,82.28,235.39,71.95999,82.54999,215.17,51.51999,52.53999
2017-04-07,55.2400016784668,27.459999084472656,96.07999,41.79999,119.5,65.51999,132.19,127.36,220.92,314.9099,109.31,129.56,83.76999,230.84,72.95999,83.54999,219.11,52.29999,53.06999
2017-04-14,55.88999938964844,26.020000457763672,96.56999,40.28999,114.63,65.50999,133.19,127.59,222.55,326.5,114.94,135.89,86.48,229.48,74.67999,88.21999,209.96,60.48,57.03
2017-04-21,51.959999084472656,30.059999465942383,91.17999,39.84,111.7,65.51999,133.67,128.08,220.41,328.8699,113.24,133.25,84.00999,227.25,78.09999,86.23,197.28,56.62,57.00999
2017-04-28,51.72999954223633,28.549999237060547,88.21999,42.70999,109.76,65.0,125.65,117.6,213.49,329.0698,108.09,125.17,80.79999,203.89,72.17,81.31,191.29,56.73,56.01999
2017-05-05,49.099998474121094,33.83000183105469,91.15999,42.68999,107.81,65.96999,127.85,116.38,208.87,329.1299,107.35,125.67,80.31,202.23,74.62999,81.17,192.04,58.7,57.73999
2017-05-12,50.84000015258789,33.720001220703125,91.17,41.73,109.76,65.98999,127.86,117.36,198.54,326.5898,102.94,127.39,78.2,205.61,72.89999,78.81999,193.49,55.45,56.21999
2017-05-19,53.61000061035156,29.760000228881836,94.09999,42.60999,111.74,66.45,125.42,113.92,241.28,326.8198,104.42,127.42,79.53999,207.68,71.89,80.28,194.08,58.39,58.17999
2017-05-26,52.150001525878906,30.040000915527344,91.14999,39.67,106.84,56.64,123.96,115.2,232.22,326.7998,99.98999,123.74,79.54999,194.05,70.89999,77.81999,181.89,55.67,58.17999
2017-06-02,49.95000076293945,32.470001220703125,90.17999,40.67999,106.84,65.48,125.71,117.89,231.76,326.7598,96.29999,121.07,78.29999,194.05,69.17999,75.45,185.78,55.39999,57.42999
2017-06-09,48.150001525878906,32.59000015258789,105.89,53.95999,129.39,97.50999,124.99,108.58,233.5,326.9199,91.37999,117.88,77.56999,193.39,68.42999,71.25,184.88,53.42999,57.45
2017-06-16,47.369998931884766,27.93000030517578,100.0,52.5,130.41,90.10999,128.9,110.05,235.18,326.8098,82.75,113.98,73.37,186.34,69.42999,66.92,183.88,51.18999,58.93999
2017-06-23,45.540000915527344,31.920000076293945,109.81,54.95999,135.32,110.84,132.58,110.3,235.26,326.8799,86.2,117.65,77.81999,187.83,66.95,70.39,190.25,52.45,63.17
2017-06-30,47.91999816894531,28.700000762939453,117.68,54.95,135.32,119.73,136.74,113.25,237.02,326.95,85.95999,117.65,77.56,193.2,66.20999,70.25,197.6,53.42999,63.39
2017-07-07,46.709999084472656,33.16999816894531,113.75,58.42,136.3,124.66,141.39,113.49,237.74,326.96,89.64999,123.05,80.51999,205.41,68.92999,73.07999,211.77,62.62,64.12
2017-07-14,48.90999984741211,30.280000686645508,104.9,56.45999,134.33,106.41,134.75,109.07,219.82,364.3699,84.23,116.18,76.06999,188.31,67.95,66.53999,194.88,58.67,62.65999
2017-07-21,48.060001373291016,29.25,100.98,55.95999,132.87,100.5,130.84,104.5,207.37,393.5999,84.23,115.32,73.34999,180.29,66.53,66.40999,186.36,57.28999,64.64
2017-07-28,52.52000045776367,29.86000061035156,96.06,55.95999,132.86,98.03,126.92,102.2,211.24,393.6099,80.28,111.03,70.37999,181.29,66.7,64.17999,182.0,55.98999,61.65999
2017-08-04,52.41999816894531,28.530000686645508,92.12999,55.26999,122.02,91.92,124.0,99.98999,193.31,393.74,79.78999,109.56,69.40999,172.06,62.73999,63.73999,176.44,58.65999,60.68999
2017-08-11,52.099998474121094,28.40999984741211,92.14,56.46999,120.76,95.37999,129.85,105.88,202.03,381.4399,84.96999,116.43,75.56999,179.14,65.70999,70.35999,184.22,69.79999,63.39999
2017-08-18,52.720001220703125,27.530000686645508,89.17999,56.48,120.64,92.93999,129.37,107.85,198.68,379.0698,80.03,111.4,69.39,177.52,61.50999,66.40999,178.47,64.34999,60.06
2017-08-25,52.40999984741211,28.8799991607666,91.14,55.53999,119.93,94.87,125.44,102.94,194.35,379.1199,75.32999,105.89,65.92,170.75,61.01999,61.18999,173.64,61.10999,57.67999
2017-09-01,52.31999969482422,28.969999313354492,89.17,54.48999,121.48,91.71999,119.6,99.25,188.58,379.2698,71.12,100.24,60.70999,158.36,57.04999,56.57999,167.61,60.48,54.43999
2017-09-08,53.779998779296875,29.489999771118164,86.20999,57.64999,122.6,93.59999,114.22,99.00999,178.96,379.3098,70.87999,100.98,63.54999,161.82,55.59999,60.81,170.31,71.35999,54.73999
2017-09-15,55.619998931884766,26.649999618530273,84.23,57.48999,124.61,89.87,111.28,97.53,177.55,379.3499,66.53,96.06,60.57999,160.63,52.35999,56.2,163.51,69.37,49.95999
2017-09-22,56.86000061035156,26.38999938964844,88.21999,64.2,130.37,100.19,125.93,112.25,197.56,352.6299,68.45,102.2,63.48999,182.99,60.28999,60.37,182.91,72.14,51.04999
2017-09-29,57.540000915527344,26.829999923706055,86.23999,63.12999,131.67,97.75,121.79,110.05,191.86,352.3499,69.39,105.15,66.65999,184.28,59.04999,62.79999,184.46,74.89999,52.48
2017-10-06,55.619998931884766,27.59000015258789,85.25999,61.64,131.88,97.12999,115.64,108.83,183.72,346.4099,65.67,100.12,64.45,175.04,56.31999,58.98,175.21,69.75999,50.26999
2017-10-13,57.16999816894531,25.729999542236328,84.28999,61.45999,131.08,99.89999,118.33,114.47,178.33,346.1399,65.92999,99.25999,65.42999,176.74,56.57999,57.62,170.82,70.25999,50.0
2017-10-20,57.75,24.510000228881836,84.25999,61.04999,132.16,101.99,111.78,104.41,167.73,345.3398,64.17999,97.40999,63.67999,171.47,54.07999,55.10999,171.42,70.35999,48.48999
2017-10-27,60.439998626708984,25.18000030517578,83.29999,63.84,132.11,101.96,110.79,107.11,171.37,350.6199,62.81999,94.09,63.2,186.49,51.87999,47.03,185.23,71.73999,47.26999
2017-11-03,62.06999969482422,24.81999969482422,82.29999,62.31,131.95,101.58,115.44,107.6,171.41,347.8699,63.17,94.34,63.67999,198.29,50.87999,53.85999,188.24,69.73999,47.75999
2017-11-10,63.52000045776367,29.399999618530273,104.91,67.09,143.22,107.11,123.54,109.82,178.23,353.1299,69.59999,103.19,69.60999,210.03,53.84999,61.67999,205.82,72.21999,50.98
2017-11-17,62.720001220703125,26.959999084472656,96.06,68.07999,144.22,105.44,116.66,109.08,173.06,354.0398,68.62999,99.00999,68.37999,206.58,51.57999,60.7,189.93,66.53999,50.98
2017-11-24,63.86000061035156,26.8799991607666,91.14,66.48999,141.23,104.54,112.5,102.94,167.08,353.6399,66.62,97.28999,65.62999,204.42,54.26999,59.56,185.85,61.82999,49.5
2017-12-01,63.4900016784668,23.729999542236328,88.7,64.07999,138.29,103.03,112.75,101.96,168.75,353.6799,63.79999,93.71999,63.56,198.95,55.51999,57.34999,180.4,58.56999,48.75
2017-12-08,63.400001525878906,23.850000381469727,93.10999,67.21999,140.64,103.36,110.31,103.43,164.84,351.0398,63.78999,94.95,63.78999,182.92,57.06999,56.59,176.55,58.42999,48.23
2017-12-15,63.22999954223633,21.25,95.07999,62.39999,136.97,103.23,110.54,104.91,165.35,351.9399,61.42999,91.62999,61.42999,174.69,55.53,53.23999,170.99,55.45,47.25
2017-12-22,65.25,19.260000228881836,93.12,61.32999,129.83,102.55,105.88,106.87,162.46,339.8198,60.09,86.82999,60.34,167.82,50.71999,51.64999,159.5,53.87,46.28
2017-12-29,66.5999984741211,21.31999969482422,93.12,61.06999,128.33,102.57,104.9,105.64,160.27,339.5198,59.20999,86.7,59.73,166.6,48.82999,50.78999,157.79,53.35999,47.03
2018-01-05,67.62000274658203,22.299999237060547,90.15999,60.39,122.18,99.76999,96.56,97.03999,144.74,334.3899,55.07999,81.87,55.98,157.63,47.62999,48.06,146.62,48.78,44.29999
2018-01-12,69.87000274658203,23.520000457763672,84.75,53.09,118.54,92.39,92.12999,97.28999,144.51,298.3699,52.84999,78.65999,53.64999,155.2,44.39,46.87,139.59,43.20999,41.57999
2018-01-19,68.61000061035156,21.200000762939453,85.25,53.0,118.63,94.93999,91.14999,99.98999,148.69,340.1199,55.92999,81.06,56.76999,167.68,43.64,50.51999,147.15,45.48,41.76999
2018-01-26,70.5199966430664,22.290000915527344,85.23999,51.92,116.19,89.68999,88.18999,98.01999,141.08,262.75,56.06,79.10999,56.35999,163.09,42.75,51.70999,143.53,46.56999,41.7
2018-02-02,68.58000183105469,23.799999237060547,78.34999,51.64,116.11,86.53,92.87,99.00999,149.37,255.53,57.35999,80.34999,58.62,165.47,45.2,54.79999,146.65,49.21999,41.79999
2018-02-09,62.790000915527344,29.850000381469727,84.28,55.15999,111.38,90.42,111.73,112.73,175.5,264.6699,65.20999,95.06999,71.14999,181.76,55.65999,67.96999,158.82,58.28,44.78999
2018-02-16,64.83999633789062,26.969999313354492,84.28999,56.48999,110.05,88.29999,97.04999,100.97,150.49,265.8098,63.12,88.34,64.59999,162.92,48.79999,59.56,140.96,51.64,44.10999
2018-02-23,67.30999755859375,24.3700008392334,82.32999,56.25,110.3,84.59999,99.98999,102.93,152.63,258.7,64.25,88.35999,65.87,170.48,46.81999,58.21999,143.16,52.21999,42.12
2018-03-02,64.37000274658203,26.149999618530273,82.28999,56.40999,105.16,83.12999,105.87,108.33,155.09,259.5798,64.21999,87.59999,66.06999,173.8,46.78,56.42999,149.11,51.89,40.79999
2018-03-09,65.48999786376953,26.229999542236328,80.34,56.37999,104.79,82.59999,98.51999,103.92,143.43,258.95,62.14999,89.20999,65.7,165.42,42.81999,55.98,137.35,44.73,40.20999
2018-03-16,66.20999908447266,24.530000686645508,78.37999,55.37999,103.59,81.17999,95.09,104.9,145.44,257.49,64.0,90.31999,65.62,175.41,44.73999,56.98,145.63,45.84999,40.39999
2018-03-23,70.44999694824219,27.559999465942383,83.34,59.42999,108.16,86.01999,113.67,117.11,170.85,254.4,75.75,105.84,77.73999,197.43,55.65999,68.37999,161.26,54.96999,48.65999
2018-03-30,70.2699966430664,25.06999969482422,86.26999,60.28999,109.52,88.46999,106.59,108.56,161.53,253.99,74.5,102.92,75.01999,191.4,51.25999,64.92,149.12,53.07999,47.14
2018-04-06,67.11000061035156,24.989999771118164,88.25,60.73999,106.83,86.62,102.43,106.35,165.66,251.51,73.03999,101.7,73.56,196.67,48.79999,63.34,150.05,51.39,45.43999
2018-04-13,72.58000183105469,28.520000457763672,89.70999,62.98999,108.79,88.90999,99.5,103.91,167.88,254.71,73.06,97.79999,73.31999,199.51,47.31999,61.14,152.75,49.92999,44.45
2018-04-20,74.05999755859375,28.989999771118164,87.75,62.34,110.75,87.64999,102.19,110.27,168.87,255.04,72.29999,98.15999,72.31999,193.84,48.81,58.78999,154.22,48.06999,44.67999
2018-04-27,74.63999938964844,25.59000015258789,88.23,62.60999,109.77,88.03999,105.61,112.46,167.39,254.96,73.76999,105.6,73.78999,193.48,49.31,58.78999,157.4,46.57999,44.92
2018-05-04,74.87000274658203,26.170000076293945,88.23,64.37999,119.55,90.03999,109.76,115.64,181.22,268.3999,78.90999,117.53,79.92,229.3,54.21999,60.73999,170.07,43.37999,45.89999
2018-05-11,77.12000274658203,25.739999771118164,87.23999,63.34999,117.6,89.46999,107.08,113.69,182.7,308.6799,90.67999,113.14,80.15999,234.23,52.71999,59.75,159.63,40.89,45.62999
2018-05-18,78.51000213623047,25.229999542236328,91.65999,63.57999,116.62,93.75999,117.1,130.57,202.15,318.9399,85.28999,124.86,85.78,277.3899,57.64,58.23,178.39,44.78,46.32999
2018-05-25,76.44000244140625,27.760000228881836,87.25,61.67999,120.53,90.65999,111.24,120.06,189.83,270.5898,84.31999,116.81,83.82999,262.8098,53.7,55.78,165.23,45.06,46.12
2018-06-01,77.58999633789062,28.649999618530273,87.23,62.0,120.57,92.42999,123.5,136.67,234.76,267.3699,91.67,121.45,87.00999,279.3699,58.12,56.75,175.54,44.06,46.59999
2018-06-08,76.45999908447266,27.59000015258789,89.2,61.65999,120.55,93.95,121.28,149.34,247.23,269.6699,95.82999,127.76,88.73,271.3098,57.18999,56.75,190.17,43.81999,46.59999
2018-06-15,73.44000244140625,27.63999938964844,97.04999,64.54999,129.36,99.09,125.43,143.04,266.8398,341.21,97.06,126.56,87.50999,311.7898,56.2,56.25,204.75,44.06,45.12
2018-06-22,75.55000305175781,25.520000457763672,95.07999,65.87999,131.34,98.42999,122.27,131.81,256.97,355.2698,105.87,133.14,91.65999,289.47,56.12999,58.17,196.08,46.20999,47.26999
2018-06-29,79.44000244140625,27.18000030517578,92.62999,66.62,135.27,98.2,123.98,133.18,267.98,360.3398,107.81,137.49,93.14,289.96,61.56,69.78999,212.4,50.7,50.26999
2018-07-06,77.11000061035156,28.1299991607666,88.20999,62.89,132.32,92.81999,106.6,113.71,248.09,364.4399,106.84,136.02,89.70999,282.71,59.60999,74.46999,202.9,50.21999,49.28999
2018-07-13,75.33000183105469,27.540000915527344,84.76999,61.09999,130.36,86.92,108.33,110.29,239.65,353.45,97.53999,119.76,79.62999,318.45,55.65999,67.31,181.96,45.98,46.78
2018-07-20,73.06999969482422,26.010000228881836,88.2,62.75,132.36,88.10999,109.81,113.96,222.04,353.3999,93.37999,117.1,77.89999,304.0198,56.12,64.32999,182.78,43.71999,46.23999
2018-07-27,74.29000091552734,24.969999313354492,88.2,63.2,131.86,86.34999,103.43,110.3,207.5,352.97,80.37,106.6,71.5,310.2898,49.42,57.40999,180.08,40.5,44.28
2018-08-03,73.20999908447266,25.61000061035156,85.25999,63.0,130.38,84.00999,103.28,113.73,209.16,349.5498,86.25999,116.86,75.92999,330.3499,48.70999,63.57999,182.03,43.21999,44.50999
2018-08-10,72.80999755859375,25.450000762939453,84.28,64.14999,130.37,84.01999,112.1,121.08,235.24,341.74,86.25999,118.58,78.37999,437.1799,52.17999,62.56999,201.54,42.20999,44.73999
2018-08-17,71.83000183105469,25.709999084472656,88.18999,65.48,133.35,90.01999,110.65,117.17,236.57,343.7898,88.95999,122.0,78.37,495.5898,51.35999,61.57999,219.85,42.2,42.75
2018-08-24,75.81999969482422,23.309999465942383,83.25999,62.93999,132.41,83.53,110.31,114.73,278.9299,345.5298,88.7,120.06,78.84999,475.6099,52.34,58.84,206.73,40.93999,42.71999
2018-08-31,77.41999816894531,25.020000457763672,82.28999,62.04999,130.41,83.0,111.28,118.65,298.97,345.3298,92.64,124.46,80.34,582.0198,55.57999,59.96999,228.05,41.95,42.71999
2018-09-07,76.83000183105469,26.06999969482422,83.23999,62.73,128.67,83.25,114.24,123.1,275.25,350.2598,100.98,141.55,86.73,522.45,57.5,58.84999,239.74,40.42,43.20999
2018-09-14,78.08999633789062,26.399999618530273,83.25,62.54999,127.82,82.12999,105.39,109.82,281.1299,351.9099,97.04999,134.25,80.57999,424.23,48.35999,55.85999,217.83,38.42999,41.45
2018-09-21,78.80000305175781,26.149999618530273,87.42999,64.92999,130.92,82.78999,111.26,115.19,257.0999,352.5999,94.37,132.69,78.42,398.7798,47.56999,58.92,209.65,40.75999,40.81
2018-09-28,82.72000122070312,26.729999542236328,73.48,61.26999,127.51,71.82999,109.3,112.24,255.11,346.3899,93.64,129.03,77.68999,371.22,44.67999,56.95999,200.31,38.06999,41.34
2018-10-05,84.16000366210938,28.84000015258789,74.39999,62.85999,125.88,72.98999,118.12,119.6,241.93,350.24,99.98999,141.01,85.28,416.24,46.89,60.87,218.72,39.25,43.00999
2018-10-12,80.43000030517578,27.729999542236328,90.15999,67.78,130.54,81.07999,121.54,121.06,221.82,368.6899,103.41,144.37,89.45999,393.5898,47.42,65.09,223.09,40.53,44.26999
2018-10-19,79.77999877929688,27.420000076293945,100.0,69.48999,132.99,78.84999,123.24,127.91,212.0,360.8499,105.85,147.02,91.90999,389.5498,48.73,67.70999,217.73,40.70999,44.82999
2018-10-26,77.62000274658203,29.09000015258789,97.04999,68.81999,133.43,76.37,125.17,134.22,206.61,360.73,111.69,156.91,97.54999,388.9299,50.73999,73.03,232.25,40.87999,45.37999
2018-11-02,72.83000183105469,32.209999084472656,94.06999,67.85999,132.74,74.25,122.27,139.16,195.08,358.9099,109.76,149.17,92.64,369.5798,50.62999,65.84,222.02,41.0,44.76999
2018-11-09,70.18000030517578,35.099998474121094,94.09,67.67,132.74,73.92,119.57,139.13,197.78,359.2698,104.87,141.62,89.70999,363.7998,49.2,63.64999,220.41,41.04999,44.31
2018-11-16,66.76000213623047,40.560001373291016,97.03999,68.59999,133.32,75.85999,128.36,149.4,203.98,360.97,112.83,145.47,94.84999,366.5598,51.17999,68.81,225.6,42.98999,45.15999
2018-11-23,58.79999923706055,65.16999816894531,97.03999,69.14,133.79,76.73999,143.54,160.68,213.77,363.5098,118.86,151.4,100.24,392.5398,56.59,74.20999,238.89,43.78999,46.54999
2018-11-30,58.709999084472656,56.040000915527344,96.04999,69.21999,134.11,77.84999,139.15,147.97,207.46,363.23,111.68,140.94,93.85999,386.5498,57.56,69.51999,228.17,41.14,45.82999
2018-12-07,61.66999816894531,41.83000183105469,94.09,68.31,133.46,76.78,135.24,147.47,206.15,360.0798,109.96,140.45,90.17999,383.3899,59.56999,68.78,224.16,39.89999,45.37
2018-12-14,60.279998779296875,42.380001068115234,93.09999,67.31,133.61,75.67999,130.36,144.09,196.59,371.6299,104.31,135.11,83.79999,376.2798,55.62,65.57999,221.67,38.29999,44.48
2018-12-21,53.81999969482422,51.7599983215332,100.0,70.39,133.69,81.15999,152.2,149.01,207.52,372.8999,107.56,139.23,87.98,359.25,63.5,69.28,217.3,39.48,45.89999
2018-12-28,52.20000076293945,53.11000061035156,100.0,69.32999,135.0,81.31,156.93,154.88,206.74,368.8398,109.08,137.57,87.73,358.7598,63.25999,67.75999,220.97,39.84999,46.43999
2019-01-04,57.060001373291016,51.52000045776367,105.93,70.64999,136.08,83.25999,144.12,144.68,188.87,376.5698,111.46,141.93,91.64999,357.3298,58.5,70.23999,215.89,41.73999,48.01999
2019-01-11,60.47999954223633,40.9900016784668,100.0,69.53,135.8,82.28999,135.0,136.77,182.3,377.6399,98.26999,126.85,83.31,367.24,55.09999,63.34999,206.05,37.64999,45.39
2019-01-18,62.70000076293945,35.630001068115234,92.09,66.34999,135.97,79.31,124.2,127.48,170.87,380.97,90.56,123.68,80.34,329.3098,48.60999,60.12,196.1,35.48999,43.67
2019-01-25,61.63999938964844,35.209999084472656,89.12999,63.82999,135.51,78.82999,128.52,130.43,169.73,379.6199,86.51999,117.36,78.35999,314.6899,48.84,59.10999,186.31,35.34999,42.67999
2019-02-01,61.869998931884766,33.400001525878906,90.10999,61.98,134.84,78.59,122.91,135.32,164.78,385.73,81.93999,111.01,72.42999,305.9099,47.09,54.39999,174.33,33.73999,42.09
2019-02-08,62.099998474121094,32.560001373291016,91.12999,61.48,134.79,75.56,120.72,139.22,171.21,373.0098,83.37,115.91,73.53999,314.0898,48.85999,57.62,182.55,34.21999,42.64
2019-02-15,66.25,29.459999084472656,90.62999,61.64,135.45,75.81,118.54,134.66,161.88,373.25,76.56999,112.98,68.53999,308.75,48.50999,54.62999,187.73,32.75,46.75999
2019-02-22,67.12000274658203,29.850000381469727,88.65999,61.53,134.58,75.62,112.8,132.42,161.42,368.0999,71.42,109.07,64.35999,315.6499,47.62,52.12999,182.85,31.29999,46.42
2019-03-01,65.06999969482422,30.309999465942383,81.23,58.56999,132.14,69.39,109.0,125.71,156.43,356.72,64.14999,99.5,61.31,306.0698,45.98999,50.12,178.53,30.23,45.45999
2019-03-08,65.73999786376953,29.770000457763672,88.15999,59.75,133.04,75.35999,114.09,128.06,163.5,360.21,67.00999,102.94,63.53,327.5498,47.65999,51.84999,186.07,31.31999,45.82999
2019-03-15,67.16000366210938,26.270000457763672,79.28999,58.04999,131.88,68.98999,106.67,123.35,154.56,321.48,61.56999,97.90999,58.89999,309.1599,44.82999,46.7,174.95,30.14,44.00999
2019-03-22,67.02999877929688,27.780000686645508,85.25999,62.65999,136.74,74.23999,113.14,127.83,177.23,364.25,64.07999,100.67,61.71999,391.2898,49.26999,47.81,197.09,31.21999,44.73999
2019-03-29,68.38999938964844,26.75,90.12999,61.75999,139.42,75.70999,108.3,121.35,174.53,363.8098,62.53,103.83,60.79999,418.98,45.18999,46.0,196.79,34.67,43.28
2019-04-05,70.33999633789062,24.0,83.25,61.31,139.93,70.96999,105.23,118.03,169.85,316.25,57.67,97.79999,55.84999,385.21,41.06,43.31,179.65,34.25,41.7
2019-04-12,71.55000305175781,25.700000762939453,83.21999,59.46999,140.46,67.79999,96.93999,112.71,169.46,322.8098,55.48999,98.10999,53.68999,448.21,39.25,43.17999,180.71,33.5,40.93999
2019-04-19,71.97000122070312,24.450000762939453,77.82999,58.48999,141.6,64.28,95.07999,109.73,170.31,314.7598,53.37,91.96999,51.90999,428.8799,37.12,41.01999,178.46,32.10999,37.43999
2019-04-26,72.1500015258789,31.239999771118164,78.82999,58.2,140.93,65.40999,97.09,113.82,174.05,320.5898,54.95,96.32999,53.42999,456.0898,38.78,42.7,185.01,33.0,37.2
2019-05-03,70.8499984741211,29.8799991607666,80.28999,57.73,141.49,66.14999,99.29999,110.67,169.43,315.7798,56.84,96.57999,50.96999,432.0898,39.62999,41.95999,187.24,32.65999,37.06999
2019-05-10,70.62000274658203,32.79999923706055,84.23,58.14,142.44,66.57999,106.66,118.77,170.86,327.5798,63.34999,102.76,55.89,482.99,44.53,46.81,183.36,35.75999,37.7
2019-05-17,72.20999908447266,29.440000534057617,93.09,60.03999,146.98,70.81999,108.92,117.26,183.95,363.6199,65.09,104.84,57.26999,483.2798,47.03999,49.5,192.46,35.42999,37.7
2019-05-24,68.69000244140625,33.189998626708984,92.59999,60.68999,147.23,69.73,112.24,120.0,178.2,363.6299,67.90999,107.94,60.42999,514.1499,48.37,53.09,194.23,36.12999,37.73
2019-05-31,64.48999786376953,46.90999984741211,96.06,61.84999,147.26,71.28,116.52,129.44,178.18,333.21,73.10999,113.06,64.73999,480.47,51.7,59.70999,198.89,37.46999,38.70999
2019-06-07,63.290000915527344,38.75,88.17,61.06999,148.1,67.7,110.06,128.25,167.98,330.1499,70.73999,106.48,62.23999,465.2998,45.87999,55.7,201.22,34.96999,37.56
2019-06-14,62.0099983215332,42.88999938964844,90.14,61.09999,146.4,68.84999,107.95,123.15,164.14,325.95,66.48,102.73,58.62,476.5298,42.57999,51.50999,200.4,33.70999,36.25999
2019-06-21,65.19999694824219,42.130001068115234,86.17999,60.92,143.82,64.78,92.67999,110.74,148.97,320.99,58.46999,92.06999,51.93999,438.95,38.67999,43.84,170.95,32.51999,34.39999
2019-06-28,66.55000305175781,39.459999084472656,85.2,60.67,142.26,64.56,91.67,111.34,149.18,321.4099,54.31999,90.95,48.46999,394.71,38.78999,44.76999,166.34,32.81,35.2
2019-07-05,64.2300033569336,34.70000076293945,80.21999,57.82999,138.12,59.87999,88.67,109.78,144.69,317.47,50.82999,86.14,47.28999,372.5298,37.56999,41.73999,163.24,32.12,34.43999
2019-07-12,66.72000122070312,30.38999938964844,77.81999,57.76999,137.57,58.7,83.95999,113.51,127.75,313.9099,51.85999,85.98,48.92,400.1399,36.29999,42.82999,159.68,32.73999,34.87999
2019-07-19,62.470001220703125,34.84000015258789,74.34999,56.56999,136.77,55.60999,85.10999,115.12,127.7,312.23,51.85999,85.32999,48.43999,366.8499,36.48,42.75,158.02,32.62999,34.7
2019-07-26,63.459999084472656,32.290000915527344,71.89999,49.25,136.23,51.85999,82.32999,114.4,123.16,305.6499,48.07999,78.32999,45.42999,347.7798,34.64,40.07999,169.22,29.82999,33.03999
2019-08-02,61.88999938964844,35.560001373291016,73.40999,49.53,136.92,52.12,94.59,122.95,132.22,308.5198,55.85999,89.34999,51.67,370.8398,40.20999,46.73999,185.21,30.62,33.17999
2019-08-09,58.529998779296875,35.13999938964844,77.31,50.59999,135.75,55.51999,95.45999,120.46,130.06,309.0098,58.37,93.51999,54.67999,378.6099,39.81,51.23,186.91,33.03,33.25999
2019-08-16,58.63999938964844,35.02000045776367,77.31,50.01999,135.99,53.14,100.07,117.5,137.47,318.3699,59.03,97.07999,55.34,405.6899,39.18999,53.01999,188.65,33.04999,33.04999
2019-08-23,59.34000015258789,35.20000076293945,72.37,49.10999,136.29,50.90999,99.25,116.74,136.78,311.4099,52.89,90.90999,49.87999,410.1399,38.14999,46.84,188.04,32.34999,32.42
2019-08-30,60.43000030517578,32.15999984741211,72.39999,47.92999,136.17,50.23999,93.34999,111.24,133.68,307.2798,51.57999,90.0,49.17,421.6099,36.17999,46.73,178.28,33.62999,32.42
2019-09-06,61.540000915527344,33.209999084472656,66.48999,43.14,131.97,43.93999,82.23999,99.90999,123.49,266.0298,46.85999,79.15999,44.79999,378.7,32.18999,41.43999,162.65,30.12999,30.65999
2019-09-13,60.220001220703125,35.47999954223633,64.48,41.75999,124.51,42.48,80.39999,99.5,123.07,258.7598,44.07999,76.62,41.78,374.5498,31.31999,39.29999,162.16,29.42999,28.76999
2019-09-20,64.27999877929688,38.9900016784668,74.42999,47.53,130.97,50.31999,89.2,110.18,130.44,270.49,48.87,87.78,46.82999,372.25,35.76999,45.40999,179.51,33.84999,30.96999
2019-09-27,61.90999984741211,38.900001525878906,76.39,52.34,131.31,54.06,94.20999,115.68,137.19,316.95,52.06999,90.09,48.37,352.3398,37.82999,47.89,188.79,34.57999,30.73
2019-10-04,58.369998931884766,39.310001373291016,80.31999,53.96999,132.5,55.56999,93.64999,113.73,137.2,322.4399,53.95999,93.09999,49.95,354.71,36.87999,49.32999,192.93,34.62,30.89
2019-10-11,60.5099983215332,39.650001525878906,80.26999,53.31999,131.61,54.67999,90.35999,110.82,133.37,327.5098,51.81,88.64999,47.93999,385.3398,34.78,46.03999,187.97,33.68999,30.34
2019-10-18,59.41999816894531,36.43000030517578,74.42,48.37,127.65,49.39,86.45999,104.62,128.81,326.0898,47.42999,82.92999,43.56999,368.9299,33.12,42.00999,179.1,32.53999,29.28
2019-10-25,62.02000045776367,34.63999938964844,71.42999,47.23999,126.79,47.31999,79.34,92.57999,118.71,323.95,45.10999,79.14,40.89999,333.5198,38.51999,40.21999,163.49,30.70999,28.56999
2019-11-01,61.689998626708984,34.369998931884766,70.92,46.14,125.62,46.60999,78.48999,89.17999,116.67,309.98,43.78999,76.51999,40.90999,330.5798,41.48,40.92999,185.54,29.89,27.92
2019-11-08,62.5099983215332,31.450000762939453,68.5,43.70999,125.53,44.45999,76.0,86.31,117.18,308.2998,40.14,71.95,38.37999,311.73,42.75,37.28999,176.69,27.81,27.28999
2019-11-15,63.29999923706055,32.41999816894531,67.48,43.82999,124.19,44.2,82.35999,91.01999,121.53,309.1699,42.20999,73.35999,40.87999,302.6799,49.12999,39.28999,177.24,28.20999,27.23
2019-11-22,63.38999938964844,32.380001068115234,68.45999,41.84999,121.46,43.53999,87.68999,92.17999,124.06,312.46,43.67999,75.42,42.28,300.2798,56.45,40.84999,183.61,28.95,27.92
2019-11-29,62.43000030517578,36.72999954223633,69.45,42.07999,118.73,43.51999,90.10999,91.42999,124.14,311.2698,42.56999,74.09,41.10999,313.45,57.28,39.60999,185.32,28.43999,27.82999
2019-12-06,64.38999938964844,30.020000457763672,69.42,42.23999,117.49,43.18999,81.67999,82.60999,117.42,309.47,42.89999,73.81999,41.76999,305.3499,50.51999,39.71999,185.64,27.26999,27.62999
2019-12-13,65.22000122070312,26.760000228881836,60.64,38.07999,95.67999,39.31999,73.28999,77.7,100.77,303.5,40.23999,67.98999,38.53999,289.0098,43.65999,36.09,173.31,24.84,26.48
2019-12-20,66.13999938964844,25.540000915527344,58.56999,35.78999,90.75999,36.78999,75.32999,81.53999,103.58,298.95,36.45,64.31,35.34,280.0198,43.85999,33.14,164.59,22.90999,24.85999
2019-12-27,68.16000366210938,25.15999984741211,58.59,35.75999,90.59,37.00999,73.20999,79.34,99.96999,305.4099,35.87999,63.40999,34.59999,278.5,42.50999,32.2,163.59,22.64999,24.29999
2020-01-03,68.5999984741211,31.920000076293945,63.54999,37.50999,91.64999,37.96999,71.89999,78.37,99.37999,299.1099,36.65999,64.23999,35.48999,279.0798,42.25999,33.37999,162.09,23.28999,24.39999
2020-01-10,64.9800033569336,30.3799991607666,64.46999,39.31,94.26999,40.26999,70.5,76.20999,98.81,296.23,36.12999,62.78999,34.7,269.3398,44.53,32.73,163.42,22.73999,23.57999
2020-01-17,64.8499984741211,28.600000381469727,63.45,39.60999,93.07999,40.78,73.73999,78.5,97.87999,290.9299,33.73999,60.12999,33.65999,245.99,45.53,30.67,169.32,21.53,22.28
2020-01-24,60.689998626708984,34.54999923706055,63.46999,38.32999,90.95,42.98,82.32999,84.23999,101.9,290.3499,38.62999,63.67,38.76999,236.68,51.35999,36.96999,177.37,23.71999,22.75
2020-01-31,58.15999984741211,40.349998474121094,66.46999,40.70999,94.75999,45.64999,82.2,84.25,104.56,294.7598,41.09,65.85999,40.84999,239.82,51.35999,40.90999,186.18,26.62999,27.0
2020-02-07,54.470001220703125,37.5099983215332,64.94,40.25999,94.31,43.84,75.03999,79.03,100.34,295.5701,37.53,63.91,36.39999,254.81,48.97,35.50999,176.94,24.69,27.58
2020-02-14,57.31999969482422,35.93000030517578,61.95,38.78,94.78999,41.53,70.74001,74.60001,93.25999,291.76,36.53999,61.02,35.27,263.25,46.58,34.27,167.65,23.39999,27.19
2020-02-21,58.5,35.869998931884766,61.98,38.85001,98.67999,41.66,69.37,71.36,92.96001,288.98,36.72,60.39999,35.34,283.3999,45.53,35.66,170.04,24.56,27.19
2020-02-28,50.52000045776367,51.25,78.85001,47.49001,114.02,50.75,106.87,107.66,134.66,314.0701,56.25999,93.03999,51.28999,373.4199,69.42999,49.92999,212.9,34.75,38.75
2020-03-06,45.27000045776367,65.0199966430664,95.07001,56.25,134.0,59.46001,115.36,114.72,142.15,309.9099,66.02,101.7,61.09,382.48,75.17999,53.25999,249.5,36.17999,48.02
2020-03-13,33.849998474121094,118.4800033569336,169.09,99.17,274.5601,106.58,223.74,207.41,248.92,515.1299,150.84,180.56,122.5,466.8799,110.65,80.25999,305.29,47.42,74.67999
2020-03-20,26.979999542236328,190.0800018310547,192.95,139.23,302.8601,155.52,319.01,283.22,340.53,543.04,173.29,240.81,147.85,510.03,149.25,71.42,383.9399,53.32001,98.42999
2020-03-27,24.93000030517578,175.8800048828125,158.86,111.91,297.8501,125.46,229.33,235.72,259.8101,556.4299,111.96,194.08,100.78,486.9199,125.23,50.5,396.6499,36.37,82.03
2020-04-03,34.11000061035156,141.67999267578125,158.9,118.85,303.97,134.62,267.8601,279.3601,347.1001,541.1499,130.36,248.89,117.02,641.8701,157.69,59.74001,492.47,43.52,92.45
2020-04-10,31.479999542236328,129.8800048828125,154.05,128.86,303.9299,131.77,221.11,221.32,255.18,620.8501,103.12,203.6,87.2,521.5801,117.32,45.14,365.3401,31.75999,79.53999
2020-04-17,28.079999923706055,95.91000366210938,163.9,128.95,298.05,133.34,245.36,270.2,284.4399,612.1799,100.31,194.05,83.07001,623.55,110.28,43.19,392.27,32.10001,70.92999
2020-04-24,21.440000534057617,173.52999877929688,163.91,126.6,303.1201,126.96,272.0801,299.3301,361.6201,656.8701,119.46,217.69,88.08,594.6699,121.85,51.33,415.3101,37.74001,72.2
2020-05-01,26.440000534057617,110.18000030517578,173.82,125.12,303.1001,125.31,244.32,255.75,313.47,641.3,108.3,210.52,82.42999,604.9299,109.36,47.98,427.8401,34.88,64.52
2020-05-08,30.969999313354492,98.6999969482422,161.07,114.6,269.8501,114.61,220.49,231.53,309.05,597.4399,109.11,204.99,84.17,643.3301,100.66,50.50999,404.1699,35.75,63.97
2020-05-15,32.5,76.38999938964844,154.17,106.78,260.0801,109.06,238.35,241.31,337.8899,585.1499,112.19,200.91,88.62,616.1499,114.56,54.09,398.8,34.89,63.08
2020-05-22,35.130001068115234,84.9800033569336,144.31,96.10001,234.32,99.25999,192.35,197.51,304.01,560.28,96.64,175.97,78.96001,549.6201,97.41,53.25999,354.0701,28.74001,57.23
2020-05-29,35.33000183105469,69.2300033569336,139.37,94.57001,225.38,94.57001,172.37,177.94,284.79,558.3101,89.64,161.4,73.77,550.47,93.71001,56.84,344.1101,28.22,53.95
2020-06-05,42.29999923706055,64.19999694824219,95.06,75.97,200.88,79.41,120.2,121.57,202.7,539.02,72.49001,124.74,62.47,452.1499,70.03,48.14999,253.95,24.22,47.14
2020-06-12,38.72999954223633,70.22000122070312,100.0,78.89,195.93,82.3,163.93,163.63,260.99,534.28,77.12,133.12,67.86,477.24,91.13,51.83,290.6001,28.11,45.09
2020-06-19,42.189998626708984,58.72999954223633,95.07001,74.23,190.82,75.14999,153.07,150.9,259.0701,467.77,71.48,123.69,62.98,469.4299,84.33,49.8,274.95,27.83,43.67
2020-06-26,41.02000045776367,63.689998626708984,100.0,74.91974,197.1968,76.5609,164.8641,163.618,262.9446,462.8547,73.14079,129.4216,65.55803,486.9998,87.78278,50.73338,304.2644,28.63474,44.85155
2020-07-03,43.13999938964844,51.290000915527344,108.86,70.14,193.78,64.00999,135.38,135.77,224.18,438.8401,68.37,122.8,61.67999,458.52,76.45,47.05,287.79,26.89,43.84
2020-07-10,43.2400016784668,49.709999084472656,95.06,64.03999,196.45,62.60001,149.84,150.97,238.3,435.6599,66.87,123.73,61.92,517.8,76.84,46.67999,313.3101,26.17999,43.95
2020-07-17,43.13999938964844,40.220001220703125,100.0,60.95,195.76,59.53,141.25,150.56,228.46,437.3,65.58,126.17,60.69,518.5901,76.19,45.38,322.6201,25.49001,42.82001
2020-07-24,43.34000015258789,42.349998474121094,90.13,55.36,191.06,56.75,128.69,141.53,225.2,426.26,61.36,116.68,57.91,489.79,71.41,44.81,291.3799,24.73,42.36
2020-07-31,43.29999923706055,44.43000030517578,90.13538,54.90273,187.7688,56.86955,128.2566,142.2374,215.2157,445.7449,60.03586,116.4873,57.29884,553.6787,70.64996,44.42236,306.625,24.35323,42.5289
2020-08-07,44.400001525878906,37.43000030517578,90.12,53.81,185.6,50.25999,122.16,133.64,213.32,440.95,55.42,110.26,54.27,573.6899,67.39999,42.98,308.6899,23.59,41.16
2020-08-14,44.79999923706055,35.099998474121094,83.22,51.94,169.14,46.42999,131.47,136.73,224.74,416.5701,52.27,105.04,50.59,558.96,69.2,40.83,296.26,22.73,40.58
2020-08-21,44.349998474121094,33.68000030517578,87.16,47.88,175.53,46.72,125.46,126.67,222.69,423.27,51.67,103.04,50.13,546.28,65.75,39.49001,293.9199,22.64,40.49001
2020-08-28,45.04999923706055,32.060001373291016,85.2,47.64,167.78,46.12,117.74,119.25,211.64,424.9099,49.17999,97.83,47.71001,523.0,60.78,36.39,286.54,22.99001,39.39999
2020-09-04,42.65999984741211,44.02000045776367,77.27,45.86,162.23,44.86,116.66,115.94,204.94,413.71,44.95,87.24001,45.11,507.1399,61.77,34.98,283.28,22.82001,37.53999
2020-09-11,39.83000183105469,50.130001068115234,83.22,46.07001,154.91,44.85001,121.37,119.75,200.64,415.49,46.24001,92.75999,46.25999,507.1001,62.10001,36.86,284.6899,23.19,38.14999
2020-09-18,43.150001525878906,39.06999969482422,82.22,45.97,150.94,44.98,123.84,121.6,201.34,413.8999,45.02,92.5,45.10001,522.0601,59.36,36.86,275.0,23.08,38.03
2020-09-25,41.91999816894531,41.40999984741211,101.97,56.10001,162.68,58.22,162.12,159.88,248.51,450.1799,57.67999,118.59,57.55,539.6101,73.42999,51.10001,322.8201,28.2,47.22
2020-10-02,39.27000045776367,55.5099983215332,95.07001,53.61,161.31,53.92999,145.04,144.73,243.61,445.25,55.89999,114.23,56.00999,515.6001,67.25999,49.11,312.51,26.95,48.67999
2020-10-09,42.849998474121094,42.380001068115234,73.39,42.47,140.53,43.13,116.56,117.25,213.87,427.22,47.83,95.42,47.84,504.24,55.28,40.32001,275.3999,24.72,43.75999
2020-10-16,42.93000030517578,44.060001373291016,73.39,42.78999,142.15,43.14999,118.14,119.02,217.11,424.26,47.39,96.13,47.41,517.5601,52.98,39.60001,275.8999,25.58,45.32001
2020-10-23,41.77000045776367,46.31999969482422,70.42999,43.17999,141.34,41.98,118.67,120.69,209.65,416.7,45.45,94.64,45.2,510.1499,54.77,38.48,264.8301,25.32001,45.55
2020-10-30,37.459999084472656,68.83999633789062,83.73,50.57001,142.25,50.77,125.42,126.77,215.33,407.8899,48.62,99.25,48.35001,552.24,57.55,40.87,276.1299,26.21001,49.69
2020-11-06,39.45000076293945,55.75,75.34,41.05,136.01,40.66,102.7,103.27,186.94,406.96,42.84,84.94,42.96001,523.28,53.89,35.66,247.9,24.36,44.48
2020-11-13,42.779998779296875,48.2400016784668,65.47,38.75999,125.8,38.8,99.2,98.14,179.67,378.8899,38.41,77.21001,37.74001,398.02,54.72,32.03,223.02,22.49001,38.31
2020-11-20,44.959999084472656,43.939998626708984,70.41,39.14999,125.15,39.14,94.88,94.33,172.51,376.46,39.71001,79.25,39.36,370.3701,53.92,33.52,228.41,22.5,38.84
2020-11-27,48.18000030517578,46.209999084472656,70.41,39.16,121.73,39.78,87.41,87.14,163.86,370.99,36.25,73.0,36.12,380.72,49.50999,30.64999,225.98,21.69,37.21001
2020-12-04,49.25,38.34000015258789,67.41,38.58,116.78,38.58,85.19,84.14999,151.93,377.47,36.14,70.46001,36.14999,354.23,48.14999,30.17999,199.75,21.39,36.12
2020-12-11,49.970001220703125,39.5099983215332,67.42,38.60001,113.82,38.60001,93.49001,92.33,153.7,377.4299,38.61,70.46001,36.64,375.3101,48.75999,29.67,201.73,21.75999,36.11
2020-12-18,52.2599983215332,37.150001525878906,67.39999,38.57001,113.82,38.57001,93.35001,85.77,148.76,377.6101,38.09,68.48,35.63,321.29,46.72,29.14,199.28,21.99001,35.56
2020-12-25,51.290000915527344,39.40999984741211,70.36,39.56,113.82,38.57001,90.58,83.38,144.83,377.6499,38.09,68.47,36.62,320.3601,46.74001,29.12,211.05,22.77,35.56
2021-01-01,51.79999923706055,37.83000183105469,67.39999,39.57001,113.82,38.57001,88.39,82.08,141.6,377.6699,38.09,67.49001,36.63,305.5,45.33,29.12,202.2,22.74001,35.56
2021-01-08,55.9900016784668,36.650001525878906,67.39,40.53,113.83,38.55,91.0,82.67,155.0,377.8201,37.10001,67.98,36.11,308.95,46.33,29.12,216.55,23.67,35.56
2021-01-15,55.099998474121094,40.38999938964844,67.42,41.58,113.82,42.57001,105.61,93.06,167.76,377.6299,42.07001,73.41,40.59,327.0701,54.47,31.14,228.48,25.96001,38.06
2021-01-22,55.40999984741211,36.25,67.39999,41.56,113.82,42.53999,107.01,93.94,171.93,356.3401,41.56,73.39999,40.57001,326.1699,54.0,31.12,223.64,25.39,38.53999
2021-01-29,55.880001068115234,40.20000076293945,67.39,41.55,113.83,42.53,112.79,95.24001,171.67,356.4399,43.03999,76.35001,41.55,307.48,54.39,32.10001,226.61,26.07001,38.53
2021-02-05,59.34000015258789,34.939998626708984,63.44,41.53,110.86,42.52,96.64999,82.14,147.62,356.52,40.05,69.92999,39.55,285.3899,45.98,30.84,199.76,24.19,37.52
2021-02-12,62.43000030517578,34.25,63.42,41.50999,110.87,42.49001,95.11,81.38,152.8,356.7,38.55,68.45,38.06,286.96,44.78999,30.09,204.2,23.35001,36.52
2021-02-19,62.90999984741211,37.7599983215332,63.39999,41.48,110.88,42.47,102.87,85.06,162.07,356.8601,37.78,68.19,37.53999,283.1299,46.52,29.55,214.56,22.50999,36.49001
2021-02-26,66.12999725341797,42.4900016784668,65.44,41.58,110.86,42.57001,124.93,107.7,193.87,319.4199,40.57001,76.84,40.56,316.23,56.86,31.11,231.98,23.64,39.53
2021-03-05,69.36000061035156,36.61000061035156,65.41,41.53,110.87,42.52,126.08,111.02,194.22,319.6299,42.50999,78.8,42.52,328.72,58.03,33.08,229.14,23.57001,40.49001
2021-03-12,69.22000122070312,37.5099983215332,66.36,41.49001,110.87,45.45,114.55,102.34,198.6,319.8101,42.0,80.28,41.99001,322.5,51.67999,32.55,213.59,21.78,39.49001
2021-03-19,64.52999877929688,44.380001068115234,66.39,41.53,104.94,45.49001,110.26,95.66,190.08,319.7,40.07001,76.36,40.57001,302.76,50.21001,30.64,209.63,20.86,38.53999
2021-03-26,64.56999969482422,44.93000030517578,73.36,45.53999,109.88,50.5,131.13,111.95,218.24,341.77,44.59,86.23,44.10001,455.8201,58.87,34.14999,235.54,22.59,41.10001
2021-04-02,64.86000061035156,40.150001525878906,71.35001,51.45,109.88,50.48,129.64,108.96,221.19,341.95,44.60001,87.71001,44.60001,446.4299,57.75999,34.69,231.67,22.60001,40.64999
2021-04-09,62.95000076293945,39.189998626708984,68.42,47.53999,109.87,47.55,125.77,105.44,218.7,341.74,46.55,85.25,46.56,439.8799,56.03,38.12,225.31,22.47,40.61
2021-04-16,66.7699966430664,32.790000915527344,65.45,47.53,109.88,47.53999,105.93,90.08,199.09,341.8601,46.55,81.8,46.56,397.8201,50.24001,39.64,203.42,22.07001,40.61
2021-04-23,66.11000061035156,38.70000076293945,65.44,47.5,109.88,47.50999,115.61,93.11,188.63,342.0,47.03999,80.33,47.05,421.25,51.81,39.64,208.33,21.32001,42.09
2021-04-30,67.25,38.38999938964844,65.45,47.53,109.88,45.57001,126.35,94.16,189.56,341.8999,46.55,77.87,46.56,414.3301,52.85001,38.14999,212.72,20.63,41.60001
2021-05-07,68.27999877929688,37.630001068115234,65.47,47.56,109.87,45.60001,128.09,92.92,174.98,341.8401,46.11,77.39999,46.86,389.3601,52.39,37.22,204.4,19.94,41.60001
2021-05-14,68.70999908447266,36.459999084472656,64.46001,45.53999,109.88,45.56,130.38,93.25,174.44,342.0601,49.03999,79.84,49.53999,399.45,54.48,39.14999,199.11,19.48,41.61
2021-05-21,66.44000244140625,39.34000015258789,64.44,45.52,109.88,45.53999,138.89,95.25999,177.11,342.1899,48.50999,79.34,49.02,397.0901,70.59,40.60001,192.76,19.31,41.58
2021-05-28,69.62999725341797,33.540000915527344,64.42999,45.50999,109.88,45.53,140.92,93.75,170.79,342.28,46.49001,76.36,46.75,406.1001,68.61,38.08,190.9,19.03999,41.03999
2021-06-04,71.88999938964844,31.760000228881836,64.46001,45.53999,109.88,45.57001,135.54,93.42999,162.23,342.1399,46.02,75.88,46.03999,401.04,66.45,37.61,183.56,18.89999,40.07001
2021-06-11,72.69000244140625,32.54999923706055,61.42999,45.46001,109.89,40.52,125.44,91.3,158.89,342.5601,44.00999,73.39999,43.53,368.6699,64.28,36.34,178.28,18.73,38.56
2021-06-18,73.51000213623047,33.95000076293945,61.49001,45.53999,109.89,40.61,136.19,97.7,166.21,342.24,45.06,74.64999,44.82001,384.1101,66.39,37.14999,186.49,18.89,38.61
2021-06-25,76.18000030517578,31.299999237060547,61.48,45.53,109.89,40.60001,135.26,92.98,157.19,342.3201,44.59,74.42,44.59,375.73,60.61,36.67,176.71,18.75,38.63
2021-07-02,76.16999816894531,32.869998931884766,61.53,45.59,109.89,40.67,137.31,92.23,164.28,342.0801,44.59,74.42,44.60001,381.05,57.86,36.67999,184.98,18.71001,38.64
2021-07-09,75.55000305175781,37.02000045776367,61.46001,45.49001,109.89,40.56,137.47,93.17,172.65,342.5601,47.50999,78.82001,47.02,383.6599,59.45,39.10001,186.06,18.69,38.57001
2021-07-16,73.58999633789062,37.150001525878906,61.48,45.53,109.87,40.60001,143.23,93.91,173.17,342.4299,48.0,78.33,47.02,375.3601,65.31,37.61,190.22,18.84,39.07001
2021-07-23,74.0999984741211,34.04999923706055,61.47,45.52,109.87,40.59,146.1,94.05,171.54,342.51,49.0,79.81,48.02,378.3899,65.58,38.86,201.24,19.25,39.08
2021-07-30,76.33000183105469,32.849998474121094,61.5,45.56,109.88,40.63,147.31,96.47,174.64,342.3899,52.06,81.3,51.00999,377.5601,70.42999,40.13,199.75,19.22,41.59
2021-08-06,70.69999694824219,39.310001373291016,55.44,45.48,109.89,40.55,144.33,95.00999,181.23,342.75,51.99001,79.8,50.95,384.1399,70.12,39.55,198.59,19.0,41.52
2021-08-13,70.58999633789062,35.90999984741211,55.5,45.55,109.89,40.62,141.53,91.03,177.42,342.5,50.55,75.14,50.0,380.0601,67.58,38.61,198.79,18.53999,38.59
2021-08-20,65.18000030517578,40.66999816894531,55.46001,45.50999,109.89,40.58,145.49,94.60001,188.03,342.7,49.57001,74.64999,48.57001,383.3601,68.64,35.64999,202.01,18.75999,38.59
2021-08-27,72.69999694824219,34.93000030517578,55.5,45.56,109.88,40.63,133.54,87.17,175.64,342.54,48.08,72.42999,47.82001,364.1499,60.63,35.64,189.03,18.53999,38.58
2021-09-03,72.61000061035156,36.90999984741211,55.47,45.50999,109.89,40.58,130.7,83.48,173.6,342.76,43.62,67.47,43.61,361.3899,62.82001,33.16,179.54,18.27,35.60001
2021-09-10,72.91999816894531,33.540000915527344,55.44,45.49001,109.89,40.55,131.41,83.55,176.39,342.9099,42.84,67.46001,42.82001,360.02,65.63,33.63,176.85,18.0,35.58
2021-09-17,75.33999633789062,32.31999969482422,50.53999,40.53999,91.10001,40.56,132.46,81.55,178.41,342.9299,44.58,69.44,44.56,380.02,67.48,36.60001,181.01,18.10001,35.59
2021-09-24,78.08999633789062,34.0099983215332,57.09,44.61,96.57001,45.13,152.93,95.96001,197.22,358.3999,49.62,79.35001,49.59,417.3301,83.22,43.66,199.48,19.64,38.64999
2021-10-01,79.27999877929688,37.470001220703125,57.13,44.66,96.58,45.17999,168.3,100.76,201.16,358.21,51.61,82.3,52.58,428.6001,86.41,47.14,208.37,20.14999,40.66
2021-10-08,82.38999938964844,38.0,57.07001,44.58,96.57001,45.10001,165.65,98.61,203.26,358.21,58.52,86.23,60.48,429.3101,87.47,51.58,209.23,21.17,41.64
2021-10-15,84.86000061035156,34.04999923706055,57.03,44.53,96.57001,45.05,159.57,97.02,200.05,358.8701,60.50999,86.71001,61.42,442.3201,89.55,51.05,205.65,20.50999,42.57001
2021-10-22,85.52999877929688,36.869998931884766,53.60001,44.61,96.57001,45.13,157.05,99.12,235.9,358.5901,57.58,83.77,59.03999,453.97,88.74001,47.62,207.24,19.75999,39.63
2021-10-29,84.37999725341797,37.91999816894531,53.62,44.63,96.57001,45.16,162.29,103.43,244.17,358.5901,53.58,81.28999,56.03,443.52,88.66,46.08,206.73,19.28999,38.58
2021-11-05,82.73999786376953,37.84000015258789,53.66,44.67999,96.58,39.74001,162.46,99.05,233.18,358.5901,58.55,83.27,61.52,393.74,77.39,50.57001,191.57,19.57001,38.13
2021-11-12,82.16999816894531,36.099998474121094,53.59,44.60001,96.57001,39.66,172.33,97.41,232.39,358.71,61.52,84.25999,65.47,402.6899,78.03999,53.57001,192.1,19.53999,37.64
2021-11-19,78.88999938964844,37.130001068115234,47.62,44.62,96.57001,39.67999,181.34,97.88,234.7,358.5801,57.16,78.41,63.08,441.6399,90.35001,49.21001,203.33,19.42999,35.28
2021-11-26,72.72000122070312,65.72000122070312,47.86,44.87,96.59,42.89999,215.4,124.12,263.45,358.5801,61.69,87.75,67.59,493.4399,97.78999,52.25,244.93,20.39999,33.99001
2021-12-03,69.87999725341797,64.55000305175781,52.64,44.71001,96.58,42.74001,204.7,114.41,234.14,493.28,60.57001,88.2,69.45,534.9099,89.99001,52.61,227.37,21.34,32.77
2021-12-10,75.1500015258789,46.22999954223633,52.60001,44.67,92.11,44.67,199.37,100.65,218.19,479.1001,52.14999,79.84,62.03,500.0601,87.39,45.67,216.94,21.42999,31.73
2021-12-17,73.5199966430664,48.310001373291016,52.53,44.60001,92.10001,44.58,211.55,101.43,221.2,479.6599,47.72,76.89999,57.61,576.5601,84.92,42.73,212.22,21.63,30.25999
2021-12-24,76.8499984741211,43.709999084472656,52.53999,44.62,92.10001,45.59,207.6,94.10001,208.73,479.5901,48.64,77.87,58.58,554.0,76.34,43.67999,205.25,21.86,28.69
2021-12-31,77.77999877929688,42.619998931884766,52.53999,44.61,92.10001,45.58,201.26,90.69,201.86,479.6899,46.64999,75.41,56.59,559.5,70.71001,41.19,199.57,21.97,26.66
2022-01-07,81.75,37.0,50.50999,44.57001,92.10001,44.53,197.24,95.46001,210.43,480.0601,47.64,77.37,57.09,572.3601,76.13,43.17,193.75,23.78999,27.17
2022-01-14,86.05999755859375,41.18000030517578,52.44,47.46001,92.09,48.44,201.01,100.23,220.49,539.0901,53.53999,84.25,63.48,554.98,81.07001,46.60001,205.08,23.67999,30.59
2022-01-21,87.88999938964844,42.56999969482422,52.59,47.62,92.11,48.60001,201.84,99.59,217.48,528.0701,56.06,87.22,67.46001,523.28,76.84,47.14999,202.52,23.86,30.66
2022-01-28,90.02999877929688,47.7400016784668,52.50999,47.57001,92.10001,48.55,211.2,106.03,226.76,597.6499,59.45,89.66,71.35001,531.1599,83.75999,50.03,211.84,24.97,30.07001
2022-02-04,93.2699966430664,43.880001068115234,55.28999,51.33,92.07001,51.32001,220.37,106.13,220.35,530.1399,60.44,90.64999,73.34,539.3701,80.94,50.03999,212.13,25.71001,30.06
2022-02-11,94.44000244140624,47.439998626708984,55.57001,53.59,92.12,51.61,220.53,116.35,228.96,522.5601,65.0,95.09,79.32001,504.9299,84.33,54.06,208.21,27.33,34.63
2022-02-18,93.54000091552734,52.0099983215332,55.48,53.50999,92.10001,51.52,222.55,113.26,224.33,522.6799,65.46001,97.05,82.27,526.1799,81.25999,53.55,208.92,27.75999,35.07001
2022-02-25,97.93000030517578,49.5,55.42999,53.46001,92.09,56.42,218.81,111.71,218.91,523.21,72.35001,106.88,90.14999,559.96,80.83,63.38,216.31,28.87,37.56
2022-03-04,118.11000061035156,77.29000091552734,56.53999,55.57001,92.12,56.53999,220.79,113.64,224.39,779.1899,76.38,113.71,98.03,645.28,85.73,59.57001,233.79,31.11,42.63
2022-03-11,112.66999816894533,68.01000213623047,56.45,55.47,102.96,56.45,211.61,110.12,221.29,765.6599,71.42,111.76,97.03999,656.76,80.99001,58.03,214.38,30.94,41.56
2022-03-18,107.93000030517578,69.08999633789062,50.53999,50.56,102.95,56.49001,171.51,96.71001,201.92,568.02,62.60001,90.2,77.42,574.3701,69.73,53.66,193.28,29.14999,39.66
2022-03-25,120.6500015258789,68.91000366210938,49.39,48.42,107.44,50.41,193.6,104.38,211.99,602.3401,68.5,96.08,89.21001,581.9099,72.86,61.06,208.81,29.2,42.66
2022-04-01,104.38999938964844,54.36000061035156,49.42999,50.45,107.43,50.46001,189.92,99.07001,204.64,507.4299,67.47,86.25,81.78999,548.29,69.53,61.95,205.36,28.87,39.61
2022-04-08,102.77999877929688,53.13999938964844,49.10001,46.41,107.48,50.14,188.01,112.82,212.06,510.24,68.23,87.13,83.16,586.29,80.78,62.7,211.02,29.62,40.17
2022-04-15,111.6999969482422,53.380001068115234,51.22,46.96001,98.00999,51.27,206.77,121.45,216.04,593.03,76.21001,98.02,93.08,582.77,88.66,68.23,216.19,31.45,44.25999
2022-04-22,106.6500015258789,51.150001525878906,51.17999,47.94,98.00999,51.23,224.3,137.9,220.49,637.95,82.13,103.95,98.02,582.73,98.46001,70.2,224.7,33.75999,46.71001
2022-04-29,109.33999633789062,53.099998474121094,53.12,55.13,100.0,60.13,238.19,140.15,226.65,742.4099,89.09,115.81,109.89,612.8799,105.62,75.14999,251.03,39.92999,48.14999
2022-05-06,112.38999938964844,54.81999969482422,62.14,61.17,100.0,62.17,253.51,143.97,233.88,845.0701,96.03999,125.64,118.75,655.22,106.65,81.14999,264.5801,42.24001,49.25999
2022-05-13,111.5500030517578,51.220001220703125,67.10001,66.11,124.82,67.11,256.3701,148.69,238.35,841.0,100.98,129.6,124.69,706.8899,104.13,84.14,261.24,46.32001,52.28999
2022-05-20,112.5500030517578,50.720001220703125,68.17999,67.19,129.71,67.7,265.5,153.88,245.26,911.6799,100.0,126.6,120.2,714.6799,106.83,83.14999,272.71,47.07001,54.3
2022-05-27,119.43000030517578,47.91999816894531,64.14,63.16,126.78,64.16,224.75,124.67,220.43,740.52,83.2,106.89,101.97,703.3501,85.92999,72.25,234.03,46.17999,50.36
2022-06-03,119.72000122070312,46.22999954223633,62.12,58.64999,119.85,61.14,200.28,127.24,228.94,750.8799,80.22,104.92,98.02,713.73,83.37,72.24001,235.85,45.39,50.28999
2022-06-10,122.01000213623048,42.91999816894531,62.96001,60.97,120.92,61.97,251.94,150.34,254.5,825.78,81.19,110.85,100.0,837.9199,95.82001,71.21001,267.28,45.88,50.24001
2022-06-17,113.12000274658205,49.189998626708984,64.11,63.13,122.32,64.13,254.11,166.82,279.1001,905.47,99.5,133.03,119.74,837.8799,109.49,83.64,289.5801,50.36,58.25999
2022-06-24,113.12000274658205,46.9900016784668,64.61,62.13,124.8,62.13,272.3101,166.2,283.0,925.0901,96.03999,131.58,118.77,787.55,106.16,80.64999,275.02,50.06,58.22
2022-07-01,111.62999725341795,49.400001525878906,70.25,66.28999,127.64,66.78999,286.8201,175.25,290.73,1044.52,101.96,139.3,124.58,829.2,113.53,85.17999,309.54,52.53999,62.37
2022-07-08,107.0199966430664,52.099998474121094,73.03999,68.56,135.78,69.06,280.8601,174.47,286.8999,1058.79,102.97,144.42,128.69,855.47,114.11,82.61,323.46,53.25999,64.14
2022-07-15,101.16000366210938,51.77000045776367,74.12,71.14,141.61,73.13,322.23,189.24,322.0901,1350.53,107.89,160.96,144.29,874.3999,138.44,87.11,364.5,52.96001,68.23
2022-07-22,103.1999969482422,47.84000015258789,72.2,70.22,141.51,71.21001,283.4299,165.5,292.77,1335.22,97.03999,137.28,124.57,843.72,138.74,81.2,327.73,46.75999,70.28
2022-07-29,110.01000213623048,46.189998626708984,66.63,63.14999,130.74,64.14999,257.04,155.9,269.8401,1386.99,80.23,115.76,104.43,816.0901,129.34,73.23,295.8301,40.82001,65.24001
2022-08-05,94.91999816894533,48.7599983215332,58.97,55.95,119.93,56.96001,259.1101,157.05,271.1201,1306.19,81.14,115.83,104.95,737.3301,135.42,78.08,270.75,40.03999,67.09
2022-08-12,98.1500015258789,44.0,52.21001,48.21001,119.83,49.21001,221.06,134.85,239.63,919.78,74.31,103.94,94.08,655.5701,121.32,74.22,233.71,36.45,63.28
2022-08-19,96.72000122070312,50.34000015258789,53.13,49.12,119.87,50.12,255.61,153.48,261.8799,1026.81,76.21001,108.9,98.02,784.77,147.48,70.67999,283.4199,35.39,63.19
2022-08-26,100.98999786376952,47.08000183105469,52.16,48.67,119.86,49.67,255.16,150.13,254.8,857.97,72.27,104.93,95.05,739.3,147.3,66.24001,267.1001,32.12,56.28
2022-09-02,93.0199966430664,53.900001525878906,50.34,48.33,119.79,48.84,259.8,156.34,248.56,934.8,82.2,122.67,111.84,744.1299,145.58,74.22,268.9399,33.03999,63.28999
2022-09-09,92.83999633789062,48.84000015258789,49.16,47.14999,119.86,47.64999,239.16,137.58,232.55,848.25,71.31,107.4,97.53,676.0901,116.7,67.27,235.93,31.92,61.28999
2022-09-16,91.3499984741211,47.439998626708984,48.75999,46.75999,119.82,46.75999,255.05,156.25,244.2,856.6399,76.72,109.87,97.03,732.75,135.26,74.17999,273.6399,32.41,61.25
2022-09-23,86.1500015258789,50.81999969482422,56.63,52.14999,127.8,54.14,303.6899,186.88,278.6799,1028.43,100.98,141.39,129.61,760.2,150.84,97.02,307.01,47.74001,80.14
2022-09-30,87.95999908447266,55.689998626708984,60.14,58.16,127.79,58.66,329.97,195.25,306.0901,1317.38,117.74,157.88,146.25,765.8,168.05,108.88,342.79,58.17,87.12
2022-10-07,97.91999816894533,53.63999938964844,63.09,57.11,127.81,57.61,328.7,180.96,294.5901,1216.25,113.83,154.03,141.35,767.95,166.92,100.0,328.5801,56.3,86.12
2022-10-14,91.62999725341795,50.29999923706055,77.07001,66.11,127.8,65.12,359.8301,199.3,304.9099,1290.85,118.71,161.62,147.07,765.3201,175.58,108.87,346.76,59.64999,92.10001
2022-10-21,93.5,47.189998626708984,79.14999,66.25,127.68,65.25,387.0601,185.69,282.6699,1325.64,119.72,160.79,146.17,728.21,171.27,113.82,347.9099,61.91,93.07001
2022-10-28,95.7699966430664,47.810001373291016,68.06,59.10001,119.88,59.08,334.1299,159.2,274.79,1026.32,109.87,139.32,128.58,654.25,149.49,116.28,295.23,67.09,86.13
2022-11-04,98.56999969482422,47.5,68.17,58.73,114.86,58.73,362.22,157.93,256.29,1152.16,106.9,141.31,128.59,621.75,147.45,111.83,292.2,76.77,88.11
2022-11-11,95.98999786376952,42.060001373291016,58.16,48.2,95.03,48.21001,296.03,136.1,265.8201,920.6399,92.08,106.89,100.0,549.3201,115.87,82.19,241.45,56.36,77.23
2022-11-18,87.62000274658203,45.93000030517578,60.60001,48.14,100.0,48.14,299.54,139.32,267.1499,890.26,83.17,112.31,106.41,580.8201,122.53,82.14,258.95,52.69,74.71001
2022-11-25,83.62999725341797,50.15999984741211,58.67999,46.24001,95.03999,46.24001,282.6299,126.85,257.8,845.46,75.24001,95.06,89.13,528.29,113.22,73.7,238.05,50.97,66.27
2022-12-02,85.56999969482422,45.7599983215332,59.14999,45.71001,92.07001,47.71001,266.0,125.05,233.61,761.1499,74.24001,90.12,89.13,506.5601,108.06,76.21001,263.72,49.75999,58.31
2022-12-09,76.0999984741211,46.93000030517578,60.62,48.17999,93.05,49.17,266.5901,129.36,236.89,807.4399,79.2,101.97,101.97,518.51,109.98,75.22,258.6699,51.87,59.31
2022-12-16,79.04000091552734,42.290000915527344,58.67999,46.25999,87.12,47.25,273.4099,132.2,253.93,863.99,77.17999,98.02,95.05,530.3799,112.99,74.17999,268.99,54.31,56.3
2022-12-23,83.91999816894531,41.209999084472656,58.62,46.17,87.10001,47.17,276.6201,132.3,251.82,865.3601,81.14999,101.48,100.49,512.1201,109.52,76.67999,253.78,54.39999,60.8
2022-12-30,85.91000366210938,41.2599983215332,62.11,45.16,84.12,49.14999,270.97,130.13,250.54,867.25,79.17,98.02,96.03999,506.8101,108.41,76.67,250.51,54.0,58.28
2023-01-06,78.56999969482422,42.939998626708984,62.32001,44.49001,86.17999,49.45,266.76,132.77,247.03,823.5901,75.69,97.03,95.05,520.1201,114.19,64.25999,246.23,50.03,58.27
2023-01-13,85.27999877929688,38.189998626708984,64.07001,43.11,80.12,46.60001,263.3999,126.07,239.22,764.21,69.25999,90.11,90.12,549.1001,114.21,56.25999,240.04,44.07001,52.3
2023-01-20,87.62999725341797,37.810001373291016,63.08,43.63,77.14,47.12,264.47,123.06,243.13,737.8,66.24001,87.13,89.11,553.8601,112.64,52.24001,257.3799,41.33,50.25
2023-01-27,86.66000366210938,38.599998474121094,61.63,43.19,75.17999,45.17999,257.8,116.62,229.27,810.03,66.25999,84.17,86.14,549.6899,100.9,50.25,249.47,40.5,48.27
2023-02-03,79.94000244140625,39.47999954223633,59.97,40.96001,73.11,42.96001,250.95,109.01,219.82,822.1699,61.33,78.25,81.21001,518.97,95.05,50.3,240.38,39.64999,43.85001
2023-02-10,86.38999938964844,35.88999938964844,65.11,42.67,77.16,46.16,269.74,119.71,231.55,1014.48,65.25999,88.12,90.10001,548.55,99.99001,58.23,255.3,41.41,46.28
2023-02-17,83.0,36.040000915527344,65.66,42.77,75.2,46.24001,286.8899,118.46,227.84,924.76,68.22,94.55,93.56,566.1299,95.48,64.22,257.3601,42.32001,48.74001
2023-02-24,83.16000366210938,37.25,65.0,42.00999,75.09,45.5,285.47,117.01,232.53,953.4399,72.21001,93.56,92.07001,571.1299,91.85001,68.17,263.6201,44.48,49.23
2023-03-03,85.83000183105469,35.20000076293945,57.67999,39.75999,68.25,42.25,266.1799,107.36,216.36,1132.9,68.25999,91.10001,88.13,552.3701,87.73,68.24001,242.25,42.95,46.83
2023-03-10,82.77999877929688,36.7599983215332,60.38,40.09,70.39,44.55,283.5601,116.24,222.85,1233.09,71.28999,99.00999,96.03999,517.9099,100.85,72.22,259.1201,42.42999,46.35001
2023-03-17,72.97000122070312,51.47999954223633,67.03,44.42999,81.7,46.91,327.03,138.1,244.6,1491.59,73.2,101.48,99.0,531.76,115.74,73.16,284.55,41.98,47.23
2023-03-24,74.98999786376953,48.36000061035156,69.17,49.28999,90.09,50.28999,322.3401,138.25,245.67,1407.73,86.14,112.74,110.78,535.52,118.75,87.17,298.52,45.7,52.55
2023-03-31,79.7699966430664,40.34000015258789,62.72,42.34,82.17,44.09,279.75,118.76,224.04,1311.46,75.23,95.06,93.08,514.3999,102.9,73.7,269.98,44.86,51.28
2023-04-07,85.12000274658203,34.7599983215332,64.16,42.52,81.14999,43.50999,290.1101,123.9,230.69,1369.33,70.3,91.61,90.13,547.26,110.73,71.74001,285.6499,44.78999,48.85001
2023-04-14,86.30999755859375,32.5099983215332,61.06,40.60001,79.11,41.61,274.5701,114.06,214.76,1473.03,66.84,88.16,87.16,522.1399,103.56,68.27,271.76,44.36,48.37
2023-04-21,81.66000366210938,35.16999816894531,62.14,41.71001,80.64,42.72,279.03,118.99,226.58,1625.64,71.3,94.57001,93.58,550.3301,104.85,71.75,283.1499,45.89999,49.37
2023-04-28,79.54000091552734,35.630001068115234,62.48,42.85001,81.67999,43.86,293.8899,112.68,217.61,1722.45,72.31,96.05,95.06,532.4399,99.64999,72.75,275.6001,45.61,51.87
2023-05-05,75.30000305175781,37.349998474121094,65.56,44.09,85.07001,44.11,299.6201,119.95,222.15,1810.17,76.22,100.0,99.00999,551.6101,98.99001,77.16,282.6101,45.64,51.3
2023-05-12,74.16999816894531,37.31999969482422,66.192,44.04201,85.15199,43.802,304.8621,122.812,225.502,1835.672,73.342,97.57201,96.092,550.9419,100.072,75.76199,287.1421,45.172,51.40199
2023-05-19,75.58000183105469,35.849998474121094,64.86,42.67999,85.10001,42.44,281.53,117.28,214.27,1678.99,69.3,92.10001,89.63,667.3401,88.03999,69.27,319.3799,42.33,54.81
2023-05-26,76.94999694824219,35.95000076293945,64.63,42.21001,85.10001,42.22,273.51,114.32,207.85,1736.34,66.86,90.63,87.66,664.1799,83.74001,68.77,313.29,40.81,54.33
2023-06-02,76.12999725341797,39.599998474121094,60.02,38.5,80.07001,38.52,267.5801,109.61,204.62,1736.3,61.86,86.66,83.2,551.2,82.88,64.25999,290.95,38.09,55.25999
2023-06-09,74.79000091552734,33.70000076293945,58.10001,38.62,80.11,38.64,245.95,107.4,194.11,1446.51,59.3,84.17,80.21001,502.22,78.19,62.23,266.74,36.89,53.23
2023-06-16,76.61000061035156,32.9900016784668,57.10001,34.06,80.11,34.64,237.97,106.67,183.58,1511.87,55.34,83.19,79.72,474.1299,74.58,60.25,257.6399,34.88,53.24001
2023-06-23,73.8499984741211,35.36000061035156,56.97,34.78999,76.2,35.32001,233.13,104.98,176.72,1535.36,55.39999,87.66,82.71001,508.05,72.64999,59.82001,274.8401,33.8,53.32001
2023-06-30,74.9000015258789,33.279998779296875,57.42,36.96001,76.17,37.23,233.55,102.79,175.95,1566.86,56.78999,88.12,84.16,481.96,73.13,61.72,264.1599,33.25999,53.23
2023-07-07,78.47000122070312,34.54999923706055,58.2,39.73,78.66,39.75999,241.4,106.06,180.19,1579.53,57.28999,88.63,83.66,491.5801,76.71001,63.22,269.21,33.47,53.27
2023-07-14,79.87000274658203,30.0,53.56,36.78,74.11,37.06,223.17,99.03999,175.02,1258.01,51.28999,80.72,76.71001,438.4099,75.72,60.72,248.51,31.07001,51.27
2023-07-21,81.06999969482422,29.649999618530273,54.17,36.94,74.17999,37.22,214.11,102.54,173.93,1289.03,51.82001,83.19,78.2,434.45,75.21001,63.24001,245.19,30.86,51.28999
2023-07-28,84.98999786376953,29.40999984741211,51.24001,36.07001,74.21001,36.3,199.15,101.14,161.84,1318.17,45.38,76.28,70.83,384.48,64.78,56.34,226.94,26.75,45.39
2023-08-04,86.23999786376953,28.059999465942383,49.37,36.39999,73.27,36.42999,205.35,104.92,172.32,1356.86,45.8,78.71001,71.25,384.8201,63.41,55.78,238.02,26.60001,46.28
2023-08-11,86.80999755859375,28.040000915527344,48.14,36.11,72.14999,34.14,203.78,102.96,170.72,1377.8,47.84,81.2,72.28,395.0601,62.27,61.2,243.6,28.02,46.34
2023-08-18,84.80000305175781,28.43000030517578,49.74001,37.24001,74.19,36.77,224.11,112.84,188.2,1533.68,57.28999,91.10001,83.17,423.01,69.28999,82.14,262.97,33.13,48.33
2023-08-25,84.4800033569336,28.809999465942383,48.67,36.64999,66.2,37.17,215.56,104.94,173.67,1450.88,52.77,87.62,80.67,380.78,60.27,82.61,247.29,34.55,51.75
2023-09-01,88.55000305175781,27.479999542236328,47.42999,36.16,64.21001,36.69,203.78,98.02,164.85,1525.54,51.3,80.21001,74.25,371.73,55.28999,73.2,241.31,32.58,50.86
2023-09-08,90.6500015258789,27.15999984741211,46.69,35.17,63.22,35.2,209.68,100.98,168.75,1518.74,49.81,80.21001,74.74001,372.54,59.27,72.19,243.3,31.09,50.78999
2023-09-15,93.93000030517578,27.15999984741211,46.16,34.17999,62.72,35.19,204.79,105.93,165.79,1460.83,44.27,77.71001,71.75999,387.8,58.28,69.67999,244.81,29.53,44.77
2023-09-22,93.2699966430664,30.61000061035156,49.52,37.31,62.33,37.82001,222.79,122.68,180.2,1471.36,50.35001,89.62,81.71001,374.6201,68.28999,79.67,261.6599,33.62,53.34
2023-09-29,95.30999755859376,32.2400016784668,53.47,39.75999,67.27,40.28,238.49,128.61,186.1,1518.43,51.37,92.59,85.17,392.3301,74.21001,81.67,277.77,34.14999,52.35001
2023-10-06,84.58000183105469,35.68000030517578,56.87,41.14,68.21001,42.16,256.1299,130.61,190.1,1702.36,60.64999,100.99,93.05,400.8799,79.14999,89.08,283.04,38.39,62.14999
2023-10-13,90.88999938964844,44.2400016784668,77.11,60.19,83.64999,72.14,245.09,126.6,183.11,1865.58,57.35001,95.06,85.17999,409.96,77.22,82.67,279.6899,37.67999,60.33
2023-10-20,92.16000366210938,43.790000915527344,70.46001,55.75,83.2,64.37,244.86,135.04,192.63,1911.98,63.41,103.91,94.33,422.0701,81.71001,86.73,289.0701,40.28,63.39999
2023-10-27,90.4800033569336,46.63999938964844,69.67,50.75999,83.14999,58.72,234.39,129.56,186.08,1718.4,66.21001,101.48,92.57001,405.4099,80.17999,82.14,281.0901,44.09,68.21001
2023-11-03,84.88999938964844,38.529998779296875,66.50999,49.35001,78.82001,56.7,216.42,119.73,179.32,1662.38,64.19,97.39,89.13,389.8301,76.89999,79.85001,271.1201,42.45,67.13
2023-11-10,81.43000030517578,39.290000915527344,57.42999,40.74001,69.23,46.72,212.34,105.92,163.77,1558.4,54.82001,87.14999,78.74001,371.53,66.27,72.73,260.3401,36.64999,57.8
2023-11-17,80.61000061035156,40.43000030517578,54.17,43.19,65.2,44.17999,201.64,98.02,152.04,1343.16,47.87,78.25999,70.83,339.1399,60.3,65.31,239.92,34.17999,51.35001
2023-11-24,80.58000183105469,43.380001068115234,52.39,41.16,62.67999,42.63,197.91,98.02,147.21,1277.28,43.27,75.22,68.25999,332.5801,59.25,58.23,239.52,29.53,44.27
2023-12-01,78.87999725341797,35.70000076293945,52.11,41.42,60.87,42.39999,181.87,96.05,143.09,1345.29,42.37,75.25999,68.31,329.4199,54.47,59.25999,232.08,28.69,43.89
2023-12-08,75.83999633789062,36.2400016784668,53.55,42.55,62.11,44.78,179.48,97.02,147.32,1284.34,43.78,75.71001,68.25999,326.1201,57.17,62.21001,230.49,28.06,44.28
2023-12-15,76.55000305175781,35.130001068115234,51.14,41.16,62.19,44.62,166.66,89.10001,137.4,1141.82,42.32001,70.75999,62.33,286.1799,51.3,58.02,211.66,26.60001,40.37
2023-12-22,79.06999969482422,33.31999969482422,52.22,41.25999,62.25,45.22,156.84,90.11,132.45,1114.24,42.36,70.28999,62.36,278.3201,49.85001,59.78,203.28,27.17,41.87
2023-12-29,77.04000091552734,36.220001220703125,52.21001,41.25,61.25,45.7,155.88,88.13,131.47,1094.97,41.31,69.28,62.31,280.23,50.34,59.73,203.76,27.13,41.82001
2024-01-05,78.76000213623047,36.06999969482422,56.89999,45.69,65.19,50.14999,174.53,99.00999,141.34,1304.13,46.75,77.69,67.74001,300.53,59.25999,66.17999,221.46,28.59,43.8
2024-01-12,78.29000091552734,40.63999938964844,61.25,46.31,69.27,53.27,167.48,88.14,128.5,1238.38,43.77,74.22,62.78999,303.4099,52.41,62.24001,219.67,28.10001,42.33
2024-01-19,78.55999755859375,35.790000915527344,61.88,47.64999,71.16,52.62,175.53,93.06,131.55,1259.44,45.28999,75.22,66.27,317.3301,55.24001,65.22,221.55,30.12,43.33
2024-01-26,83.55000305175781,34.779998779296875,59.12,44.14999,66.67999,48.63,174.57,90.09,137.46,1294.29,45.78,76.7,65.28,311.78,54.25999,64.72,221.55,30.12,43.34
2024-02-02,77.33000183105469,34.849998474121094,54.48,39.47,62.57001,43.2,181.73,87.07001,135.62,1155.05,45.24001,74.7,64.25,327.1699,53.09,64.69,228.39,32.55,43.27
2024-02-09,82.19000244140625,32.439998626708984,53.64999,39.17,65.19,41.67,184.38,89.10001,135.49,1012.03,43.27,74.21001,62.28,303.78,56.25,63.22,233.32,31.58,41.3
2024-02-16,83.47000122070312,30.84000015258789,55.61,40.13,64.67,41.13,171.69,88.10001,130.62,1052.22,41.75999,71.71001,62.77,291.1899,52.23,64.2,234.42,32.07001,42.28999
2024-02-23,81.62000274658203,31.309999465942383,53.2,37.75,61.25,38.74001,160.85,82.17999,122.68,985.8,39.25999,68.24001,60.28999,286.0,47.34,62.2,225.38,31.06,41.32001
2024-03-01,83.55000305175781,31.079999923706055,52.00999,37.32001,59.31,37.81,153.91,83.19,124.63,591.28,40.28,70.24001,62.28,295.47,45.41,65.22,228.93,32.09,42.33
2024-03-08,82.08000183105469,29.63999938964844,50.96001,36.74001,57.27,37.74001,160.88,86.13,129.59,544.3,40.31,70.25,62.3,320.25,49.33,65.22,225.42,32.12,42.33
2024-03-15,85.33999633789062,29.770000457763672,51.63,36.64999,56.21001,37.64,159.02,85.11,124.71,588.8899,38.3,68.25,59.31,309.8799,51.22,68.17999,222.69,34.10001,41.31
2024-03-22,85.43000030517578,26.920000076293945,52.28999,36.35001,58.35001,37.35001,174.35,93.08,135.42,530.22,41.39999,72.27,61.35001,314.1899,55.35001,68.75,250.16,36.17999,42.42
2024-03-29,87.4800033569336,26.270000457763672,52.24001,36.28999,57.32001,37.78,172.46,92.08,138.42,549.5601,42.36,73.25,63.32001,300.79,54.82001,72.2,254.23,38.64,42.89
2024-04-05,91.16999816894533,32.36000061035156,57.10001,44.09,58.2,45.09,176.61,95.03999,147.39,552.5901,45.77,76.69,66.75,293.6299,56.17999,74.64999,246.87,39.06,46.8
2024-04-12,90.4499969482422,32.189998626708984,63.23,52.27,58.36,52.27,183.17,101.97,153.11,588.24,45.37,75.24001,64.82001,304.6899,63.28999,70.73,254.12,38.17999,45.41
2024-04-19,87.29000091552734,31.86000061035156,60.19,49.22,65.25,49.72,194.96,100.98,162.0,694.0701,50.28999,81.17999,68.75999,310.51,64.25,71.71001,251.53,40.13,47.85001
2024-04-26,89.5,27.809999465942383,56.2,47.21001,65.24001,47.21001,187.16,97.03,150.21,652.6201,49.28,79.17999,68.75,296.1299,60.28,71.69,241.87,38.60001,46.84
2024-05-03,82.95999908447266,28.09000015258789,52.34,42.35001,63.34,42.35001,180.17,93.09,137.36,601.48,47.46001,74.3,65.3,285.04,57.39,66.33,229.81,35.81,45.39
2024-05-10,82.79000091552734,27.8799991607666,50.17,38.16,62.21001,38.14999,174.58,94.05,139.47,589.8401,45.78999,72.24001,64.27,268.1201,54.25999,64.73,221.46,35.10001,43.35001
2024-05-17,83.9800033569336,28.059999465942383,50.17999,37.17,60.23,37.17,173.6,90.09,139.47,532.28,44.28999,70.25,62.28,263.3,48.25999,59.25,216.55,33.59,43.34
2024-05-24,82.12000274658203,27.559999465942383,49.22,38.21001,60.25999,37.23,192.2,93.06,146.34,562.24,46.27,72.23,64.25999,263.25,53.25999,61.23,222.29,34.59,43.33
2024-05-31,81.62000274658203,30.34000015258789,50.25999,38.27,60.28999,38.28,191.15,94.06,143.35,588.4099,46.27,72.72,65.75,259.2,50.33,61.23,236.85,34.58,43.33
2024-06-07,79.62000274658203,26.420000076293945,51.53999,39.0,60.11,39.0,184.68,108.93,146.52,564.73,46.25,72.71001,66.24001,257.01,50.10001,64.2,232.6,35.08,43.32001
2024-06-14,82.62000274658203,24.709999084472656,52.22,39.75,60.28,38.75999,198.07,109.88,158.11,605.98,46.85001,76.72,68.77,274.9399,53.28999,66.75,219.33,35.69,43.42
2024-06-21,85.23999786376953,24.739999771118164,53.19,42.21001,60.25999,41.72,202.97,105.93,165.01,613.6299,47.32001,77.7,69.74001,271.1299,55.25,67.22,207.66,36.16,44.36
2024-06-28,86.41000366210938,26.540000915527344,54.16,43.17999,60.24001,41.17999,195.18,109.89,169.97,627.9099,46.75999,78.17,70.21001,271.3501,57.23,66.2,210.68,36.09,44.32001
2024-07-05,86.54000091552734,23.780000686645508,52.8,41.85001,60.35001,40.36,183.19,103.94,156.0,589.71,44.32001,74.22,65.77,257.24,52.38,60.75999,200.66,35.14,42.37
2024-07-12,85.02999877929688,24.1200008392334,50.72,40.73,63.23,39.75999,174.51,100.0,145.28,579.21,41.81,71.73,63.78,251.66,49.32001,57.74001,193.01,35.12,41.38
2024-07-19,82.62999725341797,26.829999923706055,51.14,37.14,63.17,37.17,188.39,108.91,157.2,578.2,43.75999,76.67999,68.71001,262.77,56.21001,65.67999,199.07,37.10001,42.8
2024-07-26,81.12999725341797,29.770000457763672,55.23,38.27,60.27,37.3,184.3,107.9,155.12,601.04,43.31,75.7,66.75,255.55,56.28999,66.21001,196.91,36.66,42.85001
2024-08-02,76.80999755859375,38.83000183105469,60.39,43.52,60.46001,43.03999,200.42,119.66,170.46,671.26,44.32001,77.21001,68.25,286.95,64.42,66.23,207.16,35.7,43.37
2024-08-09,79.66000366210938,33.369998931884766,61.64999,42.7,60.23,41.71001,201.98,114.82,163.96,689.0,46.8,80.17,70.23,276.3401,61.23,67.21001,202.91,39.17,45.35001
2024-08-16,79.68000030517578,31.0,61.67,44.21001,60.25,41.74001,181.34,106.42,151.15,691.3799,41.38,72.75999,63.31,266.49,54.78999,60.28,191.12,34.73,41.42
2024-08-23,79.0199966430664,30.540000915527344,59.25,42.31,60.31,40.34,171.58,105.92,145.24,691.6299,41.32001,70.25,60.3,265.25,50.36,60.25,185.12,34.16,40.36
2024-08-30,78.80000305175781,33.36000061035156,59.13,42.14999,60.2,40.17,177.63,113.36,149.31,694.6599,38.78,67.25999,57.78,265.75,50.22,57.25,185.38,32.11,39.31
2024-09-06,71.05999755859375,37.58000183105469,54.25999,38.31,60.28999,38.33,192.07,119.75,156.07,623.8101,40.28999,70.73,58.8,280.04,53.32001,60.22,185.18,32.67,39.36
2024-09-13,71.61000061035156,35.220001220703125,57.22,38.27,60.25999,38.3,188.21,107.9,152.17,635.72,39.82001,70.25,60.81,267.8999,51.31,60.24001,185.22,32.2,38.41
2024-09-20,74.48999786376953,32.220001220703125,60.19,40.23,66.27,40.27,195.88,117.77,155.06,567.1899,39.3,70.25,59.8,269.1399,55.27,61.22,190.09,30.63,37.39
2024-09-27,71.9800033569336,39.619998931884766,62.25999,40.31,66.31,40.35001,198.68,119.72,153.03,624.23,37.32001,68.78,58.85001,267.8701,54.34,58.77,178.24,31.13,36.45
2024-10-04,78.05000305175781,46.369998931884766,66.50999,42.92,66.09,44.95,186.54,113.89,143.49,630.9099,38.75999,69.25,59.17,274.9099,53.06,61.22,178.77,31.58,36.21001
2024-10-11,79.04000091552734,52.68000030517578,66.2,45.24001,63.25999,45.25999,188.96,118.75,155.06,641.6299,39.31,69.75999,58.83,273.9399,57.27,62.72,178.34,32.12,36.39999
2024-10-18,73.05999755859375,47.220001220703125,66.2,45.23,63.25,45.25,187.05,120.72,150.16,583.95,39.32001,67.78999,57.35001,273.98,57.27,63.24001,178.36,32.64999,36.42
2024-10-25,76.05000305175781,48.970001220703125,66.17,45.17,63.22,44.2,197.84,119.76,157.09,621.21,40.8,68.78,58.84,271.25,55.23,63.73,185.31,33.63,37.44
2024-11-01,73.0999984741211,44.13999938964844,62.14999,42.12,65.17,42.16,217.58,127.38,155.39,602.71,41.85001,71.27,61.36,264.48,58.42,65.75999,190.18,34.23,37.53
2024-11-08,73.87000274658203,38.7599983215332,63.17999,42.67,63.7,42.17999,193.06,119.77,155.15,554.6201,40.33,68.78,59.34,252.74,55.23,61.25,178.48,32.66,38.44
2024-11-15,71.04000091552734,35.06999969482422,63.23,43.52,62.27,42.78,205.56,126.64,164.83,591.5701,41.8,71.25,61.31,256.3701,61.27,63.24001,188.59,33.13,38.42999
2024-11-22,75.16999816894531,35.7400016784668,60.19,40.2,61.23,40.21001,197.97,124.7,155.14,572.5,43.28999,73.23,63.28999,255.24,56.24001,63.23,183.81,33.64,40.41
2024-11-29,72.94000244140625,34.95000076293945,59.25,39.78999,61.28,39.8,193.01,123.2,161.46,543.8799,44.3,75.23,65.28,251.12,54.78999,64.73,181.74,34.14999,40.39999
2024-12-06,71.12000274658203,30.979999542236328,60.24001,40.27,60.27,40.25999,190.55,119.25,166.38,523.8201,43.22,72.22,62.75,241.9,53.8,62.7,174.04,35.58,40.33
2024-12-13,74.48999786376953,34.91999816894531,62.64,41.14,60.17999,42.14,189.76,120.29,172.43,534.21,43.27,71.23,61.77,247.11,56.19,61.7,179.6,35.58,39.38
2024-12-20,72.94000244140625,29.270000457763672,64.72,43.27,65.25,43.75999,202.75,131.1,200.14,561.3799,46.3,76.22,65.28999,256.52,60.27,65.74001,187.06,37.19,42.41
2024-12-27,74.16999816894531,30.209999084472656,64.67999,44.21001,64.21001,43.71001,202.88,132.62,205.02,563.5901,46.24001,77.19,67.23,257.6799,63.21001,65.7,190.09,37.11,42.33
