Date,Brent,OVX
2008-01-04,96.79000091552734,34.5
2008-01-11,91.06999969482422,32.119998931884766
2008-01-18,89.2300033569336,31.459999084472656
2008-01-25,90.9000015258789,31.959999084472656
2008-02-01,89.44000244140625,29.770000457763672
2008-02-08,91.94000244140625,31.309999465942383
2008-02-15,94.62999725341797,30.170000076293945
2008-02-22,97.01000213623047,34.470001220703125
2008-02-29,100.0999984741211,34.81999969482422
2008-03-07,102.37999725341797,37.849998474121094
2008-03-14,106.19999694824219,41.119998931884766
2008-03-21,100.37999725341797,43.7599983215332
2008-03-28,103.7699966430664,38.52000045776367
2008-04-04,104.9000015258789,39.619998931884766
2008-04-11,108.75,38.099998474121094
2008-04-18,113.91999816894531,39.939998626708984
2008-04-25,116.33999633789062,37.90999984741211
2008-05-02,114.55999755859375,38.810001373291016
2008-05-09,125.4000015258789,37.43000030517578
2008-05-16,124.98999786376953,38.16999816894531
2008-05-23,131.57000732421875,38.61000061035156
2008-05-30,127.77999877929688,42.29999923706055
2008-06-06,137.69000244140625,52.029998779296875
2008-06-13,135.11000061035156,49.189998626708984
2008-06-20,134.86000061035156,47.15999984741211
2008-06-27,140.30999755859375,43.83000183105469
2008-07-04,146.0800018310547,44.38999938964844
2008-07-11,144.49000549316406,47.66999816894531
2008-07-18,130.19000244140625,53.72999954223633
2008-07-25,124.5199966430664,48.84000015258789
2008-08-01,124.18000030517578,46.83000183105469
2008-08-08,113.33000183105469,45.70000076293945
2008-08-15,112.55000305175781,48.349998474121094
2008-08-22,113.91999816894531,43.630001068115234
2008-08-29,114.05000305175781,50.220001220703125
2008-09-05,104.08999633789062,44.849998474121094
2008-09-12,97.58000183105469,45.75
2008-09-19,99.61000061035156,52.72999954223633
2008-09-26,103.54000091552734,52.70000076293945
2008-10-03,90.25,56.40999984741211
2008-10-10,74.08999633789062,70.5199966430664
2008-10-17,69.5999984741211,70.04000091552734
2008-10-24,62.04999923706055,84.58999633789062
2008-10-31,65.31999969482422,80.55999755859375
2008-11-07,57.349998474121094,85.62999725341797
2008-11-14,54.2400016784668,79.77999877929688
2008-11-21,49.189998626708984,79.69999694824219
2008-11-28,53.4900016784668,80.26000213623047
2008-12-05,39.7400016784668,93.08000183105469
2008-12-12,46.40999984741211,93.05000305175781
2008-12-19,44.0,86.66999816894531
2008-12-26,38.369998931884766,89.33000183105469
2009-01-02,46.90999984741211,87.66999816894531
2009-01-09,44.41999816894531,80.66000366210938
2009-01-16,46.56999969482422,74.4000015258789
2009-01-23,48.369998931884766,81.30999755859375
2009-01-30,45.880001068115234,77.0999984741211
2009-02-06,46.209999084472656,70.08999633789062
2009-02-13,46.2599983215332,66.05999755859375
2009-02-20,43.13999938964844,74.88999938964844
2009-02-27,47.20000076293945,68.54000091552734
2009-03-06,45.939998626708984,72.36000061035156
2009-03-13,45.880001068115234,65.0
2009-03-20,51.220001220703125,62.9900016784668
2009-03-27,51.97999954223633,59.279998779296875
2009-04-03,53.470001220703125,61.86000061035156
2009-04-10,54.060001373291016,54.970001220703125
2009-04-17,51.959999084472656,50.119998931884766
2009-04-24,,52.810001373291016
2009-05-01,52.849998474121094,50.20000076293945
2009-05-08,58.13999938964844,44.88999938964844
2009-05-15,55.97999954223633,46.0099983215332
2009-05-22,60.779998779296875,40.95000076293945
2009-05-29,65.5199966430664,41.31999969482422
2009-06-05,68.33999633789062,45.75
2009-06-12,70.91999816894531,46.38999938964844
2009-06-19,69.19000244140625,45.15999984741211
2009-06-26,68.91999816894531,40.33000183105469
2009-07-03,66.6500015258789,45.66999816894531
2009-07-10,60.52000045776367,50.880001068115234
2009-07-17,65.37999725341797,44.790000915527344
2009-07-24,70.31999969482422,40.720001220703125
2009-07-31,71.69999694824219,45.720001220703125
2009-08-07,73.58999633789062,45.380001068115234
2009-08-14,72.41000366210938,45.880001068115234
2009-08-21,74.19000244140625,45.68000030517578
2009-08-28,72.79000091552734,43.209999084472656
2009-09-04,66.81999969482422,44.2400016784668
2009-09-11,67.69000244140625,45.06999969482422
2009-09-18,71.31999969482422,41.66999816894531
2009-09-25,65.11000061035156,44.27000045776367
2009-10-02,68.06999969482422,45.220001220703125
2009-10-09,70.0,43.599998474121094
2009-10-16,76.98999786376953,36.90999984741211
2009-10-23,78.91999816894531,39.5
2009-10-30,75.19999694824219,41.130001068115234
2009-11-06,75.87000274658203,38.70000076293945
2009-11-13,75.55000305175781,38.66999816894531
2009-11-20,77.19999694824219,36.79999923706055
2009-11-27,77.18000030517578,40.72999954223633
2009-12-04,77.5199966430664,41.18000030517578
2009-12-11,71.87999725341797,43.04999923706055
2009-12-18,73.75,40.58000183105469
2009-12-25,76.30999755859375,35.18000030517578
2010-01-01,77.93000030517578,36.2599983215332
2010-01-08,81.37000274658203,31.34000015258789
2010-01-15,77.11000061035156,29.799999237060547
2010-01-22,72.83000183105469,34.849998474121094
2010-01-29,71.45999908447266,34.04999923706055
2010-02-05,69.58999633789062,39.9900016784668
2010-02-12,72.9000015258789,36.040000915527344
2010-02-19,78.19000244140625,34.630001068115234
2010-02-26,77.58999633789062,32.81999969482422
2010-03-05,79.88999938964844,32.66999816894531
2010-03-12,79.38999938964844,32.11000061035156
2010-03-19,79.87999725341797,31.850000381469727
2010-03-26,79.29000091552734,30.100000381469727
2010-04-02,84.01000213623047,29.239999771118164
2010-04-09,84.83000183105469,29.149999618530273
2010-04-16,85.98999786376953,27.15999984741211
2010-04-23,87.25,26.68000030517578
2010-04-30,87.44000244140625,30.25
2010-05-07,78.2699966430664,42.61000061035156
2010-05-14,77.18000030517578,40.459999084472656
2010-05-21,71.68000030517578,44.56999969482422
2010-05-28,74.0199966430664,40.4900016784668
2010-06-04,72.08999633789062,47.150001525878906
2010-06-11,74.3499984741211,39.369998931884766
2010-06-18,78.22000122070312,35.25
2010-06-25,78.12000274658203,35.81999969482422
2010-07-02,71.6500015258789,39.189998626708984
2010-07-09,75.41999816894531,34.56999969482422
2010-07-16,75.37000274658203,34.130001068115234
2010-07-23,77.44999694824219,32.439998626708984
2010-07-30,78.18000030517578,31.520000457763672
2010-08-06,80.16000366210938,30.899999618530273
2010-08-13,75.11000061035156,34.619998931884766
2010-08-20,74.26000213623047,33.72999954223633
2010-08-27,76.6500015258789,32.130001068115234
2010-09-03,76.66999816894531,32.11000061035156
2010-09-10,78.16000366210938,31.3700008392334
2010-09-17,78.20999908447266,31.079999923706055
2010-09-24,78.87000274658203,29.8799991607666
2010-10-01,83.75,30.459999084472656
2010-10-08,84.02999877929688,32.220001220703125
2010-10-15,82.44999694824219,33.41999816894531
2010-10-22,82.95999908447266,32.45000076293945
2010-10-29,83.1500015258789,32.119998931884766
2010-11-05,88.11000061035156,29.860000610351562
2010-11-12,86.33999633789062,30.920000076293945
2010-11-19,84.33999633789062,30.639999389648438
2010-11-26,85.58000183105469,28.81999969482422
2010-12-03,91.41999816894531,31.700000762939453
2010-12-10,90.4800033569336,30.360000610351562
2010-12-17,91.66999816894531,26.81999969482422
2010-12-24,94.25,25.420000076293945
2010-12-31,94.75,29.479999542236328
2011-01-07,93.33000183105469,29.639999389648438
2011-01-14,98.05999755859375,26.5
2011-01-21,97.5999984741211,26.530000686645508
2011-01-28,99.41999816894531,33.2599983215332
2011-02-04,99.83000183105469,32.2400016784668
2011-02-11,101.43000030517578,29.579999923706055
2011-02-18,102.5199966430664,30.81999969482422
2011-02-25,112.13999938964844,42.4900016784668
2011-03-04,115.97000122070312,44.869998931884766
2011-03-11,113.83999633789062,41.36000061035156
2011-03-18,113.93000030517578,41.900001525878906
2011-03-25,115.58999633789062,34.70000076293945
2011-04-01,118.69999694824219,33.90999984741211
2011-04-08,126.6500015258789,35.5
2011-04-15,123.44999694824219,31.579999923706055
2011-04-22,123.98999786376953,30.149999618530273
2011-04-29,125.88999938964844,30.389999389648438
2011-05-06,109.12999725341797,41.439998626708984
2011-05-13,113.83000183105469,39.72999954223633
2011-05-20,112.38999938964844,37.18000030517578
2011-05-27,115.02999877929688,33.470001220703125
2011-06-03,115.83999633789062,32.369998931884766
2011-06-10,118.77999877929688,33.470001220703125
2011-06-17,113.20999908447266,36.310001373291016
2011-06-24,105.12000274658203,35.08000183105469
2011-07-01,111.7699966430664,30.56999969482422
2011-07-08,118.33000183105469,30.860000610351562
2011-07-15,117.26000213623047,31.8799991607666
2011-07-22,118.66999816894531,30.6299991607666
2011-07-29,116.73999786376953,33.63999938964844
2011-08-05,109.37000274658203,42.369998931884766
2011-08-12,108.02999877929688,49.060001373291016
2011-08-19,108.62000274658203,55.290000915527344
2011-08-26,111.36000061035156,48.119998931884766
2011-09-02,112.33000183105469,45.33000183105469
2011-09-09,112.7699966430664,49.45000076293945
2011-09-16,112.22000122070312,41.70000076293945
2011-09-23,103.97000122070312,54.630001068115234
2011-09-30,102.76000213623047,55.68000030517578
2011-10-07,105.87999725341797,49.709999084472656
2011-10-14,114.68000030517578,45.349998474121094
2011-10-21,109.55999755859375,48.029998779296875
2011-10-28,109.91000366210938,41.58000183105469
2011-11-04,111.97000122070312,42.45000076293945
2011-11-11,114.16000366210938,46.599998474121094
2011-11-18,107.55999755859375,42.939998626708984
2011-11-25,106.4000015258789,69.12000274658203
2011-12-02,109.94000244140625,39.79999923706055
2011-12-09,108.62000274658203,38.869998931884766
2011-12-16,103.3499984741211,41.72999954223633
2011-12-23,107.95999908447266,35.7400016784668
2011-12-30,107.37999725341797,38.7400016784668
2012-01-06,113.05999755859375,37.119998931884766
2012-01-13,110.44000244140625,35.619998931884766
2012-01-20,109.86000061035156,33.349998474121094
2012-01-27,111.45999908447266,31.56999969482422
2012-02-03,114.58000183105469,30.709999084472656
2012-02-10,117.30999755859375,32.83000183105469
2012-02-17,119.58000183105469,33.04999923706055
2012-02-24,125.47000122070312,33.79999923706055
2012-03-02,123.6500015258789,32.90999984741211
2012-03-09,125.9800033569336,31.420000076293945
2012-03-16,125.80999755859375,28.68000030517578
2012-03-23,125.12999725341797,28.170000076293945
2012-03-30,122.87999725341797,29.0
2012-04-06,123.43000030517578,28.030000686645508
2012-04-13,121.83000183105469,29.610000610351562
2012-04-20,118.76000213623047,27.100000381469727
2012-04-27,119.83000183105469,24.34000015258789
2012-05-04,113.18000030517578,29.790000915527344
2012-05-11,112.26000213623047,28.790000915527344
2012-05-18,107.13999938964844,33.18000030517578
2012-05-25,106.83000183105469,30.190000534057617
2012-06-01,98.43000030517578,41.630001068115234
2012-06-08,99.47000122070312,37.56999969482422
2012-06-15,97.61000061035156,36.279998779296875
2012-06-22,90.9800033569336,35.08000183105469
2012-06-29,97.80000305175781,35.0
2012-07-06,98.19000244140625,37.5099983215332
2012-07-13,102.4000015258789,33.86000061035156
2012-07-20,106.83000183105469,35.33000183105469
2012-07-27,106.47000122070312,32.9900016784668
2012-08-03,108.94000244140625,33.22999954223633
2012-08-10,112.94999694824219,30.59000015258789
2012-08-17,113.70999908447266,31.190000534057617
2012-08-24,113.58999633789062,32.0099983215332
2012-08-31,114.56999969482422,31.399999618530273
2012-09-07,114.25,32.77000045776367
2012-09-14,116.9000015258789,34.06999969482422
2012-09-21,111.41999816894531,33.209999084472656
2012-09-28,112.38999938964844,32.45000076293945
2012-10-05,112.0199966430664,32.7599983215332
2012-10-12,114.62000274658203,33.689998626708984
2012-10-19,110.13999938964844,31.90999984741211
2012-10-26,109.55000305175781,32.209999084472656
2012-11-02,105.68000030517578,32.41999816894531
2012-11-09,109.4000015258789,31.540000915527344
2012-11-16,110.9800033569336,31.100000381469727
2012-11-23,111.37999725341797,29.489999771118164
2012-11-30,111.2300033569336,27.6200008392334
2012-12-07,107.0199966430664,29.649999618530273
2012-12-14,109.1500015258789,29.31999969482422
2012-12-21,108.97000122070312,28.8799991607666
2012-12-28,110.62000274658203,28.8799991607666
2013-01-04,111.30999755859375,26.030000686645508
2013-01-11,110.63999938964844,24.56999969482422
2013-01-18,110.61000061035156,21.979999542236328
2013-01-25,113.27999877929688,22.520000457763672
2013-02-01,116.76000213623047,22.399999618530273
2013-02-08,118.9000015258789,23.079999923706055
2013-02-15,118.58000183105469,22.59000015258789
2013-02-22,114.0999984741211,24.579999923706055
2013-03-01,110.4000015258789,23.68000030517578
2013-03-08,110.8499984741211,20.799999237060547
2013-03-15,109.37999725341797,18.760000228881836
2013-03-22,107.66000366210938,19.110000610351562
2013-03-29,110.0199966430664,18.190000534057617
2013-04-05,104.12000274658203,21.389999389648438
2013-04-12,103.11000061035156,22.59000015258789
2013-04-19,99.6500015258789,27.56999969482422
2013-04-26,103.16000366210938,22.510000228881836
2013-05-03,104.19000244140625,24.010000228881836
2013-05-10,103.91000366210938,22.829999923706055
2013-05-17,103.72000122070312,22.81999969482422
2013-05-24,102.63999938964844,22.56999969482422
2013-05-31,100.38999938964844,24.40999984741211
2013-06-07,104.55999755859375,22.40999984741211
2013-06-14,104.29000091552734,21.219999313354492
2013-06-21,100.91000366210938,23.68000030517578
2013-06-28,102.16000366210938,22.3700008392334
2013-07-05,107.72000122070312,26.739999771118164
2013-07-12,108.80999755859375,24.510000228881836
2013-07-19,108.06999969482422,24.079999923706055
2013-07-26,107.16999816894531,22.979999542236328
2013-08-02,108.94999694824219,22.260000228881836
2013-08-09,108.22000122070312,22.639999389648438
2013-08-16,111.16999816894531,23.989999771118164
2013-08-23,111.04000091552734,22.700000762939453
2013-08-30,114.01000213623047,28.100000381469727
2013-09-06,116.12000274658203,28.100000381469727
2013-09-13,112.77999877929688,23.18000030517578
2013-09-20,109.22000122070312,21.3799991607666
2013-09-27,108.62999725341797,21.84000015258789
2013-10-04,109.45999908447266,21.489999771118164
2013-10-11,111.27999877929688,21.549999237060547
2013-10-18,110.97000122070312,20.1200008392334
2013-10-25,106.93000030517578,20.280000686645508
2013-11-01,105.91000366210938,21.290000915527344
2013-11-08,105.12000274658203,19.700000762939453
2013-11-15,108.55000305175781,19.389999389648438
2013-11-22,111.05000305175781,18.100000381469727
2013-11-29,109.69000244140625,20.0
2013-12-06,111.61000061035156,17.950000762939453
2013-12-13,108.83000183105469,18.420000076293945
2013-12-20,111.7699966430664,15.859999656677246
2013-12-27,112.18000030517578,15.739999771118164
2014-01-03,106.88999938964844,20.600000381469727
2014-01-10,107.25,19.469999313354492
2014-01-17,107.05999755859375,17.1200008392334
2014-01-24,107.87999725341797,19.459999084472656
2014-01-31,106.4000015258789,20.350000381469727
2014-02-07,109.56999969482422,19.030000686645508
2014-02-14,108.7300033569336,17.950000762939453
2014-02-21,109.8499984741211,17.899999618530273
2014-02-28,109.06999969482422,18.709999084472656
2014-03-07,109.0,20.010000228881836
2014-03-14,108.56999969482422,21.700000762939453
2014-03-21,106.91999816894531,19.459999084472656
2014-03-28,108.06999969482422,19.149999618530273
2014-04-04,106.72000122070312,18.280000686645508
2014-04-11,107.33000183105469,18.389999389648438
2014-04-18,109.52999877929688,18.93000030517578
2014-04-25,109.58000183105469,18.8799991607666
2014-05-02,108.58999633789062,17.799999237060547
2014-05-09,107.88999938964844,17.0
2014-05-16,110.41999816894531,15.420000076293945
2014-05-23,110.54000091552734,15.890000343322754
2014-05-30,109.41000366210938,15.609999656677246
2014-06-06,108.61000061035156,14.5
2014-06-13,113.41000366210938,19.469999313354492
2014-06-20,114.80999755859375,18.84000015258789
2014-06-27,113.30000305175781,16.440000534057617
2014-07-04,111.0,15.59000015258789
2014-07-11,106.66000366210938,17.260000228881836
2014-07-18,107.23999786376953,17.389999389648438
2014-07-25,108.38999938964844,16.670000076293945
2014-08-01,104.83999633789062,19.389999389648438
2014-08-08,105.0199966430664,18.8799991607666
2014-08-15,101.94999694824219,18.59000015258789
2014-08-22,102.29000091552734,16.510000228881836
2014-08-29,103.19000244140625,16.68000030517578
2014-09-05,100.81999969482422,18.520000457763672
2014-09-12,97.11000061035156,19.530000686645508
2014-09-19,98.38999938964844,18.559999465942383
2014-09-26,97.0,19.420000076293945
2014-10-03,92.30999755859375,24.219999313354492
2014-10-10,90.20999908447266,30.030000686645508
2014-10-17,84.54000091552734,31.15999984741211
2014-10-24,86.12999725341797,31.270000457763672
2014-10-31,85.86000061035156,30.520000457763672
2014-11-07,83.38999938964844,29.469999313354492
2014-11-14,77.73999786376953,32.9900016784668
2014-11-21,80.36000061035156,34.91999816894531
2014-11-28,70.1500015258789,36.439998626708984
2014-12-05,69.06999969482422,34.20000076293945
2014-12-12,61.849998474121094,49.77000045776367
2014-12-19,61.380001068115234,54.84000015258789
2014-12-26,59.45000076293945,54.68000030517578
2015-01-02,56.41999816894531,54.25
2015-01-09,50.11000061035156,50.06999969482422
2015-01-16,47.689998626708984,56.439998626708984
2015-01-23,48.790000915527344,57.619998931884766
2015-01-30,52.9900016784668,58.619998931884766
2015-02-06,57.79999923706055,60.83000183105469
2015-02-13,57.38999938964844,55.529998779296875
2015-02-20,60.220001220703125,54.0
2015-02-27,62.58000183105469,55.849998474121094
2015-03-06,59.72999954223633,48.959999084472656
2015-03-13,54.66999816894531,54.560001373291016
2015-03-20,55.31999969482422,50.84000015258789
2015-03-27,56.40999984741211,52.84000015258789
2015-04-03,54.95000076293945,49.84000015258789
2015-04-10,57.869998931884766,43.040000915527344
2015-04-17,63.45000076293945,42.0
2015-04-24,65.27999877929688,36.61000061035156
2015-05-01,66.45999908447266,35.619998931884766
2015-05-08,65.38999938964844,35.09000015258789
2015-05-15,66.56999969482422,29.950000762939453
2015-05-22,65.37000274658203,31.290000915527344
2015-05-29,65.55999755859375,33.7400016784668
2015-06-05,63.310001373291016,33.540000915527344
2015-06-12,63.869998931884766,31.510000228881836
2015-06-19,63.02000045776367,30.399999618530273
2015-06-26,63.2599983215332,29.010000228881836
2015-07-03,62.06999969482422,33.79999923706055
2015-07-10,58.72999954223633,41.220001220703125
2015-07-17,57.52000045776367,34.68000030517578
2015-07-24,54.619998931884766,39.0
2015-07-31,52.209999084472656,38.81999969482422
2015-08-07,48.61000061035156,41.16999816894531
2015-08-14,49.029998779296875,40.91999816894531
2015-08-21,45.459999084472656,44.65999984741211
2015-08-28,50.04999923706055,51.560001373291016
2015-09-04,49.61000061035156,49.290000915527344
2015-09-11,48.13999938964844,49.630001068115234
2015-09-18,47.470001220703125,45.84000015258789
2015-09-25,48.599998474121094,47.709999084472656
2015-10-02,48.130001068115234,42.86000061035156
2015-10-09,52.650001525878906,42.79999923706055
2015-10-16,48.72999954223633,39.58000183105469
2015-10-23,47.9900016784668,41.5099983215332
2015-10-30,49.560001373291016,41.95000076293945
2015-11-06,47.41999816894531,39.849998474121094
2015-11-13,43.61000061035156,46.2599983215332
2015-11-20,44.65999984741211,44.93000030517578
2015-11-27,44.86000061035156,48.279998779296875
2015-12-04,43.0,45.439998626708984
2015-12-11,37.93000030517578,54.290000915527344
2015-12-18,36.880001068115234,49.43000030517578
2015-12-25,37.88999938964844,44.810001373291016
2016-01-01,37.279998779296875,46.56999969482422
2016-01-08,33.54999923706055,56.099998474121094
2016-01-15,31.010000228881836,62.09000015258789
2016-01-22,32.18000030517578,61.86000061035156
2016-01-29,34.7400016784668,61.86000061035156
2016-02-05,34.060001373291016,66.66999816894531
2016-02-12,33.36000061035156,78.97000122070312
2016-02-19,33.0099983215332,62.459999084472656
2016-02-26,35.099998474121094,59.959999084472656
2016-03-04,38.720001220703125,51.88999938964844
2016-03-11,40.38999938964844,50.25
2016-03-18,41.20000076293945,44.97999954223633
2016-03-25,40.439998626708984,44.959999084472656
2016-04-01,39.65999984741211,47.7599983215332
2016-04-08,41.939998626708984,47.41999816894531
2016-04-15,43.099998474121094,51.27000045776367
2016-04-22,45.11000061035156,41.970001220703125
2016-04-29,48.130001068115234,42.52000045776367
2016-05-06,45.369998931884766,42.470001220703125
2016-05-13,47.83000183105469,41.56999969482422
2016-05-20,48.720001220703125,40.16999816894531
2016-05-27,49.31999969482422,35.970001220703125
2016-06-03,49.63999938964844,34.810001373291016
2016-06-10,50.540000915527344,39.95000076293945
2016-06-17,49.16999816894531,41.349998474121094
2016-06-24,48.40999984741211,43.33000183105469
2016-07-01,49.84000015258789,36.18000030517578
2016-07-08,46.7599983215332,41.40999984741211
2016-07-15,47.61000061035156,36.65999984741211
2016-07-22,45.689998626708984,38.849998474121094
2016-07-29,42.459999084472656,41.08000183105469
2016-08-05,44.27000045776367,41.5
2016-08-12,46.970001220703125,37.779998779296875
2016-08-19,50.880001068115234,34.880001068115234
2016-08-26,49.91999816894531,36.04999923706055
2016-09-02,46.83000183105469,38.63999938964844
2016-09-09,48.0099983215332,39.720001220703125
2016-09-16,45.77000045776367,39.86000061035156
2016-09-23,45.88999938964844,43.88999938964844
2016-09-30,49.060001373291016,39.310001373291016
2016-10-07,51.93000030517578,36.599998474121094
2016-10-14,51.95000076293945,35.54999923706055
2016-10-21,51.779998779296875,32.5099983215332
2016-10-28,49.709999084472656,37.7599983215332
2016-11-04,45.58000183105469,43.689998626708984
2016-11-11,45.84000015258789,45.310001373291016
2016-11-18,46.86000061035156,46.560001373291016
2016-11-25,47.2400016784668,53.459999084472656
2016-12-02,54.459999084472656,35.5099983215332
2016-12-09,54.33000183105469,35.209999084472656
2016-12-16,55.209999084472656,29.18000030517578
2016-12-23,55.15999984741211,29.899999618530273
2016-12-30,56.130001068115234,30.829999923706055
2017-01-06,57.099998474121094,30.469999313354492
2017-01-13,55.45000076293945,30.729999542236328
2017-01-20,55.4900016784668,29.190000534057617
2017-01-27,55.52000045776367,29.780000686645508
2017-02-03,56.810001373291016,28.110000610351562
2017-02-10,56.70000076293945,26.43000030517578
2017-02-17,55.810001373291016,25.290000915527344
2017-02-24,55.9900016784668,25.719999313354492
2017-03-03,55.900001525878906,25.59000015258789
2017-03-10,51.369998931884766,33.45000076293945
2017-03-17,51.7599983215332,27.450000762939453
2017-03-24,50.79999923706055,30.989999771118164
2017-03-31,52.83000183105469,27.59000015258789
2017-04-07,55.2400016784668,27.459999084472656
2017-04-14,55.88999938964844,26.020000457763672
2017-04-21,51.959999084472656,30.059999465942383
2017-04-28,51.72999954223633,28.549999237060547
2017-05-05,49.099998474121094,33.83000183105469
2017-05-12,50.84000015258789,33.720001220703125
2017-05-19,53.61000061035156,29.760000228881836
2017-05-26,52.150001525878906,30.040000915527344
2017-06-02,49.95000076293945,32.470001220703125
2017-06-09,48.150001525878906,32.59000015258789
2017-06-16,47.369998931884766,27.93000030517578
2017-06-23,45.540000915527344,31.920000076293945
2017-06-30,47.91999816894531,28.700000762939453
2017-07-07,46.709999084472656,33.16999816894531
2017-07-14,48.90999984741211,30.280000686645508
2017-07-21,48.060001373291016,29.25
2017-07-28,52.52000045776367,29.860000610351562
2017-08-04,52.41999816894531,28.530000686645508
2017-08-11,52.099998474121094,28.40999984741211
2017-08-18,52.720001220703125,27.530000686645508
2017-08-25,52.40999984741211,28.8799991607666
2017-09-01,52.31999969482422,28.969999313354492
2017-09-08,53.779998779296875,29.489999771118164
2017-09-15,55.619998931884766,26.649999618530273
2017-09-22,56.86000061035156,26.389999389648438
2017-09-29,57.540000915527344,26.829999923706055
2017-10-06,55.619998931884766,27.59000015258789
2017-10-13,57.16999816894531,25.729999542236328
2017-10-20,57.75,24.510000228881836
2017-10-27,60.439998626708984,25.18000030517578
2017-11-03,62.06999969482422,24.81999969482422
2017-11-10,63.52000045776367,29.399999618530273
2017-11-17,62.720001220703125,26.959999084472656
2017-11-24,63.86000061035156,26.8799991607666
2017-12-01,63.4900016784668,23.729999542236328
2017-12-08,63.400001525878906,23.850000381469727
2017-12-15,63.22999954223633,21.25
2017-12-22,65.25,19.260000228881836
2017-12-29,66.5999984741211,21.31999969482422
2018-01-05,67.62000274658203,22.299999237060547
2018-01-12,69.87000274658203,23.520000457763672
2018-01-19,68.61000061035156,21.200000762939453
2018-01-26,70.5199966430664,22.290000915527344
2018-02-02,68.58000183105469,23.799999237060547
2018-02-09,62.790000915527344,29.850000381469727
2018-02-16,64.83999633789062,26.969999313354492
2018-02-23,67.30999755859375,24.3700008392334
2018-03-02,64.37000274658203,26.149999618530273
2018-03-09,65.48999786376953,26.229999542236328
2018-03-16,66.20999908447266,24.530000686645508
2018-03-23,70.44999694824219,27.559999465942383
2018-03-30,70.2699966430664,25.06999969482422
2018-04-06,67.11000061035156,24.989999771118164
2018-04-13,72.58000183105469,28.520000457763672
2018-04-20,74.05999755859375,28.989999771118164
2018-04-27,74.63999938964844,25.59000015258789
2018-05-04,74.87000274658203,26.170000076293945
2018-05-11,77.12000274658203,25.739999771118164
2018-05-18,78.51000213623047,25.229999542236328
2018-05-25,76.44000244140625,27.760000228881836
2018-06-01,77.58999633789062,28.649999618530273
2018-06-08,76.45999908447266,27.59000015258789
2018-06-15,73.44000244140625,27.639999389648438
2018-06-22,75.55000305175781,25.520000457763672
2018-06-29,79.44000244140625,27.18000030517578
2018-07-06,77.11000061035156,28.1299991607666
2018-07-13,75.33000183105469,27.540000915527344
2018-07-20,73.06999969482422,26.010000228881836
2018-07-27,74.29000091552734,24.969999313354492
2018-08-03,73.20999908447266,25.610000610351562
2018-08-10,72.80999755859375,25.450000762939453
2018-08-17,71.83000183105469,25.709999084472656
2018-08-24,75.81999969482422,23.309999465942383
2018-08-31,77.41999816894531,25.020000457763672
2018-09-07,76.83000183105469,26.06999969482422
2018-09-14,78.08999633789062,26.399999618530273
2018-09-21,78.80000305175781,26.149999618530273
2018-09-28,82.72000122070312,26.729999542236328
2018-10-05,84.16000366210938,28.84000015258789
2018-10-12,80.43000030517578,27.729999542236328
2018-10-19,79.77999877929688,27.420000076293945
2018-10-26,77.62000274658203,29.09000015258789
2018-11-02,72.83000183105469,32.209999084472656
2018-11-09,70.18000030517578,35.099998474121094
2018-11-16,66.76000213623047,40.560001373291016
2018-11-23,58.79999923706055,65.16999816894531
2018-11-30,58.709999084472656,56.040000915527344
2018-12-07,61.66999816894531,41.83000183105469
2018-12-14,60.279998779296875,42.380001068115234
2018-12-21,53.81999969482422,51.7599983215332
2018-12-28,52.20000076293945,53.11000061035156
2019-01-04,57.060001373291016,51.52000045776367
2019-01-11,60.47999954223633,40.9900016784668
2019-01-18,62.70000076293945,35.630001068115234
2019-01-25,61.63999938964844,35.209999084472656
2019-02-01,61.869998931884766,33.400001525878906
2019-02-08,62.099998474121094,32.560001373291016
2019-02-15,66.25,29.459999084472656
2019-02-22,67.12000274658203,29.850000381469727
2019-03-01,65.06999969482422,30.309999465942383
2019-03-08,65.73999786376953,29.770000457763672
2019-03-15,67.16000366210938,26.270000457763672
2019-03-22,67.02999877929688,27.780000686645508
2019-03-29,68.38999938964844,26.75
2019-04-05,70.33999633789062,24.0
2019-04-12,71.55000305175781,25.700000762939453
2019-04-19,71.97000122070312,24.450000762939453
2019-04-26,72.1500015258789,31.239999771118164
2019-05-03,70.8499984741211,29.8799991607666
2019-05-10,70.62000274658203,32.79999923706055
2019-05-17,72.20999908447266,29.440000534057617
2019-05-24,68.69000244140625,33.189998626708984
2019-05-31,64.48999786376953,46.90999984741211
2019-06-07,63.290000915527344,38.75
2019-06-14,62.0099983215332,42.88999938964844
2019-06-21,65.19999694824219,42.130001068115234
2019-06-28,66.55000305175781,39.459999084472656
2019-07-05,64.2300033569336,34.70000076293945
2019-07-12,66.72000122070312,30.389999389648438
2019-07-19,62.470001220703125,34.84000015258789
2019-07-26,63.459999084472656,32.290000915527344
2019-08-02,61.88999938964844,35.560001373291016
2019-08-09,58.529998779296875,35.13999938964844
2019-08-16,58.63999938964844,35.02000045776367
2019-08-23,59.34000015258789,35.20000076293945
2019-08-30,60.43000030517578,32.15999984741211
2019-09-06,61.540000915527344,33.209999084472656
2019-09-13,60.220001220703125,35.47999954223633
2019-09-20,64.27999877929688,38.9900016784668
2019-09-27,61.90999984741211,38.900001525878906
2019-10-04,58.369998931884766,39.310001373291016
2019-10-11,60.5099983215332,39.650001525878906
2019-10-18,59.41999816894531,36.43000030517578
2019-10-25,62.02000045776367,34.63999938964844
2019-11-01,61.689998626708984,34.369998931884766
2019-11-08,62.5099983215332,31.450000762939453
2019-11-15,63.29999923706055,32.41999816894531
2019-11-22,63.38999938964844,32.380001068115234
2019-11-29,62.43000030517578,36.72999954223633
2019-12-06,64.38999938964844,30.020000457763672
2019-12-13,65.22000122070312,26.760000228881836
2019-12-20,66.13999938964844,25.540000915527344
2019-12-27,68.16000366210938,25.15999984741211
2020-01-03,68.5999984741211,31.920000076293945
2020-01-10,64.9800033569336,30.3799991607666
2020-01-17,64.8499984741211,28.600000381469727
2020-01-24,60.689998626708984,34.54999923706055
2020-01-31,58.15999984741211,40.349998474121094
2020-02-07,54.470001220703125,37.5099983215332
2020-02-14,57.31999969482422,35.93000030517578
2020-02-21,58.5,35.869998931884766
2020-02-28,50.52000045776367,51.25
2020-03-06,45.27000045776367,65.0199966430664
2020-03-13,33.849998474121094,118.4800033569336
2020-03-20,26.979999542236328,190.0800018310547
2020-03-27,24.93000030517578,175.8800048828125
2020-04-03,34.11000061035156,141.67999267578125
2020-04-10,31.479999542236328,129.8800048828125
2020-04-17,28.079999923706055,95.91000366210938
2020-04-24,21.440000534057617,173.52999877929688
2020-05-01,26.440000534057617,110.18000030517578
2020-05-08,30.969999313354492,98.69999694824219
2020-05-15,32.5,76.38999938964844
2020-05-22,35.130001068115234,84.9800033569336
2020-05-29,35.33000183105469,69.2300033569336
2020-06-05,42.29999923706055,64.19999694824219
2020-06-12,38.72999954223633,70.22000122070312
2020-06-19,42.189998626708984,58.72999954223633
2020-06-26,41.02000045776367,63.689998626708984
2020-07-03,43.13999938964844,51.290000915527344
2020-07-10,43.2400016784668,49.709999084472656
2020-07-17,43.13999938964844,40.220001220703125
2020-07-24,43.34000015258789,42.349998474121094
2020-07-31,43.29999923706055,44.43000030517578
2020-08-07,44.400001525878906,37.43000030517578
2020-08-14,44.79999923706055,35.099998474121094
2020-08-21,44.349998474121094,33.68000030517578
2020-08-28,45.04999923706055,32.060001373291016
2020-09-04,42.65999984741211,44.02000045776367
2020-09-11,39.83000183105469,50.130001068115234
2020-09-18,43.150001525878906,39.06999969482422
2020-09-25,41.91999816894531,41.40999984741211
2020-10-02,39.27000045776367,55.5099983215332
2020-10-09,42.849998474121094,42.380001068115234
2020-10-16,42.93000030517578,44.060001373291016
2020-10-23,41.77000045776367,46.31999969482422
2020-10-30,37.459999084472656,68.83999633789062
2020-11-06,39.45000076293945,55.75
2020-11-13,42.779998779296875,48.2400016784668
2020-11-20,44.959999084472656,43.939998626708984
2020-11-27,48.18000030517578,46.209999084472656
2020-12-04,49.25,38.34000015258789
2020-12-11,49.970001220703125,39.5099983215332
2020-12-18,52.2599983215332,37.150001525878906
2020-12-25,51.290000915527344,39.40999984741211
2021-01-01,51.79999923706055,37.83000183105469
2021-01-08,55.9900016784668,36.650001525878906
2021-01-15,55.099998474121094,40.38999938964844
2021-01-22,55.40999984741211,36.25
2021-01-29,55.880001068115234,40.20000076293945
2021-02-05,59.34000015258789,34.939998626708984
2021-02-12,62.43000030517578,34.25
2021-02-19,62.90999984741211,37.7599983215332
2021-02-26,66.12999725341797,42.4900016784668
2021-03-05,69.36000061035156,36.61000061035156
2021-03-12,69.22000122070312,37.5099983215332
2021-03-19,64.52999877929688,44.380001068115234
2021-03-26,64.56999969482422,44.93000030517578
2021-04-02,64.86000061035156,40.150001525878906
2021-04-09,62.95000076293945,39.189998626708984
2021-04-16,66.7699966430664,32.790000915527344
2021-04-23,66.11000061035156,38.70000076293945
2021-04-30,67.25,38.38999938964844
2021-05-07,68.27999877929688,37.630001068115234
2021-05-14,68.70999908447266,36.459999084472656
2021-05-21,66.44000244140625,39.34000015258789
2021-05-28,69.62999725341797,33.540000915527344
2021-06-04,71.88999938964844,31.760000228881836
2021-06-11,72.69000244140625,32.54999923706055
2021-06-18,73.51000213623047,33.95000076293945
2021-06-25,76.18000030517578,31.299999237060547
2021-07-02,76.16999816894531,32.869998931884766
2021-07-09,75.55000305175781,37.02000045776367
2021-07-16,73.58999633789062,37.150001525878906
2021-07-23,74.0999984741211,34.04999923706055
2021-07-30,76.33000183105469,32.849998474121094
2021-08-06,70.69999694824219,39.310001373291016
2021-08-13,70.58999633789062,35.90999984741211
2021-08-20,65.18000030517578,40.66999816894531
2021-08-27,72.69999694824219,34.93000030517578
2021-09-03,72.61000061035156,36.90999984741211
2021-09-10,72.91999816894531,33.540000915527344
2021-09-17,75.33999633789062,32.31999969482422
2021-09-24,78.08999633789062,34.0099983215332
2021-10-01,79.27999877929688,37.470001220703125
2021-10-08,82.38999938964844,38.0
2021-10-15,84.86000061035156,34.04999923706055
2021-10-22,85.52999877929688,36.869998931884766
2021-10-29,84.37999725341797,37.91999816894531
2021-11-05,82.73999786376953,37.84000015258789
2021-11-12,82.16999816894531,36.099998474121094
2021-11-19,78.88999938964844,37.130001068115234
2021-11-26,72.72000122070312,65.72000122070312
2021-12-03,69.87999725341797,64.55000305175781
2021-12-10,75.1500015258789,46.22999954223633
2021-12-17,73.5199966430664,48.310001373291016
2021-12-24,76.8499984741211,43.709999084472656
2021-12-31,77.77999877929688,42.619998931884766
2022-01-07,81.75,37.0
2022-01-14,86.05999755859375,41.18000030517578
2022-01-21,87.88999938964844,42.56999969482422
2022-01-28,90.02999877929688,47.7400016784668
2022-02-04,93.2699966430664,43.880001068115234
2022-02-11,94.44000244140625,47.439998626708984
2022-02-18,93.54000091552734,52.0099983215332
2022-02-25,97.93000030517578,49.5
2022-03-04,118.11000061035156,77.29000091552734
2022-03-11,112.66999816894531,68.01000213623047
2022-03-18,107.93000030517578,69.08999633789062
2022-03-25,120.6500015258789,68.91000366210938
2022-04-01,104.38999938964844,54.36000061035156
2022-04-08,102.77999877929688,53.13999938964844
2022-04-15,111.69999694824219,53.380001068115234
2022-04-22,106.6500015258789,51.150001525878906
2022-04-29,109.33999633789062,53.099998474121094
2022-05-06,112.38999938964844,54.81999969482422
2022-05-13,111.55000305175781,51.220001220703125
2022-05-20,112.55000305175781,50.720001220703125
2022-05-27,119.43000030517578,47.91999816894531
2022-06-03,119.72000122070312,46.22999954223633
2022-06-10,122.01000213623047,42.91999816894531
2022-06-17,113.12000274658203,49.189998626708984
2022-06-24,113.12000274658203,46.9900016784668
2022-07-01,111.62999725341797,49.400001525878906
2022-07-08,107.0199966430664,52.099998474121094
2022-07-15,101.16000366210938,51.77000045776367
2022-07-22,103.19999694824219,47.84000015258789
2022-07-29,110.01000213623047,46.189998626708984
2022-08-05,94.91999816894531,48.7599983215332
2022-08-12,98.1500015258789,44.0
2022-08-19,96.72000122070312,50.34000015258789
2022-08-26,100.98999786376953,47.08000183105469
2022-09-02,93.0199966430664,53.900001525878906
2022-09-09,92.83999633789062,48.84000015258789
2022-09-16,91.3499984741211,47.439998626708984
2022-09-23,86.1500015258789,50.81999969482422
2022-09-30,87.95999908447266,55.689998626708984
2022-10-07,97.91999816894531,53.63999938964844
2022-10-14,91.62999725341797,50.29999923706055
2022-10-21,93.5,47.189998626708984
2022-10-28,95.7699966430664,47.810001373291016
2022-11-04,98.56999969482422,47.5
2022-11-11,95.98999786376953,42.060001373291016
2022-11-18,87.62000274658203,45.93000030517578
2022-11-25,83.62999725341797,50.15999984741211
2022-12-02,85.56999969482422,45.7599983215332
2022-12-09,76.0999984741211,46.93000030517578
2022-12-16,79.04000091552734,42.290000915527344
2022-12-23,83.91999816894531,41.209999084472656
2022-12-30,85.91000366210938,41.2599983215332
2023-01-06,78.56999969482422,42.939998626708984
2023-01-13,85.27999877929688,38.189998626708984
2023-01-20,87.62999725341797,37.810001373291016
2023-01-27,86.66000366210938,38.599998474121094
2023-02-03,79.94000244140625,39.47999954223633
2023-02-10,86.38999938964844,35.88999938964844
2023-02-17,83.0,36.040000915527344
2023-02-24,83.16000366210938,37.25
2023-03-03,85.83000183105469,35.20000076293945
2023-03-10,82.77999877929688,36.7599983215332
2023-03-17,72.97000122070312,51.47999954223633
2023-03-24,74.98999786376953,48.36000061035156
2023-03-31,79.7699966430664,40.34000015258789
2023-04-07,85.12000274658203,34.7599983215332
2023-04-14,86.30999755859375,32.5099983215332
2023-04-21,81.66000366210938,35.16999816894531
2023-04-28,79.54000091552734,35.630001068115234
2023-05-05,75.30000305175781,37.349998474121094
2023-05-12,74.16999816894531,37.31999969482422
2023-05-19,75.58000183105469,35.849998474121094
2023-05-26,76.94999694824219,35.95000076293945
2023-06-02,76.12999725341797,39.599998474121094
2023-06-09,74.79000091552734,33.70000076293945
2023-06-16,76.61000061035156,32.9900016784668
2023-06-23,73.8499984741211,35.36000061035156
2023-06-30,74.9000015258789,33.279998779296875
2023-07-07,78.47000122070312,34.54999923706055
2023-07-14,79.87000274658203,30.0
2023-07-21,81.06999969482422,29.649999618530273
2023-07-28,84.98999786376953,29.40999984741211
2023-08-04,86.23999786376953,28.059999465942383
2023-08-11,86.80999755859375,28.040000915527344
2023-08-18,84.80000305175781,28.43000030517578
2023-08-25,84.4800033569336,28.809999465942383
2023-09-01,88.55000305175781,27.479999542236328
2023-09-08,90.6500015258789,27.15999984741211
2023-09-15,93.93000030517578,27.15999984741211
2023-09-22,93.2699966430664,30.610000610351562
2023-09-29,95.30999755859375,32.2400016784668
2023-10-06,84.58000183105469,35.68000030517578
2023-10-13,90.88999938964844,44.2400016784668
2023-10-20,92.16000366210938,43.790000915527344
2023-10-27,90.4800033569336,46.63999938964844
2023-11-03,84.88999938964844,38.529998779296875
2023-11-10,81.43000030517578,39.290000915527344
2023-11-17,80.61000061035156,40.43000030517578
2023-11-24,80.58000183105469,43.380001068115234
2023-12-01,78.87999725341797,35.70000076293945
2023-12-08,75.83999633789062,36.2400016784668
2023-12-15,76.55000305175781,35.130001068115234
2023-12-22,79.06999969482422,33.31999969482422
2023-12-29,77.04000091552734,36.220001220703125
2024-01-05,78.76000213623047,36.06999969482422
2024-01-12,78.29000091552734,40.63999938964844
2024-01-19,78.55999755859375,35.790000915527344
2024-01-26,83.55000305175781,34.779998779296875
2024-02-02,77.33000183105469,34.849998474121094
2024-02-09,82.19000244140625,32.439998626708984
2024-02-16,83.47000122070312,30.84000015258789
2024-02-23,81.62000274658203,31.309999465942383
2024-03-01,83.55000305175781,31.079999923706055
2024-03-08,82.08000183105469,29.639999389648438
2024-03-15,85.33999633789062,29.770000457763672
2024-03-22,85.43000030517578,26.920000076293945
2024-03-29,87.4800033569336,26.270000457763672
2024-04-05,91.16999816894531,32.36000061035156
2024-04-12,90.44999694824219,32.189998626708984
2024-04-19,87.29000091552734,31.860000610351562
2024-04-26,89.5,27.809999465942383
2024-05-03,82.95999908447266,28.09000015258789
2024-05-10,82.79000091552734,27.8799991607666
2024-05-17,83.9800033569336,28.059999465942383
2024-05-24,82.12000274658203,27.559999465942383
2024-05-31,81.62000274658203,30.34000015258789
2024-06-07,79.62000274658203,26.420000076293945
2024-06-14,82.62000274658203,24.709999084472656
2024-06-21,85.23999786376953,24.739999771118164
2024-06-28,86.41000366210938,26.540000915527344
2024-07-05,86.54000091552734,23.780000686645508
2024-07-12,85.02999877929688,24.1200008392334
2024-07-19,82.62999725341797,26.829999923706055
2024-07-26,81.12999725341797,29.770000457763672
2024-08-02,76.80999755859375,38.83000183105469
2024-08-09,79.66000366210938,33.369998931884766
2024-08-16,79.68000030517578,31.0
2024-08-23,79.0199966430664,30.540000915527344
2024-08-30,78.80000305175781,33.36000061035156
2024-09-06,71.05999755859375,37.58000183105469
2024-09-13,71.61000061035156,35.220001220703125
2024-09-20,74.48999786376953,32.220001220703125
2024-09-27,71.9800033569336,39.619998931884766
2024-10-04,78.05000305175781,46.369998931884766
2024-10-11,79.04000091552734,52.68000030517578
2024-10-18,73.05999755859375,47.220001220703125
2024-10-25,76.05000305175781,48.970001220703125
2024-11-01,73.0999984741211,44.13999938964844
2024-11-08,73.87000274658203,38.7599983215332
2024-11-15,71.04000091552734,35.06999969482422
2024-11-22,75.16999816894531,35.7400016784668
2024-11-29,72.94000244140625,34.95000076293945
2024-12-06,71.12000274658203,30.979999542236328
2024-12-13,74.48999786376953,34.91999816894531
2024-12-20,72.94000244140625,29.270000457763672
2024-12-27,74.16999816894531,30.209999084472656
2025-01-03,76.51000213623047,29.979999542236328
2025-01-10,79.76000213623047,33.90999984741211
2025-01-17,80.79000091552734,33.52000045776367
2025-01-24,78.5,29.979999542236328
2025-01-31,76.76000213623047,29.959999084472656
2025-02-07,74.66000366210938,29.65999984741211
2025-02-14,74.73999786376953,28.459999084472656
2025-02-21,74.43000030517578,35.790000915527344
2025-02-28,73.18000030517578,29.969999313354492
2025-03-07,70.36000061035156,29.75
2025-03-14,70.58000183105469,33.52000045776367
2025-03-21,72.16000366210938,28.43000030517578
2025-03-28,73.62999725341797,28.700000762939453
2025-04-04,65.58000183105469,44.720001220703125
2025-04-11,64.76000213623047,50.880001068115234
2025-04-18,67.95999908447266,41.27000045776367
2025-04-25,66.87000274658203,43.529998779296875
2025-05-02,61.290000915527344,50.59000015258789
2025-05-09,63.90999984741211,39.81999969482422
2025-05-16,65.41000366210938,37.880001068115234
2025-05-23,64.77999877929688,43.130001068115234
2025-05-30,63.900001525878906,40.709999084472656
2025-06-06,66.47000122070312,35.720001220703125
2025-06-13,74.2300033569336,57.22999954223633
2025-06-20,77.01000213623047,64.66999816894531
2025-06-27,67.7699966430664,41.22999954223633
2025-07-04,68.29000091552734,37.75
2025-07-11,70.36000061035156,37.060001373291016
2025-07-18,69.27999877929688,32.16999816894531
2025-07-25,68.44000244140625,32.880001068115234
2025-08-01,69.66999816894531,39.369998931884766
2025-08-08,66.58999633789062,34.060001373291016
2025-08-15,65.8499984741211,37.220001220703125
2025-08-22,67.7300033569336,30.350000381469727
2025-08-29,68.12000274658203,32.630001068115234
2025-09-05,65.5,33.33000183105469
2025-09-12,66.98999786376953,31.770000457763672
2025-09-19,66.68000030517578,30.530000686645508
2025-09-26,70.12999725341797,35.849998474121094
2025-10-03,64.52999877929688,36.5
2025-10-10,62.72999954223633,37.72999954223633
2025-10-17,61.290000915527344,37.2400016784668
2025-10-24,65.94000244140625,38.70000076293945
2025-10-31,65.06999969482422,36.20000076293945
2025-11-07,63.630001068115234,33.33000183105469
2025-11-14,64.38999938964844,33.119998931884766
2025-11-21,62.560001373291016,35.970001220703125
2025-11-28,63.20000076293945,35.95000076293945
2025-12-05,63.75,32.060001373291016
2025-12-12,61.119998931884766,29.93000030517578
2025-12-19,60.470001220703125,33.619998931884766
2025-12-26,60.63999938964844,32.220001220703125
2026-01-02,60.75,28.399999618530273
2026-01-09,63.34000015258789,36.79999923706055
2026-01-16,64.12999725341797,43.189998626708984
2026-01-23,65.87999725341797,47.63999938964844
2026-01-30,67.0199966430664,49.61000061035156
