iso3,country,year,share_crude_oil,expgdp_crude_oil,share_copper_total,expgdp_copper_total
AGO,Angola,2004,0.932180365370691,0.457619722474257,0,0
AGO,Angola,2005,0.938690276973535,0.536684157687731,1.73180854603994e-08,9.90139382080827e-09
AGO,Angola,2006,0.942517962781026,0.511707933039111,0,0
AGO,Angola,2007,0.957182156018107,0.578961439907993,0,0
AGO,Angola,2008,0.954601690489965,0.635557545689999,0,0
AGO,Angola,2009,0.966117753424177,0.480539222360933,0,0
AGO,Angola,2010,0.965345473732002,0.531558990318901,0,0
AGO,Angola,2011,0.965567682360772,0.510865149260864,0,0
AGO,Angola,2012,0.971779242939654,0.479639394238471,0,0
AGO,Angola,2013,0.966795681306628,0.425752812715838,0,0
AGO,Angola,2014,0.96194403359153,0.343205970756713,0,0
AGO,Angola,2015,0.925386225176734,0.238443197548325,2.44625358714542e-07,6.30323330371181e-08
AGO,Angola,2016,0.911611262452986,0.222870696044753,1.44264958349902e-06,3.52698929978042e-07
AGO,Angola,2017,0.88976419608812,0.222098283547252,3.56245304518799e-08,8.89240891050166e-09
AGO,Angola,2018,0.899553874095243,0.320347015465509,0,0
AGO,Angola,2019,0.88997844818245,0.333091666831004,6.61308963585946e-08,2.47507684507399e-08
AGO,Angola,2020,0.830371802690916,0.276301757514168,5.04909233840449e-06,1.68005835751116e-06
AGO,Angola,2021,0.797201917414017,0.325703983518732,1.20048355109907e-05,4.90468306962963e-06
AGO,Angola,2022,0.786175462893657,0.283000160744401,3.39987373913805e-05,1.22385505539097e-05
AGO,Angola,2023,0.811209802820907,0.2849095295026,5.85130752322122e-05,2.05507042397518e-05
AGO,Angola,2024,0.796359102839506,0.27129779608407,2.8720946104945e-05,9.78444190810145e-06
ARE,United Arab Emirates,2000,0.583536262580898,0.213725258683135,6.73384797361914e-07,2.46633070193325e-07
ARE,United Arab Emirates,2001,0.508343769721552,0.160747663146585,2.39684480635186e-05,7.57926475143255e-06
ARE,United Arab Emirates,2002,0.27524082471618,0.130741396845633,2.66909557275791e-05,1.2678398411889e-05
ARE,United Arab Emirates,2003,0.312954181663812,0.168965459170379,5.80272585089745e-05,3.13291943448121e-05
ARE,United Arab Emirates,2004,0.315321913711688,0.193354718256975,5.9277753260222e-05,3.63489906096934e-05
ARE,United Arab Emirates,2005,0.3514842995466,0.224675081072552,7.95515191593739e-05,5.08507607299464e-05
ARE,United Arab Emirates,2006,0.378679107034841,0.242951535217926,0.0001161991088032,7.45505927056461e-05
ARE,United Arab Emirates,2007,0.377156276983286,0.229078676333841,5.89448842524612e-05,3.58021777317621e-05
ARE,United Arab Emirates,2008,0.38324641787619,0.255121813436715,4.9192480952381e-05,3.27467508178429e-05
ARE,United Arab Emirates,2009,0.240797193366719,0.165938818487302,0.000191782297896695,0.000132161540069494
ARE,United Arab Emirates,2010,0.330114186220143,0.212786642469519,0.000893482899950596,0.000575925647308082
ARE,United Arab Emirates,2011,0.364021324217203,0.24922880158913,0.0016378314512425,0.00112134851076634
ARE,United Arab Emirates,2012,0.27587510046755,0.245906158717187,0.00157529968611031,0.00140417128614817
ARE,United Arab Emirates,2013,0.28800035999295,0.260991731826303,0.00134359648068772,0.0012175942154343
ARE,United Arab Emirates,2014,0.209684745517581,0.169274664312699,0.000716936626572877,0.000578769840872508
ARE,United Arab Emirates,2015,0.105029515491291,0.0826213549012103,0.000325952825425735,0.00025641043800478
ARE,United Arab Emirates,2016,0.0852769738055969,0.0659145098397845,0.000179811508088622,0.000138984615545024
ARE,United Arab Emirates,2017,0.0999560213101566,0.0777116123640227,0.000101718666128945,7.90819947491726e-05
ARE,United Arab Emirates,2018,0.188908911669829,0.166356247507688,4.7728766160835e-05,4.20307245778101e-05
ARE,United Arab Emirates,2019,0.326849366307554,0.293331796273858,4.47968388176595e-05,4.02030370938824e-05
ARE,United Arab Emirates,2020,0.313523215777995,0.29432964535907,8.75383116071074e-05,8.21793057548115e-05
ARE,United Arab Emirates,2021,0.232945711915586,0.234444931894414,0.000174614407852126,0.000175738212221352
ARE,United Arab Emirates,2022,0.299592235010064,0.302063352083908,0.000239510778200854,0.000241486327311338
ARE,United Arab Emirates,2023,0.285434075593569,0.311443957439509,0.000232598752041169,0.000253794070243886
ARG,Argentina,2000,0.106627082503913,0.00883898518373988,1.18129780624779e-05,9.79251571159275e-07
ARG,Argentina,2001,0.0899704241445539,0.00796920975897158,3.05726534484112e-06,2.70799977365098e-07
ARG,Argentina,2002,0.0865009252651455,0.0197752439933131,2.51982048579951e-05,5.76063952764588e-06
ARG,Argentina,2003,0.0767779276170229,0.016138588748236,6.45758380309239e-06,1.35737304378962e-06
ARG,Argentina,2004,0.0652439719723039,0.0136792352359758,9.33025068121125e-08,1.95620668117955e-08
ARG,Argentina,2005,0.0625581873481357,0.0125906812011662,1.88216409792797e-05,3.78810977904684e-06
ARG,Argentina,2006,0.0516925470004378,0.0103313676553939,2.07745745029126e-05,4.15204472459337e-06
ARG,Argentina,2007,0.0232343573187614,0.00450124405305622,1.11883775717726e-05,2.16754943196224e-06
ARG,Argentina,2008,0.0231102926320206,0.00445104768873179,3.90080666615413e-06,7.51296263186126e-07
ARG,Argentina,2009,0.044301471975956,0.00737033347577794,1.8048621559015e-05,3.0027074436771e-06
ARG,Argentina,2010,0.037895933647312,0.00608278291334004,1.20860827090866e-05,1.9399711345352e-06
ARG,Argentina,2011,0.026297841608084,0.00413578775651765,4.1077430380087e-06,6.46013221035395e-07
ARG,Argentina,2012,0.0326474872921592,0.00450470395193094,2.82812665967376e-05,3.90225233151505e-06
ARG,Argentina,2013,0.0228634411509772,0.0028403230145011,3.01642584183301e-05,3.7473028156691e-06
ARG,Argentina,2014,0.0236773355697529,0.00287365585189509,1.40516336683137e-05,1.70540976625847e-06
ARG,Argentina,2015,0.0118154816851912,0.00104430715311675,1.47224693445885e-08,1.30124022513324e-09
ARG,Argentina,2016,0.0129328282265933,0.00134442995323057,2.41754130085635e-06,2.51315093736417e-07
ARG,Argentina,2017,0.00985243928879497,0.000893402048516683,9.58173751122801e-05,8.68855282428971e-06
ARG,Argentina,2018,0.0239582559691995,0.00281229759278151,0,0
ARG,Argentina,2019,0.017198896560907,0.00250673013177038,0,0
ARG,Argentina,2020,0.0103921303448624,0.0014806157466162,0,0
ARG,Argentina,2021,0.0149041163546509,0.00238980762608016,0,0
ARG,Argentina,2022,0.0347396040528168,0.00484999566329398,0,0
ARG,Argentina,2023,0.0558994359673005,0.0057535354298153,0,0
ARG,Argentina,2024,0.0618683949799404,0.00773830253040484,0,0
BHR,Bahrain,2000,0,0,0,0
BHR,Bahrain,2001,0,0,0,0
BHR,Bahrain,2002,0,0,0,0
BHR,Bahrain,2003,0,0,0,0
BHR,Bahrain,2004,0,0,0,0
BHR,Bahrain,2005,0,0,0,0
BHR,Bahrain,2006,0,0,0,0
BHR,Bahrain,2007,0,0,0,0
BHR,Bahrain,2008,0,0,0,0
BHR,Bahrain,2009,0,0,0,0
BHR,Bahrain,2010,0,0,0,0
BHR,Bahrain,2011,0.00105114895014914,0.00079277736921277,3.06268306332033e-07,2.30987798763162e-07
BHR,Bahrain,2012,0,0,1.28447205695756e-05,6.67944185464443e-06
BHR,Bahrain,2013,0,0,4.50035207611335e-07,2.66593737988942e-07
BHR,Bahrain,2014,0.228716982414051,0.156187386334225,2.02434447490024e-07,1.38239438644926e-07
BHR,Bahrain,2015,0,0,1.21339424519242e-06,5.17927189988623e-07
BHR,Bahrain,2016,0,0,1.27969136084616e-06,3.98273070680242e-07
BHR,Bahrain,2017,0,0,9.20864253159988e-07,3.09026233033195e-07
BHR,Bahrain,2018,0,0,3.45547819090957e-06,1.25298963809139e-06
BHR,Bahrain,2019,0,0,0.00013026451491758,4.56274052463718e-05
BHR,Bahrain,2020,0,0,2.08698891720138e-06,6.73139963167588e-07
BHR,Bahrain,2021,0,0,1.2702579361924e-05,5.66047769343781e-06
BHR,Bahrain,2022,0,0,2.95677413513541e-07,1.41621851995351e-07
BHR,Bahrain,2023,0,0,8.69240960301499e-06,2.33473540872878e-06
BHR,Bahrain,2024,0,0,4.14134303260696e-07,1.09469348333687e-07
BRA,Brazil,2000,0.00288372210410384,0.000241946762091619,0.000438367475998328,3.6779407860811e-05
BRA,Brazil,2001,0.0124219032765011,0.00128731199574272,0.000364947022623608,3.78203460111218e-05
BRA,Brazil,2002,0.0281218064787606,0.00331772757641262,0.00130729708368985,0.000154231044452901
BRA,Brazil,2003,0.0291585253130462,0.00380116422562662,0.000600969348969216,7.83435775806475e-05
BRA,Brazil,2004,0.0265746281384748,0.00377662359963543,0.00062560497501676,8.89071523554812e-05
BRA,Brazil,2005,0.0351182967728871,0.00467092628693644,0.000968300367556582,0.000128789265314317
BRA,Brazil,2006,0.0501149724595524,0.00622458786975411,0.00283830331401105,0.00035253473187749
BRA,Brazil,2007,0.0557206758744214,0.00637390048771969,0.00423656272414391,0.000484621350870437
BRA,Brazil,2008,0.0698939328518761,0.0080683546040198,0.00355428955014309,0.000410296964068272
BRA,Brazil,2009,0.0616043738640209,0.00560209000577521,0.00273523702947795,0.000248733053599201
BRA,Brazil,2010,0.081290705817737,0.00737691310877329,0.00165494456106799,0.000150181771753934
BRA,Brazil,2011,0.0851646018825132,0.00826438133041472,0.00205632288178679,0.000199545774393302
BRA,Brazil,2012,0.0845560652108632,0.00823417453439516,0.000574152243012674,5.59116577443748e-05
BRA,Brazil,2013,0.0557170136888751,0.00524195652335744,0.00274199555764791,0.000257971857226431
BRA,Brazil,2014,0.0740391535967379,0.00665977996339659,0.00137195030374956,0.000123406153363829
BRA,Brazil,2015,0.0630776572227541,0.00654501282133901,0.0030491849882326,0.000316387065108336
BRA,Brazil,2016,0.0561133078829368,0.00560708088067496,0.00271843334877713,0.000271637446274175
BRA,Brazil,2017,0.0773299710126409,0.00805663732051898,0.00141020439373418,0.000146922405366755
BRA,Brazil,2018,0.108893745158773,0.0131727637289547,0.0013018526174663,0.000157483764699254
BRA,Brazil,2019,0.109437383727944,0.0129182299451338,0.00139984267079071,0.000165240513728283
BRA,Brazil,2020,0.0937653469219576,0.0132876934012243,0.000576725626882917,8.17290561834899e-05
BRA,Brazil,2021,0.109000686812137,0.0183216004608985,0.000981309886019904,0.000164945452967408
BRA,Brazil,2022,0.127631721452615,0.02187059478474,0.000536665800099718,9.19614662814593e-05
BRA,Brazil,2023,0.125439151325767,0.0194470489964799,0.000272079970516393,4.21810293012258e-05
BRA,Brazil,2024,0.133050251462852,0.0205756142580594,0.000151409859179416,2.34148438134489e-05
CHL,Chile,2000,0,0,0.272006322189917,0.0633157850223642
CHL,Chile,2001,7.42137763561478e-05,1.9452270089629e-05,0.250160944213782,0.0655700126263686
CHL,Chile,2002,0,0,0.260578400471498,0.0645861078312825
CHL,Chile,2003,0,0,0.236699043311275,0.0672802091376065
CHL,Chile,2004,0,0,0.293315154201092,0.098040690716398
CHL,Chile,2005,0,0,0.284936273807434,0.0980290350909537
CHL,Chile,2006,0,0,0.350710551563603,0.135678250932755
CHL,Chile,2007,0,0,0.344118012451565,0.13702767365161
CHL,Chile,2008,0,0,0.32971910235996,0.118723955305895
CHL,Chile,2009,0,0,0.345742972015715,0.111938105868837
CHL,Chile,2010,0,0,0.368828078401724,0.121331474741526
CHL,Chile,2011,0,0,0.357140892022278,0.116367972514483
CHL,Chile,2012,0,0,0.324140916659378,0.0949783398261149
CHL,Chile,2013,0,0,0.290566981322911,0.0807805652978703
CHL,Chile,2014,0,0,0.27508413073431,0.0799005307735722
CHL,Chile,2015,0,0,0.262616649864817,0.0672670924717935
CHL,Chile,2016,0,0,0.24308218718095,0.0592516272686057
CHL,Chile,2017,0,0,0.250384068621611,0.0624277958530705
CHL,Chile,2018,0,0,0.233792700404055,0.0592244937920576
CHL,Chile,2019,0,0,0.215884392002447,0.0534136126500935
CHL,Chile,2020,0.000160242051916512,4.6724595213729e-05,0.224191447475457,0.0653714459368535
CHL,Chile,2021,0,0,0.247393414198893,0.0742599943407142
CHL,Chile,2022,0.000383902846022306,0.000125589387526139,0.214048419450248,0.0700234712459853
CHL,Chile,2023,0.000202369651280646,5.72423228464933e-05,0.201136061369016,0.0568933893402349
CHL,Chile,2024,0.000102055953693605,3.0626225765422e-05,0.190770046009446,0.0572486590631053
CIV,Ivory Coast,2000,0.0192068118544787,0.00467043613224699,1.35686995663327e-08,3.29944111507643e-09
CIV,Ivory Coast,2001,0.0151412438150431,0.00356879231514369,6.77294477529278e-07,1.59638359702938e-07
CIV,Ivory Coast,2002,0.0182822270348081,0.00531503388150222,1.45427852902476e-07,4.22789829717751e-08
CIV,Ivory Coast,2003,0.0355508510906014,0.00893041625011789,1.61067096924815e-07,4.04602470998774e-08
CIV,Ivory Coast,2004,0.0450957460687192,0.0129418265573198,5.32007366280395e-08,1.5267841563427e-08
CIV,Ivory Coast,2005,0.0698139838393367,0.0214173924489969,1.03339759028983e-07,3.17023618047913e-08
CIV,Ivory Coast,2006,0.160821284304158,0.0532048601185642,2.3319362647532e-09,7.71479616696443e-10
CIV,Ivory Coast,2007,0.128341711541016,0.0367719331628667,2.05721249755489e-06,5.89423964770225e-07
CIV,Ivory Coast,2008,0.156131829708404,0.04517064153187,1.61189828605107e-06,4.66339757889414e-07
CIV,Ivory Coast,2009,0.111224960922268,0.0340201808641558,4.72607273358948e-08,1.44555545662304e-08
CIV,Ivory Coast,2010,0.106127021744825,0.0317022039635213,2.52416361645832e-07,7.54016729110395e-08
CIV,Ivory Coast,2011,0.118200981839212,0.0369603853272538,3.0033211347466e-06,9.39111542683442e-07
CIV,Ivory Coast,2012,0.115602893960377,0.0339064254242506,3.276653855599e-06,9.61045314609776e-07
CIV,Ivory Coast,2013,0.0698217026951115,0.0221973921483992,7.44957079829299e-07,2.36833302489127e-07
CIV,Ivory Coast,2014,0.0515616611966382,0.0133823657967964,3.99751434173708e-09,1.03751892312099e-09
CIV,Ivory Coast,2015,0.0433978656917124,0.011897068179068,1.26546731667477e-07,3.46914547637237e-08
CIV,Ivory Coast,2016,0.0539517190605984,0.0120110239226987,3.51241299002989e-06,7.8195240456123e-07
CIV,Ivory Coast,2017,0.0497395961927328,0.0117884875206048,1.16856662891344e-05,2.76955065508836e-06
CIV,Ivory Coast,2018,0.0599260713424774,0.0121045180572263,1.51310178985498e-05,3.05632715901712e-06
CIV,Ivory Coast,2019,0.0709136357326796,0.0149358112686187,2.40373096741283e-05,5.06273182849477e-06
CIV,Ivory Coast,2020,0.0358239111788509,0.00706843417829814,8.80111528386654e-05,1.73655254360811e-05
CIV,Ivory Coast,2021,0.0371742870956127,0.0078263697924018,1.27853077133507e-05,2.69171392088751e-06
CIV,Ivory Coast,2022,0.0506657359784255,0.0117111858119311,1.35746528276342e-05,3.13772766795638e-06
CIV,Ivory Coast,2023,0.0352649051076393,0.0081265450045837,8.87055322145253e-06,2.04415550671857e-06
CIV,Ivory Coast,2024,0.0389219206149971,0.00918298408032516,9.12670675391671e-06,2.15329566225774e-06
COL,Colombia,2000,0.305114994039367,0.0404434914475672,0.000119109914511939,1.5788213961922e-05
COL,Colombia,2001,0.210587233091563,0.0265407454664672,4.84758488885601e-05,6.10951171034568e-06
COL,Colombia,2002,0.21666129290923,0.0264781282035479,2.23352182822359e-05,2.72958203650632e-06
COL,Colombia,2003,0.189160757630824,0.0263259406518411,1.17857798569181e-05,1.64025427332256e-06
COL,Colombia,2004,0.179079439164899,0.0257423080974721,5.77476755367208e-07,8.30111185578526e-08
COL,Colombia,2005,0.190268467086555,0.0276912404104367,1.66326428823702e-05,2.42067705578945e-06
COL,Colombia,2006,0.185944659975573,0.0280319394040533,5.94794178532683e-05,8.96677235727133e-06
COL,Colombia,2007,0.184873457804408,0.0268855222373079,0.000657218659044553,9.55770886873879e-05
COL,Colombia,2008,0.247335306503199,0.0383754868909379,0.000908712038722008,0.00014099186817537
COL,Colombia,2009,0.245136972784067,0.034643249185913,0.000294473508374526,4.16155874546714e-05
COL,Colombia,2010,0.336366949303177,0.0467505065357994,7.4714068736163e-05,1.03842561405101e-05
COL,Colombia,2011,0.404191603714853,0.0687237898891231,4.92088670305805e-05,8.36687305577283e-06
COL,Colombia,2012,0.440604472473818,0.0716414095216771,2.54155971810118e-05,4.13252547269829e-06
COL,Colombia,2013,0.469964623941904,0.0723492072840715,2.78115945712292e-06,4.28148570770543e-07
COL,Colombia,2014,0.470131483760689,0.0675708181307887,6.85596658123693e-05,9.85390868243447e-06
COL,Colombia,2015,0.3595994519635,0.0437297656400664,1.84205625924814e-05,2.24006705441016e-06
COL,Colombia,2016,0.259624556531881,0.0285089207838144,3.27450889595344e-05,3.59568123938879e-06
COL,Colombia,2017,0.289986897651802,0.0351142178144147,1.82334063968118e-05,2.20786459285194e-06
COL,Colombia,2018,0.328336408501212,0.0411069277018113,4.55162021353869e-05,5.6985189031617e-06
COL,Colombia,2019,0.328694007116617,0.0401787806373857,3.53729391671831e-05,4.32390470323847e-06
COL,Colombia,2020,0.229590088744301,0.0263738082965289,2.1128866581315e-05,2.42714604879637e-06
COL,Colombia,2021,0.270609916693906,0.0351637751766109,4.45675909186405e-06,5.79123177144651e-07
COL,Colombia,2022,0.278274216966486,0.0458193214549,4.12311960262005e-06,6.78893447365985e-07
COL,Colombia,2023,0.254357624597071,0.0345602790268966,9.44082098624416e-07,1.28275064702478e-07
COL,Colombia,2024,0.243426011743644,0.0288006788867957,5.26143495574031e-06,6.2250084762355e-07
ECU,Ecuador,2000,0.444642605952484,0.122298130397581,2.33104618519974e-06,6.41149962922822e-07
ECU,Ecuador,2001,0.370593788520047,0.0744727591559649,1.6266839685536e-06,3.26890647295369e-07
ECU,Ecuador,2002,0.36552417315337,0.0679565138242035,6.65299354145227e-05,1.23689288090486e-05
ECU,Ecuador,2003,0.392864891572416,0.0766127608267399,7.91247996135821e-05,1.54301630873567e-05
ECU,Ecuador,2004,0.512548817629033,0.110768813609888,9.19654035864937e-06,1.98749822417957e-06
ECU,Ecuador,2005,0.546827929492685,0.133986445815437,7.8898757071458e-06,1.93321581965789e-06
ECU,Ecuador,2006,0.544792674741332,0.15175877214331,7.17052658481558e-06,1.99743932065396e-06
ECU,Ecuador,2007,0.538272490793805,0.1490171527814,0.000157341579872814,4.35589680836125e-05
ECU,Ecuador,2008,0.56157745952649,0.172851165393611,0.00017112112381474,5.26703577094817e-05
ECU,Ecuador,2009,0.453300762060982,0.104569948847658,0.000157353397597765,3.62991596638656e-05
ECU,Ecuador,2010,0.511834249124967,0.131354506302182,0.000114414348457665,2.9362709277927e-05
ECU,Ecuador,2011,0.528139663048115,0.149391330851912,0.000114459763372613,3.23764670135592e-05
ECU,Ecuador,2012,0.532920500778778,0.144882073323075,0.000104833986483449,2.85006211888072e-05
ECU,Ecuador,2013,0.537380787276476,0.138881211556384,0.000113562360044086,2.93491664077871e-05
ECU,Ecuador,2014,0.505978888768637,0.126716055277556,0.00011201366642425,2.80524153507662e-05
ECU,Ecuador,2015,0.346700736974127,0.0653763521859891,0.000172367280620977,3.25027980660426e-05
ECU,Ecuador,2016,0.300871432793049,0.0517445037216779,0.000305487823150624,5.2538440273981e-05
ECU,Ecuador,2017,0.324204361698374,0.0592514753187131,0.000273980391915205,5.00725602343324e-05
ECU,Ecuador,2018,0.363827937306212,0.0732941907400516,0.00030459176376225,6.13608921742852e-05
ECU,Ecuador,2019,0.346232771764871,0.0718536254647013,0.000251392892778728,5.21715222684858e-05
ECU,Ecuador,2020,0.230150379726717,0.0488686607686851,0.0010483360265682,0.000222596972096177
ECU,Ecuador,2021,0.27259854891285,0.0679066154256897,0.000999029514198064,0.000248866743018688
ECU,Ecuador,2022,0.306233081335524,0.0932950770607837,0.000891945598559451,0.000271734630983441
ECU,Ecuador,2023,0.251341659042575,0.0645774725531792,0.000191471599352072,4.91949961616879e-05
ECU,Ecuador,2024,0.248265606776801,0.0628412044531426,0.000190816683980291,4.82996835798389e-05
EGY,Egypt,2000,0.0739309949260442,0.00332437553692531,7.14272839007933e-06,3.21179385596456e-07
EGY,Egypt,2001,0.0714655913854444,0.00290663142483353,9.13114704043247e-06,3.71379826542685e-07
EGY,Egypt,2002,0.0676406799174263,0.00350916337268588,1.91902783036123e-05,9.9558167979526e-07
EGY,Egypt,2003,0.0553615526756298,0.00412727745545601,9.7090592986839e-05,7.23823296502002e-06
EGY,Egypt,2004,0.0524866088633648,0.00487374230885282,0.000121820410158874,1.1311862205057e-05
EGY,Egypt,2005,0.0483612381522866,0.00547789921892762,8.33967808896605e-05,9.44639091865246e-06
EGY,Egypt,2006,0.0644468541951914,0.0078516776824237,0.000111417706143465,1.35742221661264e-05
EGY,Egypt,2007,0.0649833692292315,0.00767860564444931,6.6532418806304e-05,7.86164541242567e-06
EGY,Egypt,2008,0.0836671459084843,0.0129006213477169,0.000283053679244524,4.36439930795037e-05
EGY,Egypt,2009,0.0649925838613745,0.0079352625539543,2.80458095726526e-05,3.42425011093407e-06
EGY,Egypt,2010,0.0675043762251281,0.00772751611136229,6.27667587698694e-05,7.18518067679894e-06
EGY,Egypt,2011,0.0954319422710357,0.0121665609302213,3.47899035972373e-05,4.4353438880053e-06
EGY,Egypt,2012,0.102751702111323,0.0102642857356307,3.41964445718584e-05,3.41602203190687e-06
EGY,Egypt,2013,0.106309662832287,0.0100909954484587,1.58784358288823e-05,1.50719341411769e-06
EGY,Egypt,2014,0.113772705256162,0.00948437064489451,8.33128328429025e-07,6.94516127026372e-08
EGY,Egypt,2015,0.0907470124533681,0.0056655549127868,4.28934489879257e-07,2.67794149989004e-08
EGY,Egypt,2016,0.0787044841027351,0.00514480909788216,3.31830438030929e-05,2.16913213522534e-06
EGY,Egypt,2017,0.0796741168001289,0.00853276668321004,0.000265469982474483,2.84307314950613e-05
EGY,Egypt,2018,0.0728003618328354,0.00810672196888918,1.21526722827605e-05,1.3532671115232e-06
EGY,Egypt,2019,0.0628283914570815,0.00602904079432452,1.72101514010151e-06,1.65149389419115e-07
EGY,Egypt,2020,0.0406466402748999,0.00311581769708908,0.000197852036910813,1.51665887719757e-05
EGY,Egypt,2021,0.0736365206269871,0.00759098972738956,0.000198144288733932,2.04261587526577e-05
EGY,Egypt,2022,0.061455152374123,0.00673941725182069,0.000112973745848761,1.23891518019658e-05
EGY,Egypt,2023,0.0620021602261766,0.00669935352488904,4.51874636950862e-05,4.88252011030196e-06
EGY,Egypt,2024,0.0314153910305956,0.00367753487947169,8.79768715434676e-06,1.02987103796609e-06
HUN,Hungary,2000,0,0,4.91238826719491e-06,2.91902868262966e-06
HUN,Hungary,2001,0,0,5.5741873679143e-07,3.15985130111524e-07
HUN,Hungary,2002,0,0,4.65975312686181e-07,2.36560411615116e-07
HUN,Hungary,2003,0,0,1.54172938226462e-05,7.78260359197089e-06
HUN,Hungary,2004,0,0,9.6199242910516e-05,5.13002932269384e-05
HUN,Hungary,2005,0.00205311103788022,0.00113044439335797,6.55031241328845e-05,3.60660665971105e-05
HUN,Hungary,2006,0,0,0,0
HUN,Hungary,2007,0.00216264000954849,0.00145990308514662,0,0
HUN,Hungary,2008,0,0,8.25700371808211e-05,5.646914578962e-05
HUN,Hungary,2009,0,0,2.62074796510244e-05,1.65434571544336e-05
HUN,Hungary,2010,0,0,5.29189112040618e-05,3.80139349047377e-05
HUN,Hungary,2011,0,0,7.7865910119326e-05,6.1109425387932e-05
HUN,Hungary,2012,1.03336966077029e-05,8.27128512493189e-06,0.00028041826192948,0.000224452051062505
HUN,Hungary,2013,0.000470971436817744,0.000375033609542486,0.000365375054062247,0.000290947421966
HUN,Hungary,2014,9.64436490530606e-05,7.69041515209489e-05,7.64281862606153e-05,6.09438244443027e-05
HUN,Hungary,2015,0.000300786722665827,0.000240873494937881,5.51692116720314e-05,4.41801443582128e-05
HUN,Hungary,2016,0.000338108360831312,0.00027002090181728,3.41697582895528e-05,2.72887334863239e-05
HUN,Hungary,2017,0.000266746944418068,0.00021121783932745,3.08811156450562e-05,2.44525482261834e-05
HUN,Hungary,2018,0.000815291459360298,0.000626992617179018,6.55385738216988e-05,5.04018550113224e-05
HUN,Hungary,2019,0.000399852692902956,0.00029621750835218,5.71762432105968e-05,4.23571095090555e-05
HUN,Hungary,2020,0.000922126428478007,0.000698110482873514,4.29959575075981e-05,3.25507736577732e-05
HUN,Hungary,2021,0.00120701325715209,0.000929592384454641,7.17163330545058e-05,5.52329948767753e-05
HUN,Hungary,2022,0.000749815452036698,0.000630452476152556,8.18973255247656e-05,6.8860106212953e-05
HUN,Hungary,2023,0.00102631824202841,0.000760102957524124,9.67535368730598e-05,7.1656769329933e-05
HUN,Hungary,2024,0.000376515949847758,0.000283079624316327,7.47086997098271e-05,5.61689635075764e-05
IDN,Indonesia,2000,0.0980306253148474,0.0339312869647096,0.00529984758290286,0.00183443335821977
IDN,Indonesia,2001,0.101473998002094,0.0327476698298636,0.0061743152518107,0.00199257387382741
IDN,Indonesia,2002,0.0914574588891676,0.0245649538455032,0.00693233303846705,0.00186198526834174
IDN,Indonesia,2003,0.0920597924315198,0.0220132841595326,0.00692949774819246,0.00165697748153486
IDN,Indonesia,2004,0.0871915934131054,0.0223430231399278,0.00526188661667896,0.00134836914700155
IDN,Indonesia,2005,0.0950951347666845,0.0261991645825293,0.00789530774541298,0.0021751950566062
IDN,Indonesia,2006,0.0810410187674269,0.0206013913718923,0.00931167745498399,0.00236711623936366
IDN,Indonesia,2007,0.0808585966378114,0.0196260230976064,0.0155057438084162,0.0037635588395463
IDN,Indonesia,2008,0.0906342517927476,0.022244212509247,0.00918894701643927,0.00225522786503813
IDN,Indonesia,2009,0.0671209091894838,0.0135163626932975,0.015276604279104,0.00307630106105151
IDN,Indonesia,2010,0.0659331143301749,0.0137769174010123,0.014345207554246,0.00299747314506538
IDN,Indonesia,2011,0.0679553199084269,0.0154861790913234,0.0125032232928003,0.00284933034517436
IDN,Indonesia,2012,0.0646913217098437,0.0133934117543879,0.00474763637312931,0.000982930123002168
IDN,Indonesia,2013,0.0559003642473365,0.0111829492309243,0.0028806103769166,0.0005762702986442
IDN,Indonesia,2014,0.0526665212638869,0.0104075638286288,0.00430127078055311,0.000849984945246768
IDN,Indonesia,2015,0.0430909883038023,0.00752674863449551,0.00369248387458484,0.000644970075064994
IDN,Indonesia,2016,0.0359659803656046,0.00557661277293033,0.00545969766417171,0.00084653940809785
IDN,Indonesia,2017,0.0317179538630248,0.00527251318647052,0.00640933846442545,0.00106543195428601
IDN,Indonesia,2018,0.0284131358048298,0.0049128003417534,0.00563954171896046,0.00097511033891345
IDN,Indonesia,2019,0.0102969905464665,0.00154287393056027,0.00646729536118079,0.000969042495374855
IDN,Indonesia,2020,0.00855967057642806,0.00131897622705242,0.0077065513384174,0.00118751743039313
IDN,Indonesia,2021,0.0120762333163575,0.00235642280498268,0.00806525945125027,0.00157376566029785
IDN,Indonesia,2022,0.00552828993164258,0.00122454055250887,0.00594359452980014,0.00131653234895508
IDN,Indonesia,2023,0.00675992722474035,0.00127576981491486,0.00449886123871336,0.000849049283967914
IDN,Indonesia,2024,0.00836726861940267,0.00159597377590776,0.00835156101000949,0.00159297770469097
IRQ,Iraq,2010,0.994664034324629,0.376867821278255,0,0
IRQ,Iraq,2011,0.997119059104685,0.446762314939435,0,0
IRQ,Iraq,2012,0.996378270471376,0.431255503779262,0,0
IRQ,Iraq,2013,0.99412333935082,0.380221873694798,0,0
IRQ,Iraq,2014,0.995547814330274,0.358531606513503,0,0
IRQ,Iraq,2015,0.993029063176331,0.276175732123355,0,0
IRQ,Iraq,2016,0.996547773849333,0.258998747246614,0,0
KAZ,Kazakhstan,2000,0.489554082672112,0.232288279029084,0.000357146058497248,0.000169462059916904
KAZ,Kazakhstan,2001,0.50141279573896,0.192061842639823,0.0735992418327353,0.0281915541913059
KAZ,Kazakhstan,2002,0.521419774973418,0.204078645939035,0.061475141306626,0.0240607744449405
KAZ,Kazakhstan,2003,0.542934480256635,0.227427926963741,0.0484995040820276,0.020315787766751
KAZ,Kazakhstan,2004,0.568609096720802,0.264579307888395,0.0522372803436558,0.0243065113783834
KAZ,Kazakhstan,2005,0.624692786892716,0.304512006021882,0.0528260636045074,0.0257505303982495
KAZ,Kazakhstan,2006,0.617397012082664,0.291495284767231,0.0632808777255013,0.0298771732158068
KAZ,Kazakhstan,2007,0.589049447885504,0.268248693819742,0.0526937805533277,0.0239963518454936
KAZ,Kazakhstan,2008,0.611307111885186,0.326043696647232,0.0351558442814177,0.0187505448659343
KAZ,Kazakhstan,2009,0.606700069847561,0.227275163673261,0.0337213280687977,0.0126323050499094
KAZ,Kazakhstan,2010,0.646045908132149,0.249801031240079,0.0332622556648364,0.0128612311630766
KAZ,Kazakhstan,2011,0.626213194266908,0.286432519935004,0.0332434941773106,0.0152057125206358
KAZ,Kazakhstan,2012,0.611633092570118,0.271359150043991,0.0383785437845141,0.0170271509959182
KAZ,Kazakhstan,2013,0.675921186293864,0.241931815306273,0.0324034689236406,0.011598142235933
KAZ,Kazakhstan,2014,0.674902887398077,0.242199927859775,0.0215406692204102,0.00773022108610037
KAZ,Kazakhstan,2015,0.582599223201862,0.145199323817168,0.0419190947322925,0.0104473606688071
KAZ,Kazakhstan,2016,0.526929807160288,0.141158918901791,0.0503348031971079,0.0134841610891767
KAZ,Kazakhstan,2017,0.548097685830893,0.159372198718272,0.0495549240368849,0.014409251133952
KAZ,Kazakhstan,2018,0.618622358821461,0.21078932386718,0.0402377080478002,0.0137105928235753
KAZ,Kazakhstan,2019,0.578403968268866,0.184872157820573,0.046503708363061,0.0148637308583287
KAZ,Kazakhstan,2020,0.566070370981152,0.138552563212904,0.00102253736792474,0.000250278376275704
KAZ,Kazakhstan,2021,0.585840665985735,0.157726760857431,0.00139584079615809,0.000375804310341329
KAZ,Kazakhstan,2022,0.616243331008063,0.208077513743082,0.000247808927756419,8.36738719533828e-05
KAZ,Kazakhstan,2023,0.537430971265223,0.161606114698862,0.0405065104411372,0.0121803545430034
KAZ,Kazakhstan,2024,0.52539200231199,0.147107044375806,0.0510042106169065,0.0142809152814601
LKA,Sri Lanka,2000,0,0,4.8711780952823e-09,1.29954515919428e-09
LKA,Sri Lanka,2001,0,0,0.000343973992185997,8.44712518195051e-05
LKA,Sri Lanka,2002,0,0,0.00732539208366317,0.00170953789900188
LKA,Sri Lanka,2003,0,0,0.0144963001365834,0.00315701198997853
LKA,Sri Lanka,2004,0,0,0.0199101812760587,0.00445653068828563
LKA,Sri Lanka,2005,8.76481626746107e-07,1.86945983379501e-07,0.0200885562781613,0.00428471606648199
LKA,Sri Lanka,2006,0,0,0.00736827045751318,0.00148920728316441
LKA,Sri Lanka,2007,3.92882956875675e-07,7.86516853932584e-08,0.00492646107593964,0.000986233838515809
LKA,Sri Lanka,2008,4.2803942459028e-09,7.26487743113934e-10,0.00164156360200302,0.000278613550034249
LKA,Sri Lanka,2009,1.68504044622031e-08,2.41206030150754e-09,0.000241590708096317,3.45826331658291e-05
LKA,Sri Lanka,2010,7.94551883504736e-07,1.12511297171018e-07,0.00102876477696616,0.000145676653650052
LKA,Sri Lanka,2011,5.09425290381323e-09,7.53045404208195e-10,0.000813960727844396,0.000120321742340347
LKA,Sri Lanka,2012,3.27328782415493e-07,4.35702920786453e-08,0.000336743940722349,4.48235310830776e-05
LKA,Sri Lanka,2013,5.69722037061949e-09,7.40894792939403e-10,0.000293425539967769,3.81585124912262e-05
LKA,Sri Lanka,2014,2.39918851186363e-07,3.2855255022247e-08,0.000123243215271486,1.68773201750664e-05
LKA,Sri Lanka,2015,2.68780906292399e-07,3.29764604952345e-08,1.00015999820437e-05,1.22708629584797e-06
LKA,Sri Lanka,2016,2.34688511492787e-07,2.8125e-08,0.000221340566842769,2.65253863636364e-05
LKA,Sri Lanka,2017,1.49020911174827e-08,1.85392472662541e-09,0.000270245066496994,3.36203830105111e-05
LKA,Sri Lanka,2019,0,0,0.000452700690999667,6.08965776666854e-05
LKA,Sri Lanka,2020,0,0,0.000569867338554576,7.23748422138926e-05
LKA,Sri Lanka,2021,0,0,0.000741201068995274,0.000111513906047918
LKA,Sri Lanka,2022,0,0,0.00067039674155389,0.000122172529376274
LKA,Sri Lanka,2023,0,0,0.000729942596650684,0.00010508022116981
LKA,Sri Lanka,2024,2.83389419348925e-07,3.4676650094984e-08,0.00101888080168436,0.000124674284345823
MAR,Morocco,2000,0,0,6.5945350412118e-05,1.16390435165149e-05
MAR,Morocco,2001,0,0,8.84295851197285e-05,1.47719231219558e-05
MAR,Morocco,2002,3.68251687736397e-09,6.30417186235261e-10,0.000107296837416501,1.83683531097548e-05
MAR,Morocco,2003,0,0,0.0001981964540637,3.07375666163812e-05
MAR,Morocco,2004,0,0,0.000211298387484656,3.23201224894619e-05
MAR,Morocco,2005,0,0,0.00199835110193923,0.000331658897106777
MAR,Morocco,2006,0,0,0.000766387162967331,0.000131348702129665
MAR,Morocco,2007,0,0,0.00117603681995572,0.000210644965477735
MAR,Morocco,2008,0,0,0.000692941452800624,0.000139088155515822
MAR,Morocco,2009,1.75190304520417e-07,2.44438155866116e-08,0.000624813497432252,8.71784882677675e-05
MAR,Morocco,2010,0,0,0.000124073453340634,2.18489011805989e-05
MAR,Morocco,2011,0,0,0.000245048459795596,4.83595369399754e-05
MAR,Morocco,2012,3.65281442591525e-06,7.35652828059617e-07,0.000335842605564998,6.7636494428511e-05
MAR,Morocco,2013,1.49962441405558e-05,2.84927513666874e-06,0.000317234534539438,6.02743235762231e-05
MAR,Morocco,2014,0,0,0.000260334229227782,5.20441530751861e-05
MAR,Morocco,2015,0,0,0.000147687208965956,2.98773674171754e-05
MAR,Morocco,2016,0,0,0.000119476355261287,2.44774721482796e-05
MAR,Morocco,2017,0,0,0.000232400062666299,5.02365293527134e-05
MAR,Morocco,2018,5.0101561971528e-08,1.15458414807485e-08,0.000636288290706311,0.000146631830455234
MAR,Morocco,2019,0,0,0.000143390119445506,3.29027593623953e-05
MAR,Morocco,2020,0,0,0.000751937077038008,0.000171652403299438
MAR,Morocco,2021,0,0,0.00198122331309089,0.000510368116122854
MAR,Morocco,2022,0,0,0.00124485579801271,0.000400109246935121
MAR,Morocco,2023,0,0,0.00101399519332056,0.000294796429209144
MAR,Morocco,2024,0,0,0.00168869076330773,0.000847141011058117
MEX,Mexico,2000,0.0895218211159517,0.020061655464982,0.00132474284826909,0.000296872139891465
MEX,Mexico,2001,0.0731808673251877,0.0145603516427885,0.00183216887575249,0.000364535486869626
MEX,Mexico,2002,0.0815480191360806,0.0161705167430236,0.000918991026984124,0.00018223078801874
MEX,Mexico,2003,0.102070547498762,0.0219869344170858,0.000533018954924424,0.00011481718372412
MEX,Mexico,2004,0.113085270931936,0.0259412847610436,0.000868157537227914,0.000199151681780297
MEX,Mexico,2005,0.132252669722566,0.0308744033612621,0.00126918283307751,0.00029629090142245
MEX,Mexico,2006,0.138850465962731,0.0340177681474911,0.00224780458776369,0.00055070247533729
MEX,Mexico,2007,0.139566651837031,0.0344146327819688,0.00283526062819581,0.000699124411714546
MEX,Mexico,2008,0.148804598279749,0.0373134440425878,0.00186487904329811,0.00046762708029681
MEX,Mexico,2009,0.111850819883851,0.0272339470097102,0.00190910561507074,0.000464837729493331
MEX,Mexico,2010,0.120371490054702,0.0324829444493697,0.00199309519869529,0.000537848294410109
MEX,Mexico,2011,0.14135939408128,0.0401790328897799,0.00376910671248791,0.00107130526096529
MEX,Mexico,2012,0.126386601790214,0.0373292817450263,0.00296023560207347,0.000874328981523532
MEX,Mexico,2013,0.112414099701967,0.0321760563010194,0.00165825146288536,0.000474637901940282
MEX,Mexico,2014,0.0897939287187339,0.0261180988766647,0.00201861340104224,0.000587148208731645
MEX,Mexico,2015,0.0484846632513562,0.0152074714026444,0.00191096514187607,0.000599384337184557
MEX,Mexico,2016,0.0416683401023822,0.0140096781555663,0.00212894495342578,0.000715791258666125
MEX,Mexico,2017,0.0489677397954467,0.0168361943469545,0.0020626057165416,0.000709169564490758
MEX,Mexico,2018,0.0588889436587065,0.0211257533025551,0.00195466724740736,0.000701215126164133
MEX,Mexico,2019,0.0485475477911083,0.017146750291004,0.00164828798359549,0.00058216704547023
MEX,Mexico,2020,0.0352141928248057,0.0130979832177438,0.00185849292811914,0.000691269832703724
MEX,Mexico,2021,0.0488017660223375,0.0183283660491778,0.00192720927410765,0.00072379751611955
MEX,Mexico,2022,0.0547404956073851,0.0215587368083794,0.0014562730896292,0.000573531677272681
MEX,Mexico,2023,0.0464537106411648,0.0153364993777519,0.000500575252486205,0.000165262837829572
MEX,Mexico,2024,0.0350696017066888,0.0116935250273922,0.000381518589182088,0.000127212655801712
NGA,Nigeria,2000,0.993553597230361,0.28170295239242,0,0
NGA,Nigeria,2001,0.982604243308078,0.172193331141969,0,0
NGA,Nigeria,2002,0.892024481827772,0.125414691394592,0,0
NGA,Nigeria,2003,0.963985559768664,0.160118816577559,0,0
NGA,Nigeria,2006,0.927393786126797,0.175037816508732,4.82011104119244e-06,9.09755623340569e-07
NGA,Nigeria,2007,0.929324588881597,0.133711710797083,0.000804285861464908,0.000115721072909307
NGA,Nigeria,2008,0.914588842767538,0.158447653646225,0.0012395608708603,0.000214747329461361
NGA,Nigeria,2009,0.845298068925561,0.0991074379158625,0.000268705058404448,3.15044726499218e-05
NGA,Nigeria,2010,0.703547584153622,0.115610488288924,0.000254506148483358,4.18217342528317e-05
NGA,Nigeria,2011,0.717272808983006,0.152390808682257,0.000213312902228601,4.53201700466884e-05
NGA,Nigeria,2012,0.691957465422104,0.150572208465708,0.000779248384902385,0.000169566998148525
NGA,Nigeria,2013,0.827720288725705,0.101993202163589,0.00116737450591887,0.000143846013689124
NGA,Nigeria,2014,0.729340171588615,0.0925043490126169,0.000498038658650089,6.31677010210397e-05
NGA,Nigeria,2015,0.709841603591396,0.049390318183247,0.00027100465689071,1.88563281797704e-05
NGA,Nigeria,2016,0.820478547434902,0.0473039117666139,2.32996971271682e-05,1.34332191930934e-06
NGA,Nigeria,2017,0.81088918858979,0.0681426909484243,1.04206248405905e-05,8.75692299260693e-07
NGA,Nigeria,2018,0.823260494274208,0.0864985087511353,0.000225007736326205,2.36411607080016e-05
NGA,Nigeria,2019,0.765414873611806,0.0614167973987271,0.000605470971564056,4.8582917935587e-05
NGA,Nigeria,2020,0.754203783141598,0.043963534728787,0.000505786118468563,2.94829409261347e-05
NGA,Nigeria,2021,0.762160467404216,0.0590637977736854,0.00146117341841382,0.00011323396448442
NGA,Nigeria,2022,0.787378087101452,0.0773336238239768,0.00216102396304252,0.00021224849531658
NGA,Nigeria,2023,0.806414746089281,0.107769191325195,0.00291583596770498,0.000389672046301711
NGA,Nigeria,2024,0.713893334240235,0.148271855274992,0.00235854897369937,0.000489858099683074
PAK,Pakistan,2003,0.00282649539520626,0.000299717395362066,1.25229713089432e-06,1.32791737403006e-07
PAK,Pakistan,2004,0.00217126715631392,0.000206694983586222,3.41776337666312e-06,3.25355883999213e-07
PAK,Pakistan,2005,0.000864505449816204,9.55552754994525e-05,0.000124201125816599,1.37281642322446e-05
PAK,Pakistan,2006,0,0,0.000113675037656096,1.18912282002335e-05
PAK,Pakistan,2007,0,0,0.000320586649563755,3.10563915695038e-05
PAK,Pakistan,2008,0,0,0.000197580646884028,1.98153696267136e-05
PAK,Pakistan,2009,0,0,3.24690851709466e-05,3.04684242599185e-06
PAK,Pakistan,2010,0,0,0.000608425326963947,6.62301943958681e-05
PAK,Pakistan,2011,0,0,0.000879604225538177,9.66813081963943e-05
PAK,Pakistan,2012,0,0,0.00112709533618798,0.000110926127775956
PAK,Pakistan,2013,0,0,0.000885293674635986,8.59744659300896e-05
PAK,Pakistan,2014,0.00901644279184644,0.000821253034020824,0.000731223679769551,6.66027256449367e-05
PAK,Pakistan,2015,0.00795203772964166,0.000585645667322375,0.000389948343460671,2.87186210115694e-05
PAK,Pakistan,2016,0.00374954299121325,0.000245493280148459,0.000303405905117909,1.9864850473339e-05
PAK,Pakistan,2017,0.00523250626649561,0.000337458349477786,0.00127253782746588,8.20693742221331e-05
PAK,Pakistan,2018,0.0110900149541118,0.000735806236256995,0.00601453760672671,0.000399055753986237
PAK,Pakistan,2019,0.0104459402751171,0.000772655566933794,0.012995965731942,0.00096127347141598
PAK,Pakistan,2020,0.00535687227078236,0.00039653022157052,0.0174384559132104,0.00129084182664359
PAK,Pakistan,2021,0.00595345349081627,0.000491937177200479,0.025930185640207,0.00214262567899541
PAK,Pakistan,2022,0.0095171970552606,0.000781207176788049,0.0261366257889698,0.00214539212804055
PAK,Pakistan,2023,0.000933090551738501,7.96986738749981e-05,0.0257479529915845,0.0021992267573621
PAK,Pakistan,2024,0.00208365358410348,0.000181984738161267,0.0250163243593304,0.00218490696967217
PAN,Panama,2000,0,0,0,0
PAN,Panama,2001,0,0,0,0
PAN,Panama,2002,0,0,4.14684771854709e-06,2.30111768573307e-07
PAN,Panama,2003,0,0,0,0
PAN,Panama,2004,0,0,0,0
PAN,Panama,2005,0,0,0,0
PAN,Panama,2006,0,0,6.5726271110394e-06,2.76229336681314e-06
PAN,Panama,2007,0,0,5.11575465178944e-06,2.0437519815209e-06
PAN,Panama,2008,0,0,1.03090469136515e-05,3.88021931674399e-06
PAN,Panama,2009,0,0,2.64867305421967e-06,1.0096393256029e-06
PAN,Panama,2010,0,0,3.28227035741418e-06,1.18143694918586e-06
PAN,Panama,2011,0,0,1.21278729716977e-06,5.3608075415033e-07
PAN,Panama,2012,0,0,2.28288423646295e-06,9.13111938162038e-07
PAN,Panama,2013,0,0,5.43671957996693e-07,1.79118368728319e-07
PAN,Panama,2014,0,0,3.24406200186972e-06,8.63535367196708e-07
PAN,Panama,2015,0,0,1.93201622759715e-06,4.1490727532097e-07
PAN,Panama,2016,0,0,2.45001238038769e-06,4.42493795492779e-07
PAN,Panama,2017,0,0,0,0
PAN,Panama,2018,0,0,2.21252281334015e-07,3.773248559035e-08
PAN,Panama,2019,0,0,2.69296045990033e-06,4.04376674930853e-07
PAN,Panama,2020,0,0,1.01053276394282e-07,1.53347353662811e-08
PAN,Panama,2021,0,0,0,0
PAN,Panama,2022,0,0,0,0
PAN,Panama,2023,0,0,6.01457669640883e-06,2.41612179640147e-07
PAN,Panama,2024,0,0,5.24449393013668e-05,7.02117331607415e-07
PER,Peru,2000,0.0200862054348545,0.00251901156424803,0.124726345477713,0.0156419343436347
PER,Peru,2001,0.0172390143204663,0.00230565503389897,0.108609993403335,0.0145261888740839
PER,Peru,2002,0.0214900372347384,0.00305307713978574,0.0991910349030457,0.0140920128628091
PER,Peru,2003,0.029039824816852,0.00447805688709705,0.092647992856605,0.0142866902642773
PER,Peru,2004,0.0087351480786041,0.00168115164988053,0.107992688833579,0.0207840880742824
PER,Peru,2005,0.0109206063729939,0.00251776068272443,0.113936120765475,0.0262681279232676
PER,Peru,2006,0.0205406208539094,0.00558142368424062,0.134643673657826,0.0365862061537406
PER,Peru,2007,0.0220927941205589,0.00607187763609853,0.0916257907188382,0.0251819931204556
PER,Peru,2008,0.0187757245631483,0.00485912788466311,0.0871672326055436,0.0225587422289864
PER,Peru,2009,0.0132100713019412,0.00289012973145466,0.0743818906798742,0.0162734408332924
PER,Peru,2010,0.0131520557881097,0.00338326976869591,0.0698242925065473,0.017961786489041
PER,Peru,2011,0.0123797242295924,0.00336481559732102,0.0619994743195948,0.0168514899320294
PER,Peru,2012,0.011034849267639,0.00299772649136622,0.0432215832453002,0.0117415727166474
PER,Peru,2013,0.0111795171874699,0.00264900088837562,0.0449890956155313,0.010660223715773
PER,Peru,2014,0.0128432200543119,0.00243064260582762,0.0488800607622415,0.00925079207252693
PER,Peru,2015,0.00322097073962548,0.000617571611161116,0.0411187854718105,0.0078838948396554
PER,Peru,2016,0.000661411359345444,0.000120718906253142,0.0386795875958037,0.00705968750447371
PER,Peru,2017,0.000579690690112215,0.000116817343947159,0.0407321886223092,0.00820821546589227
PER,Peru,2018,0.00289229360314388,0.000604261985258285,0.0393852543273872,0.00822842188078704
PER,Peru,2019,0.00264361487684308,0.000515849699637077,0.0370085706932826,0.00722149820057188
PER,Peru,2020,0.00391306639961445,0.000722243743713807,0.0485492586761608,0.0089608493084235
PER,Peru,2021,0.00514853943661691,0.00126030066235337,0.0415539027866313,0.0101718966806189
PER,Peru,2022,0.00874839912666367,0.00205039227671593,0.0442359490946355,0.0103677309486713
PER,Peru,2023,0.00344389131266032,0.000815482245492678,0.0450394721693566,0.0106649387468909
PER,Peru,2024,0.00428977546871838,0.00107805110290999,0.0358955536880498,0.00902080808777806
PHL,Philippines,2000,2.73121796728135e-09,1.2430229361636e-09,0.0062910538771072,0.00286316374436755
PHL,Philippines,2001,1.24416012264735e-08,5.06835949873925e-09,0.00817034251178755,0.00332836845706466
PHL,Philippines,2002,0.00121918133735728,0.00050915262077882,0.00625597631863798,0.0026126111354929
PHL,Philippines,2003,8.01133433025392e-05,3.33483036340031e-05,0.00788754496291056,0.00328330130171532
PHL,Philippines,2004,0.00252190104629412,0.00105334988737079,0.0104062373296442,0.00434648652659944
PHL,Philippines,2005,0.00381082012465652,0.00146354662074102,0.00876870533431265,0.00336762393409049
PHL,Philippines,2006,0.00273418264440009,0.00101547100342334,0.0260897820844752,0.00968970278802692
PHL,Philippines,2007,0.0026794523050526,0.000866909001153994,0.0256439553144214,0.00829683575458392
PHL,Philippines,2008,0.00327065884111939,0.000886793825653152,0.0298385354670384,0.00809030544122603
PHL,Philippines,2009,0.00585971879318572,0.00127871704744169,0.0179030430000878,0.00390683018985761
PHL,Philippines,2010,0.00659800737167642,0.00163066953817506,0.0156712990939237,0.00387309510531797
PHL,Philippines,2011,0.00864203593231122,0.0017726373533945,0.0235299445341133,0.00482641578109189
PHL,Philippines,2012,0.0114965187777435,0.00228223911499695,0.00972425884843472,0.00193041774969456
PHL,Philippines,2013,0.0172047627917808,0.0034359349883587,0.0113347984274341,0.00226365402267676
PHL,Philippines,2014,0.0164210218633477,0.0034118787632276,0.00749246251302458,0.00155674683008162
PHL,Philippines,2015,0.00493970968505182,0.000945368854545336,0.0059897578497292,0.00114632860601868
PHL,Philippines,2016,0.00308263184315382,0.000544810923116999,0.00492300681643163,0.000870070778684795
PHL,Philippines,2017,0.0028488716644767,0.000595935262617929,0.0230970280943618,0.00483150352988453
PHL,Philippines,2018,0.00300317544095691,0.000584350534249024,0.0170881859765509,0.00332497744506144
PHL,Philippines,2019,0.00239822016502384,0.000451399678363582,0.0177101285099318,0.00333344970981071
PHL,Philippines,2020,0.00339435521837468,0.000611915262155461,0.0241225839687666,0.00434868372444029
PHL,Philippines,2021,0.00289894976032672,0.000548909923443301,0.0299169035404879,0.00566470156082286
PHL,Philippines,2022,0.0040992471143518,0.000800160997939919,0.0247914190140087,0.004839212183414
PHL,Philippines,2023,0.00231899825034843,0.000386928349978836,0.0296683970168592,0.00495021671643157
PHL,Philippines,2024,0.00230563971270766,0.000364532956975155,0.0185945026748057,0.0029398821533869
POL,Poland,2000,0.000636264553348324,0.000114411185528983,0.0143298755830796,0.00257675529041365
POL,Poland,2001,0.001988484169529,0.000367428932670857,0.0105111125606675,0.00194222661086817
POL,Poland,2002,0.00225175686073862,0.000453904473844983,0.0111403361592126,0.00224564583813234
POL,Poland,2003,0.000612068860609079,0.000147739075132343,0.00942402178260004,0.00227473794501306
POL,Poland,2004,0.00043901605953802,0.000126299893938094,0.0107989446749257,0.00310673274349396
POL,Poland,2005,0.000992727188227164,0.00028886753071709,0.0128473084911346,0.00373835865906146
POL,Poland,2006,0.00104128202483461,0.000329888935466525,0.0177937932586805,0.00563725808764434
POL,Poland,2007,0.00115012110317133,0.000371454424444108,0.012633898397142,0.00408036809745995
POL,Poland,2008,7.5873866909438e-05,2.43453750102686e-05,0.0116728985216529,0.00374544100020164
POL,Poland,2009,3.18346418947186e-05,9.86480902769904e-06,0.0135041524917239,0.00418462019621094
POL,Poland,2010,5.40668053763789e-08,1.77615658288556e-08,0.0152986810075327,0.00502579221979833
POL,Poland,2011,0.000810129921954323,0.000288699705218169,0.0155399049154684,0.00553783516277413
POL,Poland,2012,0.000966588022396857,0.000348495506364562,0.0148674152372002,0.00536032651074277
POL,Poland,2013,0.00163866858034292,0.000644639272067621,0.0125640327610701,0.00494259121733761
POL,Poland,2014,0.00149388176578935,0.000590859415858638,0.0100563197026353,0.00397747085563174
POL,Poland,2015,0.00048611602608509,0.000197050178329849,0.00859006547863275,0.00348203688749273
POL,Poland,2016,0.000337680914010338,0.000140286698824022,0.00652192014814269,0.00270947693404077
POL,Poland,2017,0.000549934901852836,0.000230284722524442,0.00711641880986485,0.00297999367829903
POL,Poland,2018,0.00048197874673589,0.000212211056755252,0.0052828917457422,0.00232601135979524
POL,Poland,2019,0.000450860362589363,0.00018844565311189,0.00698501694841638,0.00291952052134778
POL,Poland,2020,0.00022249843962818,9.33312643374647e-05,0.00720392370895123,0.00302182482299936
POL,Poland,2021,0.000296400702154294,0.000136677917977869,0.00870505957981716,0.00401412483369677
POL,Poland,2022,0.000306828410687558,0.00016130116395059,0.00695901173424498,0.00365838577387335
POL,Poland,2023,0.000270953154849145,0.000127295359298562,0.00685262161390588,0.00321940126869867
POL,Poland,2024,0.000266258337211926,0.000110728281466465,0.00723836430249413,0.00301020297894162
QAT,Qatar,2000,0.434118625520973,0.212365468841581,0,0
QAT,Qatar,2001,0.524056158375779,0.320634747742599,0,0
QAT,Qatar,2002,0.350074424501632,0.149034649012103,1.66809952001188e-07,7.10147925933589e-08
QAT,Qatar,2003,0.501909407055341,0.283219820934685,1.61850092430139e-05,9.13295378647327e-06
QAT,Qatar,2004,0.456466826247125,0.278265326932727,1.65919612700349e-06,1.01145740758866e-06
QAT,Qatar,2005,0.498533885818275,0.287738107738149,5.96630810839813e-06,3.44356573169639e-06
QAT,Qatar,2006,0.469325672272636,0.272581016954067,1.1945797050072e-06,6.93803407869826e-07
QAT,Qatar,2007,0.456479511852774,0.252427953163041,8.12399967824992e-06,4.49247897666706e-06
QAT,Qatar,2008,0.382731746540079,0.228736917466547,0,0
QAT,Qatar,2009,0.327986512102107,0.17853058693138,1.78118418284753e-05,9.69539434895007e-06
QAT,Qatar,2010,0.269371533626651,0.168689212477132,1.31929261906947e-07,8.26183932435029e-08
QAT,Qatar,2011,0.230709760604753,0.157379234820444,0,0
QAT,Qatar,2012,0.196483106884461,0.139777819871126,3.95728308816286e-07,2.81520590470685e-07
QAT,Qatar,2013,0.186577454540771,0.125184539966744,0,0
QAT,Qatar,2014,0.16326501794596,0.104178917754879,0,0
QAT,Qatar,2015,0.136489653996271,0.0650551705523866,0,0
QAT,Qatar,2016,0.154453446827704,0.058336515342782,0,0
QAT,Qatar,2017,0.173543065509709,0.0727119858325688,0,0
QAT,Qatar,2018,0.162649370442514,0.0753248559369515,7.56276884020563e-07,3.50240810538086e-07
QAT,Qatar,2019,0.170171995484731,0.0703714729348759,7.24066668220652e-06,2.99424343004235e-06
QAT,Qatar,2020,0.140833716612253,0.0502283205590848,0.000932424892377651,0.000332549175852255
QAT,Qatar,2021,0.141708134385875,0.0687546775570461,0.00160403614806287,0.000778254463851735
QAT,Qatar,2022,0.143003430015027,0.0794554674969093,0.00112896124452497,0.000627272670733829
QAT,Qatar,2023,0.172487741435758,0.0791582016279254,0.00118425811836344,0.000543480609883429
QAT,Qatar,2024,0.157463149442938,0.0681412182063689,0.00155152472395661,0.000671412867974011
ROU,Romania,2000,0,0,0.00164851473352207,0.000456361339226106
ROU,Romania,2001,0,0,0.00300265893506061,0.000846253435983761
ROU,Romania,2002,7.15351860871272e-07,2.15618551102422e-07,0.000920753756574465,0.000277529984576952
ROU,Romania,2003,0,0,0.000118133227608687,3.60144962796332e-05
ROU,Romania,2004,5.51408475188126e-10,1.72530942325371e-10,6.86655399709929e-05,2.14848535152347e-05
ROU,Romania,2005,0,0,5.42204928251812e-05,1.52567941185424e-05
ROU,Romania,2006,0,0,7.660986443375e-05,2.04732870923891e-05
ROU,Romania,2007,0,0,2.41726247120289e-05,5.59559254365645e-06
ROU,Romania,2008,0,0,1.71085376754808e-05,3.94235356060993e-06
ROU,Romania,2009,5.42155369239433e-10,1.26022500744678e-10,3.02115564461073e-05,7.02259188185964e-06
ROU,Romania,2010,0.000879470876766358,0.00025513937145172,1.57725883908345e-05,4.57571523345995e-06
ROU,Romania,2011,0.000939635371002244,0.000305464577953393,1.99491318182786e-05,6.48523173931531e-06
ROU,Romania,2012,0.000653640836813411,0.000211175904434575,0.000186483997294606,6.02485716517508e-05
ROU,Romania,2013,0.000625565698212688,0.000217095380822697,1.03148775091e-05,3.57965960629797e-06
ROU,Romania,2014,0.000489481602648242,0.000171029116601413,1.37175863269821e-05,4.79304361739896e-06
ROU,Romania,2015,0.000249017145946699,8.48429597814232e-05,1.19350124757654e-05,4.0663938204837e-06
ROU,Romania,2016,0.000206015430783677,7.06748679432601e-05,3.13355383497547e-05,1.07498502727464e-05
ROU,Romania,2017,0.000317978986119222,0.000106672997102551,1.78263152259167e-05,5.98022685603002e-06
ROU,Romania,2018,9.36165913228675e-05,3.0767747885295e-05,2.92702720432021e-05,9.61987974603018e-06
ROU,Romania,2019,0.000171233617847155,5.25970163161827e-05,2.1774746474223e-05,6.68844535310667e-06
ROU,Romania,2020,0.000154174327023756,4.34023216521643e-05,4.70442765178973e-05,1.32436499690932e-05
ROU,Romania,2021,0.000216665238630868,6.67786504778875e-05,3.13452249741803e-05,9.66094901022725e-06
ROU,Romania,2022,0.000307731831134235,0.000100352781246632,2.63078302095437e-05,8.57910577648453e-06
ROU,Romania,2023,0.000185994097741684,5.33534675798853e-05,0.000590739325419305,0.00016945694422355
ROU,Romania,2024,7.5013544302089e-05,1.96659185485851e-05,1.6894248924734e-05,4.42907912676895e-06
SAU,Saudi Arabia,2000,0.802065271277699,0.326743998469778,6.83382520250631e-05,2.78395219375775e-05
SAU,Saudi Arabia,2001,0.750881359247843,0.275962461773235,0.000135256368377221,4.97091583486298e-05
SAU,Saudi Arabia,2002,0.76341960534877,0.29041625281373,0.000198119458799433,7.53676096747993e-05
SAU,Saudi Arabia,2003,0.761504827354467,0.327334659363879,9.9502540113203e-05,4.2771403284401e-05
SAU,Saudi Arabia,2004,0.739585411551476,0.358874071480471,3.47715268658447e-05,1.68724250411607e-05
SAU,Saudi Arabia,2005,0.760914456790032,0.417958070888621,2.58075474952264e-05,1.41756706936214e-05
SAU,Saudi Arabia,2006,0.769451285721392,0.430976721733378,6.62250639031372e-05,3.7093265639031e-05
SAU,Saudi Arabia,2007,0.766056542192349,0.429122991313176,4.4836099470723e-05,2.51159021090388e-05
SAU,Saudi Arabia,2008,0.789449570997585,0.475372527488616,6.28543066206363e-05,3.78481561070957e-05
SAU,Saudi Arabia,2009,0.741327297661371,0.331379291343702,9.96565602381061e-05,4.45472875660106e-05
SAU,Saudi Arabia,2010,0.75598957252935,0.358635176976072,3.07333734537247e-05,1.45796572177196e-05
SAU,Saudi Arabia,2011,0.782601396512737,0.418675401636057,9.94931560425693e-06,5.32267604578491e-06
SAU,Saudi Arabia,2012,0.787965258148973,0.40594323102161,2.44559842042016e-05,1.25992118852911e-05
SAU,Saudi Arabia,2013,0.783231693535598,0.381932650639489,5.11507700435367e-07,2.49430013445837e-07
SAU,Saudi Arabia,2014,0.732636010503652,0.318264453825368,6.16041660097299e-05,2.67614694983059e-05
SAU,Saudi Arabia,2015,0.637302852154609,0.187206009134631,1.17822679048896e-05,3.46100969981901e-06
SAU,Saudi Arabia,2016,0.609903676376352,0.162460961896329,1.28596336261218e-05,3.4254399988974e-06
SAU,Saudi Arabia,2017,0,0,3.72163522022566e-05,1.11375563252598e-05
SAU,Saudi Arabia,2018,0.638200021936491,0.211905675770604,2.11484977148731e-05,7.02207230611665e-06
SAU,Saudi Arabia,2019,0.637976707393937,0.187759094304021,2.51418136267571e-06,7.39933621558622e-07
SAU,Saudi Arabia,2020,0.577395934910133,0.130825120749826,3.83794457761737e-05,8.69593172449476e-06
SAU,Saudi Arabia,2021,0.583028075571336,0.163861353392705,2.9483500346089e-05,8.28640415769019e-06
SAU,Saudi Arabia,2022,0.628780365633373,0.208659333853279,5.53050522434871e-06,1.83528557674071e-06
SAU,Saudi Arabia,2023,0.549947248515625,0.14442427344337,8.53462833036079e-06,2.2413195066409e-06
SAU,Saudi Arabia,2024,0.587543158348393,0.144776053428709,7.78578126711966e-05,1.91848831646912e-05
SEN,Senegal,2000,0.0242782937998961,0.00279808460771277,0,0
SEN,Senegal,2001,0.0210215257712871,0.00252724923171481,0,0
SEN,Senegal,2002,0.0309045821986368,0.00304939365804885,0,0
SEN,Senegal,2003,0.0377802215316133,0.00497531242158093,0,0
SEN,Senegal,2004,0.0285879806225438,0.00373361606433678,6.46185236183532e-08,8.43923749007148e-09
SEN,Senegal,2005,0.0521763243429278,0.00696698247843849,3.33150401807498e-08,4.44847934634589e-09
SEN,Senegal,2006,0.0342789357876995,0.00437039875203009,1.79676930634452e-07,2.29079408496453e-08
SEN,Senegal,2007,0,0,2.30543968739997e-05,2.54701343240926e-06
SEN,Senegal,2008,0,0,0.000166396310441846,2.14312841205792e-05
SEN,Senegal,2009,0,0,0.000127385156187176,1.5934089781746e-05
SEN,Senegal,2010,0,0,1.7867670668726e-05,2.30977550514442e-06
SEN,Senegal,2011,1.44245706396499e-05,2.05844702711807e-06,8.06104636613638e-05,1.15034529223514e-05
SEN,Senegal,2012,0.000161703068673457,2.31653463105478e-05,1.78341130950041e-05,2.55488909008601e-06
SEN,Senegal,2013,0,0,0.000225695070595411,3.17443839526402e-05
SEN,Senegal,2014,0,0,0.000112448597613001,1.56172608827391e-05
SEN,Senegal,2015,0.00162551922878051,0.000238809866681667,6.3773705950941e-05,9.36918490183946e-06
SEN,Senegal,2016,0.0028611771569191,0.000396863672182821,5.8683238512244e-06,8.13974257945889e-07
SEN,Senegal,2017,0.00899326942150766,0.00128366326328077,5.45817098667283e-06,7.79077469150507e-07
SEN,Senegal,2018,0.00692606317739653,0.00108508710926623,0,0
SEN,Senegal,2019,0.00383557753494773,0.000684768938901944,1.769242177154e-05,3.15864319589831e-06
SEN,Senegal,2020,0.00177018320078369,0.000283512158922312,0,0
SEN,Senegal,2021,0.00381902541302508,0.000720251466611079,1.02322663659825e-05,1.92976062209977e-06
SEN,Senegal,2022,0.000433657611071732,8.92364523963964e-05,0,0
SEN,Senegal,2023,0.00495032037794501,0.000857311584085209,2.09317068214044e-05,3.62501683984235e-06
SEN,Senegal,2024,0.121049109472609,0.0232776178934971,0.000181079258575056,3.4821353150902e-05
SLV,El Salvador,2000,0,0,2.3563140494539e-06,7.9571743742045e-07
SLV,El Salvador,2001,0,0,0,0
SLV,El Salvador,2002,0,0,0,0
SLV,El Salvador,2003,0,0,0,0
SLV,El Salvador,2004,0,0,6.97842718583359e-09,2.67030965391621e-09
SLV,El Salvador,2005,2.44436467101069e-07,5.71506327391482e-08,2.93550737240734e-07,6.86338277316642e-08
SLV,El Salvador,2006,0,0,8.00218670978542e-07,1.86550625e-07
SLV,El Salvador,2007,0,0,9.91526138349228e-07,2.33983070773572e-07
SLV,El Salvador,2008,0,0,9.30625812784746e-08,2.40123422471785e-08
SLV,El Salvador,2009,0,0,8.65993439051149e-08,1.90205658447904e-08
SLV,El Salvador,2010,0,0,1.17797587347794e-08,2.87294015611448e-09
SLV,El Salvador,2011,0,0,0,0
SLV,El Salvador,2012,0,0,0,0
SLV,El Salvador,2013,0,0,4.60203279634682e-08,1.1550179618935e-08
SLV,El Salvador,2014,0,0,4.8665049703997e-08,1.14194662063471e-08
SLV,El Salvador,2015,0,0,0,0
SLV,El Salvador,2016,0,0,0,0
SLV,El Salvador,2017,0,0,0,0
SLV,El Salvador,2018,0,0,2.66027198426474e-07,6.03743130548403e-08
SLV,El Salvador,2019,1.11574913131767e-06,2.4509690859715e-07,6.77397039557209e-09,1.48803987946877e-09
SLV,El Salvador,2020,0,0,0,0
SLV,El Salvador,2021,0,0,0,0
SLV,El Salvador,2022,0,0,0,0
SLV,El Salvador,2023,1.00552589231773e-06,1.93005257872039e-07,0,0
SLV,El Salvador,2024,0,0,0,0
TUR,Turkey,2000,0.000167424112703241,1.69981686588442e-05,0.00052312130152518,5.31112512336879e-05
TUR,Turkey,2001,9.3459156085925e-05,1.4425761449451e-05,0.000811774690072498,0.000125300382756735
TUR,Turkey,2002,8.9214373546014e-05,1.34785900433227e-05,0.000515387263573694,7.78651843099793e-05
TUR,Turkey,2003,5.86702343574887e-05,8.73606077985265e-06,0.000423885062151895,6.31169400835691e-05
TUR,Turkey,2004,0,0,0.000410730749159006,6.35418077975259e-05
TUR,Turkey,2005,0.000165632007709395,2.40137906131485e-05,0.000602653424672319,8.73743749926006e-05
TUR,Turkey,2006,0,0,0.000843262330269775,0.00012998329434747
TUR,Turkey,2007,0,0,0.000648248201993832,0.00010123425228087
TUR,Turkey,2008,0,0,0.00205199471756899,0.000343850919599897
TUR,Turkey,2009,2.53792215994665e-07,3.9508697918413e-08,0.000289784696569732,4.511176985189e-05
TUR,Turkey,2010,0,0,0.000463193738093866,6.73669346444877e-05
TUR,Turkey,2011,7.48664622312693e-10,1.19763887274909e-10,0.000669208341895218,0.000107053265285311
TUR,Turkey,2012,0,0,0.000609578849745448,0.000105319076602636
TUR,Turkey,2013,4.11194103789515e-09,6.89900951419128e-10,0.000841187048331215,0.000141134257426566
TUR,Turkey,2014,0,0,0.000587255801097192,0.000103654310177593
TUR,Turkey,2015,0,0,0.000511514669344837,8.89532483149122e-05
TUR,Turkey,2016,0,0,0.000443233279909566,7.60062883543079e-05
TUR,Turkey,2017,0,0,0.000545174069358007,0.000103805507775151
TUR,Turkey,2018,0,0,0.00136040825735776,0.000298546346049512
TUR,Turkey,2019,0,0,0.000692030971066316,0.00016142689780876
TUR,Turkey,2020,0,0,0.00117131098173892,0.000272093610553916
TUR,Turkey,2021,0,0,0.00121046169226845,0.000329373404714181
TUR,Turkey,2022,0,0,0.000986244800196932,0.000271071154212156
TUR,Turkey,2023,0,0,0.000919275063357493,0.000203756992790223
TUR,Turkey,2024,0,0,0.000822329039769396,0.00015848893834792
URY,Uruguay,2000,0,0,0,0
URY,Uruguay,2001,0,0,0,0
URY,Uruguay,2002,0,0,4.77153159813005e-05,5.97456771849559e-06
URY,Uruguay,2003,0,0,3.44415056858417e-05,5.77946652481192e-06
URY,Uruguay,2004,0,0,3.2513988007831e-05,6.38418343472157e-06
URY,Uruguay,2005,0,0,4.25483933347968e-05,7.66859791425261e-06
URY,Uruguay,2006,0,0,0.000309886303852754,5.77248785954427e-05
URY,Uruguay,2007,0,0,0.000786581986316619,0.000138789321563879
URY,Uruguay,2008,0,0,6.7944822328221e-05,1.21782450001508e-05
URY,Uruguay,2009,0,0,0.000454909107177838,7.11319542890207e-05
URY,Uruguay,2010,3.13555814370899e-06,4.79541474287534e-07,0.000175245339322117,2.68014192462529e-05
URY,Uruguay,2011,0,0,0.000543270625949598,8.2099190128739e-05
URY,Uruguay,2012,0,0,0.000356521703205478,5.55083306517931e-05
URY,Uruguay,2013,0,0,0.000281616631702627,4.06170673115166e-05
URY,Uruguay,2014,0,0,0.000162551225284048,2.38208198765708e-05
URY,Uruguay,2015,0,0,0.00011587643423634,1.52653131333952e-05
URY,Uruguay,2016,1.72325846879847e-09,2.08405696422369e-10,0.000137343125543749,1.66098645362973e-05
URY,Uruguay,2017,0,0,0.000154393230057359,1.87199237720539e-05
URY,Uruguay,2018,1.06636171110379e-09,1.2238029677222e-10,0.000118531302702528,1.3603166590179e-05
URY,Uruguay,2019,0,0,0.000145654255865651,1.79767471757541e-05
URY,Uruguay,2020,0,0,3.77132944235405e-05,4.83339246036933e-06
URY,Uruguay,2021,0,0,4.46346903893219e-05,7.00674986006388e-06
URY,Uruguay,2022,0,0,4.21695624842461e-05,6.67995750708215e-06
URY,Uruguay,2023,0,0,0,0
URY,Uruguay,2024,0,0,5.57160828545898e-07,7.0527784982893e-08
VNM,Vietnam,2000,0.241852251331119,0.0884851332575471,0,0
VNM,Vietnam,2001,0.207968755475209,0.0756859444753856,5.01091460938959e-07,1.82361914909073e-07
VNM,Vietnam,2002,0.195735766937364,0.0733786326548931,2.35094435977077e-06,8.81336534793439e-07
VNM,Vietnam,2003,0.189636240320382,0.0760663707124798,1.55950643295399e-06,6.25544960484144e-07
VNM,Vietnam,2004,0.214105744732718,0.0901855699222291,3.38946129376463e-06,1.42770806495221e-06
VNM,Vietnam,2005,0.227246198332367,0.100734821782313,3.54422726917115e-09,1.57110264081861e-09
VNM,Vietnam,2006,0.208707895481933,0.0985996268846158,1.35036657298315e-07,6.37952100212334e-08
VNM,Vietnam,2007,0.17478107385726,0.0862333500294638,3.04138622019375e-05,1.50055676345681e-05
VNM,Vietnam,2008,0.16522013881485,0.0830168154637853,0.000601841332752437,0.000302402305299945
VNM,Vietnam,2009,0.108493856646728,0.0480119283223016,0.000211472904577922,9.35833811287998e-05
VNM,Vietnam,2010,0.0695423153602122,0.0350774022986901,0.00250595010165544,0.00126401054380918
VNM,Vietnam,2011,0.0747273012627085,0.0422708245306809,6.69253897634925e-06,3.78575347903241e-06
VNM,Vietnam,2012,0.0733258614545157,0.0430291189891837,1.21113248973564e-07,7.10717378272164e-08
VNM,Vietnam,2013,0.0558600197956163,0.0346703670320785,3.3868009852061e-06,2.10206930916475e-06
VNM,Vietnam,2014,0.0480919171275576,0.0310201907698121,3.01736542025545e-05,1.94625742846347e-05
VNM,Vietnam,2015,0.0236011396752531,0.0161480595831838,8.25390005705786e-06,5.64737431111299e-06
VNM,Vietnam,2016,0.0146013878290937,0.0102255223117559,4.57088081541766e-06,3.20104118248951e-06
VNM,Vietnam,2017,0.0144505273354362,0.0112194250239108,4.63156122986903e-07,3.59595554929964e-07
VNM,Vietnam,2018,0.00880868965091097,0.00705050153338588,1.31449360297227e-06,1.05212460997799e-06
VNM,Vietnam,2019,0.00715232998507973,0.00570366991859996,4.25507819470067e-05,3.39323850424028e-05
VNM,Vietnam,2020,0.00557256547138642,0.00452874865529439,0.000200000242923064,0.000162537494776356
VNM,Vietnam,2021,0.00498010143709665,0.00451875074017229,0.000238265520034693,0.000216192884545337
VNM,Vietnam,2022,0.00572952113211038,0.00516978177732151,0.000203489918146367,0.000183610191226269
VNM,Vietnam,2023,0.00439790595193814,0.00358608085120829,0.000423987452150484,0.000345722100455419
ZAF,South Africa,2000,0.00125581338531962,0.000217479305916829,0.00223359405431368,0.000386809449804089
ZAF,South Africa,2001,0.00183585667158729,0.000352164314121909,0.00261948978759668,0.000502485209589233
ZAF,South Africa,2002,0.000498247820539624,8.88186188507168e-05,0.00192694661250698,0.000343501225026085
ZAF,South Africa,2003,1.61878491093398e-05,2.59935437043504e-06,0.00142218503126851,0.000228366526746423
ZAF,South Africa,2004,1.98172176526012e-05,3.11455259418864e-06,0.00100441948253563,0.000157858553093822
ZAF,South Africa,2005,5.11174399640818e-05,8.31885824712813e-06,0.00185164675868403,0.00030133721328905
ZAF,South Africa,2006,0.00869976109893019,0.0015050656756179,0.00260185401427053,0.000450122839617832
ZAF,South Africa,2007,0.0287399316630777,0.00553170103411995,0.0043358676352454,0.000834543511197956
ZAF,South Africa,2008,0.00361458359460166,0.000844746450925935,0.00144591959146688,0.000337918714908165
ZAF,South Africa,2009,0.00469519511252787,0.000763628321416494,0.00133989946607108,0.00021792175950529
ZAF,South Africa,2010,0.000173591581621932,3.42464078909217e-05,0.00130489450667664,0.000257431547732528
ZAF,South Africa,2011,1.18005033978674e-05,2.77723346442617e-06,0.000968526197974701,0.000227941408726249
ZAF,South Africa,2012,5.25333086088876e-05,1.19460134369245e-05,0.000961907138917506,0.000218736567539134
ZAF,South Africa,2013,7.45034564032807e-06,1.76772933094191e-06,0.00103594468258084,0.000245796623275967
ZAF,South Africa,2014,0.000755513606538424,0.000183511176893716,0.00178655185936065,0.00043394616781962
ZAF,South Africa,2015,0.00142337272690484,0.000328620643524114,0.00394757346421911,0.00091139454034033
ZAF,South Africa,2016,0.00161809163237918,0.00037971003627281,0.00373081666141059,0.000875493390784345
ZAF,South Africa,2017,0.0145536069350027,0.00336756973275516,0.00456685227095008,0.00105672728075591
ZAF,South Africa,2018,1.80035755867947e-06,4.16331254798281e-07,0.0057021274258969,0.00131861243606777
ZAF,South Africa,2019,8.86809396903496e-06,2.03669160811314e-06,0.00487893144345362,0.00112052023378849
ZAF,South Africa,2020,0.000935172640378269,0.000235890504836094,0.00534197860597944,0.00134747529576827
ZAF,South Africa,2021,0.0121866440645587,0.00352125913419612,0.00627030491887035,0.00181176773136244
ZAF,South Africa,2022,0.000102953595243208,3.07312507154603e-05,0.00608116735464935,0.00181520497829075
ZAF,South Africa,2023,2.58720111390204e-06,7.50428519355735e-07,0.00777243593292524,0.00225442759652168
ZAF,South Africa,2024,0.000467133485059212,0.000128244440527481,0.0079911105199537,0.00219383865769081
ZMB,Zambia,2000,2.4786858507863e-07,6.10941405165232e-08,0.498228519839393,0.122802343793391
ZMB,Zambia,2001,0.000114424776739469,3.00330749354005e-05,0.476851871997341,0.125159326614987
ZMB,Zambia,2002,2.73487741815972e-05,6.51192179303767e-06,0.466779092215727,0.111143151168336
ZMB,Zambia,2003,9.29063974030631e-07,1.93186454508364e-07,0.387153134897303,0.080503327621379
ZMB,Zambia,2004,2.47497400030532e-09,6.42983443176338e-10,0.309753715869349,0.080472162835557
ZMB,Zambia,2005,6.08634061685236e-05,1.61211429943571e-05,0.357898467454873,0.094798052467283
ZMB,Zambia,2006,2.22853707460621e-07,6.64472653189155e-08,0.394528119656236,0.117634635480332
ZMB,Zambia,2007,0,0,0.48258117895386,0.162000491820768
ZMB,Zambia,2008,0,0,0.434245929015417,0.115611848447974
ZMB,Zambia,2009,1.75172440976972e-08,4.3529219932168e-09,0.555067678845033,0.137930732339682
ZMB,Zambia,2010,1.64695968155149e-07,5.30299545992894e-08,0.625895163674207,0.201530082887584
ZMB,Zambia,2011,6.22903672115082e-06,2.33277574078022e-06,0.701771020259778,0.26281341480712
ZMB,Zambia,2012,0,0,0.634288015979051,0.232762006506117
ZMB,Zambia,2013,4.49419495783159e-06,1.69821852934883e-06,0.623712900411997,0.235681988523394
ZMB,Zambia,2014,9.81644945327494e-06,3.50166292134831e-06,0.733200596298768,0.261542765965482
ZMB,Zambia,2015,3.15274633618431e-06,9.74263544363379e-07,0.706200446028769,0.218230481051542
ZMB,Zambia,2016,0,0,0.684566369657432,0.208295034089912
ZMB,Zambia,2017,2.63595385423364e-09,8.17886681610884e-10,0.759914832890546,0.23578721607038
ZMB,Zambia,2018,3.01786271451738e-07,1.03483353602919e-07,0.722877597834267,0.247876743062101
ZMB,Zambia,2019,0,0,0.69563630891168,0.210084766365824
ZMB,Zambia,2020,1.00960106424924e-10,4.41062961737788e-11,0.719734304893621,0.314429288381078
ZMB,Zambia,2021,4.39654322824413e-05,2.19133548153512e-05,0.748204130500338,0.372921673569289
ZMB,Zambia,2022,3.3652466198607e-05,1.34346421615691e-05,0.688568076260047,0.27488819552894
ZMB,Zambia,2023,1.0894459641232e-06,4.12075241134237e-07,0.638600537629858,0.241546142900319
ZMB,Zambia,2024,1.29320862789473e-09,5.53901086378485e-10,0.66598911948004,0.285253352660336
