Month,Philippines,Turkey,Egypt,Chile,Mexico,Malaysia,Indonesia,Colombia,Brazil,South Africa,Thailand,South Korea,United Arab Emirates,China,Qatar,Saudi Arabia
31.01.2000,,,,4057502,34216.93,,,,,,,,,1582.8,,99340.457
29.02.2000,,,,3987887,48676.11,,,,,,,,,1582.8,,98871.974
31.03.2000,,,,3986135,35718.26,,,,,,,,,1582.8,,98868.647
28.04.2000,,,,4091349,42905.79,,,,,,,,,1582.8,,99988.015
31.05.2000,,,,4165561,50844.22,,,,,,,,,1582.8,,101584.107
30.06.2000,,,,4242716,46843.82,,,,,,,,,1582.8,,103972.297
31.07.2000,,,,4370721,43571.23,,,,,,,,,1582.8,,108116.42
31.08.2000,,,,4426018,40118.3,,,,,,,,,1582.8,,110703.49
29.09.2000,,,,4463106,42420.69,,,,,,,,,1582.8,,112158.215
31.10.2000,,,,4525602,54863.92,,,,,,,,,1582.8,,112396.979
30.11.2000,,,,4600631,48216.05,,,,,,,,,1582.8,,112003.212
29.12.2000,,,,4548559,60606.56,,,,,,,,,1582.8,,110062.408
31.01.2001,,,,4507957,63956.94,,,,,,,,,2729.84,,109424.319
28.02.2001,,,,4548376,49606.38,,,,,,,,,2801.81,,111128.592
30.03.2001,,,,4725972,53624.57,,,,,,,,,2731.1,,110428.346
30.04.2001,,,,4789691,37280.13,,,,,,,,,2840.5,,111076.534
31.05.2001,,,,4879774,41454.69,,,,,,,,,2841.76,,114258.508
29.06.2001,,,,4974585,44003.55,,,,,,,,,2841.2,,116546.916
31.07.2001,,,,5230693,41272.03,,,,,,,,,2842.73,,117690.59
31.08.2001,,,,5214754,47451.94,,,,,,,,,2855.3,,118538.414
28.09.2001,,,,5461461,53379.85,,,,,,,,,2811.5,,121972.162
31.10.2001,,,,5611427,52872.3,,,,,,,,,2813.69,,121427.495
30.11.2001,,,,5396769,88465.13,,,,,,,,,,,122607.769
31.12.2001,198035.98,34699,116392,5049006,62763.38,1422,270228283,2033962.409,189786,9065,124406.4,6388027,0,2821.3,,121843.239
31.01.2002,207222.378,33391,115270,5188601,65351.85,1378,288075519,1942119.537,193934,8707,135047.5,5444117,0,2725.62,,121206.102
28.02.2002,214337.987,41666,115539,5171812,51350.67,1377,288587659,1967459.184,198786,8707,130417.1,5526762,0,2725.62,,118051.409
29.03.2002,213933.627,42322,119420,5105907,52965.87,1379,289153057,1724147.291,198206,8231,142115.8,5825400,0,2727.7,,119090.961
30.04.2002,217898.903,44289,120174,5014881,54216.39,1378,289765022,1696880.789,203919,8789,123842.6,5224260,0,2657.7,,117533.007
31.05.2002,217700.622,43673,122952,5055615,43505.85,1378,290331579,1590535.322,204734,8809,114265.8,5512184,0,2577.12,,124696.608
28.06.2002,216111.077,47859,122155,5136639,73596.06,1378,290900047,1723228.25,215518,45942,113459.5,5285379,450,2537.5,,125152.715
31.07.2002,220398.967,50989,127337,5160153,73897.38,1438,303917387,1851726.004,229658,50469,115375.1,5150329,225,2521.58,,126825.932
30.08.2002,222017.166,52121,126667,5252105,60871.56,1438,304480744,2099789.103,248245,50758,109800.9,5115967,0,2521.58,,127236.858
30.09.2002,222117.134,52536,127546,5456654,75374.19,1438,305065471,2188399.912,271100,51584,112710.9,5185550,0,2569.6,,126354.309
31.10.2002,222462.583,53915,128186,5378866,64915.99,1438,305626166,2223920.014,272206,52536,113323.2,5164752,0,2541.85,,129906.399
29.11.2002,222145.371,52050,128975,5218799,70390,1438,306173678,2365513.952,275557,55108,106489.4,5466093,0,2541.85,,131136.863
31.12.2002,210422.135,30927,131068,5069569,94573.88,601,306822499,2381994.478,284115,54750,107784.1,6429951,0,2863.8,,131555.697
31.01.2003,210761.206,31521,139955,5203943,73766.44,601,323185548,2207399.095,303639,54781,116415.4,5512498,0,2863.79,,135130.359
28.02.2003,213243.551,31677,142232,5324683,58582.2,601,323696696,2218107.38,310868,58461,115904.3,5444363,0,2863.79,,140052.206
31.03.2003,204738.079,32707,146001,5184763,84388.94,601,324332089,2193990.554,311112,51020,97480.2,8270687,0,2863.8,,143960.177
30.04.2003,203967.383,32945,149091,5072884,82283.38,600,324901650,2221960.639,304334,51994,115707.1,5542568,0,3007.23,,146295.932
30.05.2003,200620.329,29235,152402,5112252,56750.64,600,324482691,2243278.456,310167,48826,112350.9,5417825,0,3007.23,,149164.751
30.06.2003,199037.872,29409,155802,4803069,69390.44,600,325280641,2283774.376,310972,49450,114190.8,5629933,450,3007.2,,151966.912
31.07.2003,199232.756,28238,162704,4856037,73057.75,598,330498538,2267493.099,314719,48579,112368,5464124,225,3007.24,,149076.525
29.08.2003,197051.736,27784,165376,4827099,74613.13,598,262504302,2268771.004,315503,47637,110427.9,5407314,0,3007.24,,149462.917
30.09.2003,194118.019,27438,170761,4641985,70430,598,262751018,2531889.889,325552,45795,118576.1,6528928,0,3058.6,,149235.188
31.10.2003,194059.526,28830,171421,4441580,84891.94,598,262957769,2821769.529,322569,45270,107116.4,6240014,0,2926.11,,150571.552
28.11.2003,197133.831,28421,180097,4316445,90403,670,263158063,3081215.397,319962,44991,110962.7,6480841,0,2926.11,,149247.539
31.12.2003,191689.679,28085,177255,4088199,92079,99,263393867,3210698.37,290363,40524,116157,7566862,0,2901,,150547.573
30.01.2004,190488.654,27646,181147,4077773,104855.6,98,267855897,2852436.555,293035,36866,114789.4,6665228,0,3023.11,,153170.103
27.02.2004,163474.538,27085,182675,4068836,82171.88,98,267977268,2696171.685,297877,33071,116092.2,7545355,0,3007.02,,156135.526
31.03.2004,165109.414,26629,185641,4230295,116306.9,98,268198610,2731714.132,302061,30404,123559,9453132,0,3007,,159524.005
30.04.2004,155394.595,27245,195502,4247810,120222.9,98,268398002,2337807.952,291342,27111,116232,7477639,0,3007.02,15876.4,153336.926
31.05.2004,152700.532,25996,202312,4298330,120073.3,224,268605018,2519250.316,297857,29178,116218.9,8906055,0,3007.02,15910.7,151188.393
30.06.2004,152625.819,25547,205258,4119306,118668,224,268655972,2192780.436,307387,29949,116474.6,11442989,450,3007,16946.6,152106.73
30.07.2004,151820.372,24909,216349,4140263,111293.4,224,272214693,1907397.718,304872,30123,118031,8316204,225,3007.02,16457.4,147997.423
31.08.2004,145601.404,24521,222578,4102348,131096.1,224,272348385,1703362.931,305252,26008,125331,8827842,0,3023.11,16908.6,150424.951
30.09.2004,150848.688,23988,234749,3999905,118406.1,223,272546535,1725818.835,304437,26984,126303.3,9988956,0,3007,16680.3,150882.632
29.10.2004,151866.126,24075,246346,4052024,131457.3,221,272751834,1220982.57,306718,29277,124849.4,6025538,0,2975.74,14375.5,151671.776
30.11.2004,149272.402,24049,251838,3922278,113295.8,221,273405042,760403.339,309656,31683,111043.6,6504041,0,2969.62,13796.1,150505.323
31.12.2004,142679.583,23294,248614,3324100,159464.9,221,273669766,991110.36,311198,33675,113288.3,3589144,0,2969.6,13850.5,146389.893
31.01.2005,138569.199,23107,235722,3309666,188916.2,221,278133703,976728.073,308669,30573,115720.2,8770386,0,2969.62,13709.4,145558.095
28.02.2005,136560.546,22566,237773,3145061,161456.7,321,278541457,1735115.945,303879,22295,117685.2,13920607,0,2969.62,13887.3,144922.041
31.03.2005,136743.947,22112,240533,3185390,147365.9,521,279032748,3749084.457,321781,16403,118141.2,18149433,0,2969.6,13660.1,144727.67
29.04.2005,135133.48,22044,232495,3180565,139315.9,615,286644393,3852129.937,302169,17396,119195.5,15763930,0,2969.62,12943.2,138172.211
31.05.2005,133525.124,20753,240700,2924500.3,168775.1,615,286993206,3869393.046,307022,15473,122395.6,16461165,0,2931.82,13333,140000.123
30.06.2005,130407.547,20448,243018,2756925,159601.4,615,287078141,4004899.139,320978,15592,122940.9,18240700,975,2929.7,14255.2,145026.81
29.07.2005,124228.308,19899,198727,2714356,163986.6,614,292443680,4047840.487,309807,15602,121588.7,16941517,700,2929.71,12037.6,133796.885
31.08.2005,123802.955,19534,203551,2549457,161131.8,614,292936078,2068845.216,313609,15334,126776.7,17096549,700,2929.71,12914.3,134186.828
30.09.2005,122837.728,19291,196383,2521880,172949.3,614,296695209,2775913.183,314169,15348,129018.1,16302846,425,2929.7,12542.4,132484.704
31.10.2005,125574.367,19516,193401,2452124,176966.9,614,296799926,4392936.049,309426,15446,109317.7,11774247,425,2892.43,11165.8,131685.885
30.11.2005,125362.329,19991,192130,2389026,162183.3,963,297154398,4440174.98,314699,15798,111599.7,12083388,425,2892.43,10560.5,130095.644
30.12.2005,115209.021,19539,191849,2234393,180752.9,961,297275028,2613167.244,283534,15756,111619.4,6083874,2425,2892.4,12418.9,127091.087
31.01.2006,116718.241,19433,191757,2027145,169641.7,961,312774021,2644066.603,298395,16432,119609.5,6113501,2425,2892.43,9703.9,128984.41
28.02.2006,117228.545,19644,192058,2018925,175029.8,961,309901521,2702958.172,301978,12775,121008.2,10295546,2425,2891.88,10467.8,128627.568
31.03.2006,119601.574,19591,193965,1782230,160913.2,1085,310139690,2671319.264,305912,12931,121884.6,14571111,2425,2891.9,11296,123874.144
28.04.2006,147919.308,19657,193588,1775124,140270.1,1084,310580991,2501285.899,292417,13044,128683.5,11247850,2425,2891.88,15152,116913.735
31.05.2006,109219.858,18976,191354,1807429,136451.6,1084,310802283,2503538.969,270135,14246,142372.2,11599498,1225,2891.88,12598.5,116763.023
30.06.2006,85554.884,19410,188449,1527866,149911.9,1224,310525802,2627888.782,299765,14874,140705.1,11443476,1225,2875.5,11336.9,115045.922
31.07.2006,91229.786,18750,193498,1527295,182691.4,1224,310848666,2564737.067,295596,15100,145571.9,11981655,1225,2862.46,9761,111911.072
31.08.2006,108572.53,18997,186423,1535043,122599.9,1224,311097924,2582871.911,291419,14660,146987.9,13128906,1225,2862.46,9334.6,113410.748
29.09.2006,138861.186,18265,187771,1405936,159256.4,1273,311601085,2362920.311,300861,14936,148027.9,12837687,1025,2862.5,10463.9,113811.298
31.10.2006,186393.564,18799,187700,1398869,142972.8,1423,312044359,2350446.909,301616,15121,148049.8,11600772,1025,2862.46,11427,114091.703
30.11.2006,212045.806,19050,185412,1405162,133253.2,1356,292204911,2392871.319,300100,14242,150589.9,10454172,973,2856.41,12088.6,114815.005
29.12.2006,240634.503,18879,185261,1376088,158173.6,1504,289135885,2461310.589,306248,15080,142123.4,8905701,625,2856.4,12562.7,114121.538
31.01.2007,245764.107,18742,185199,1392095,164363.5,1683,289332035,2269947.723,307852,15516,155467.3,9700468,625,2856.41,10112.7,116624.737
28.02.2007,270092.432,19084,186133,1391604,167968.3,1808,290585137,2255196.467,319410,15232,164799.8,10105297,625,2839.26,9272.6,117864.821
30.03.2007,276861.816,19064,185616,1397053,159672.8,1807,292570850,1531736.553,316211,12795,167292.9,9839776,625,2839.3,8804.3,118649.605
30.04.2007,276515.306,19334,185287,1390708,174414.6,1807,294656051,1492421.219,312371,12135,173582.8,10033643,625,2825.75,10223.6,119228.216
31.05.2007,277522.768,17374,185593,1400497,183502.8,1833,282038528,1515473.997,326849,12059,190569.2,12850248,625,2825.75,12136.1,118080.779
29.06.2007,272178.29,17353,186245,1372301,171524.5,1833,282429270,1519990.079,325869,11412,198504.3,11727795,625,2825.8,12615,118006.388
31.07.2007,282362.051,16769,188702,1379207,170131.9,2008,280488491,1487044.338,320514,11644,199597,12197826,625,2825.75,12042.2,117059.16
31.08.2007,281811.299,16559,190748,1394305,163360.9,2008,282162997,1455502.871,321469,11536,201357.4,12442385,625,8819.66,8817.8,115778.246
28.09.2007,284066.878,16301,190423,1121690,138727.6,2143,282763963,1468606.273,325661,11759,209895.5,9804123,625,8825.3,10239.2,116349.346
31.10.2007,281470.801,16626,187288,1125490,155902.3,2319,282915237,1413715.682,359324,11949,216192.3,10122543,425,8825.32,7731,115447.772
30.11.2007,336747.053,17073,186751,1140967,160743.9,2469,280305325,1338317.532,357040,11857,217425.4,11272929,200,8825.32,8164.6,116427.683
31.12.2007,343392.554,16997,185391,840875,143462.3,2468,279930963,1352306.742,361201,11808,220623.9,12946860,0,16317.7,9150.8,127430.685
31.01.2008,367658.615,16772,188055,848098,167285.2,2468,280035943,1314401.427,356910,11966,229803.4,12250181,0,16317.71,7909.9,106499.71
29.02.2008,358279.715,17012,192209,851517,176525.1,2468,279410440,1308911.268,360463,11634,218915.8,12336611,0,16317.71,10085.7,106379.915
31.03.2008,361372.383,17323,188095,856257,156097.2,2467,278806575,1181805.062,366507,11866,223808.2,12272310,0,16367.7,13624.7,109476.939
30.04.2008,364207.384,17433,189978,864312,152988.3,2467,278096864,205100.63,365179,10784,226634.7,11530963,0,16317.71,15038.1,104386.84
30.05.2008,363654.977,15400,185506,871218,197882.3,2639,278940514,197281.371,369933,10643,228634.8,11724954,0,16317.71,11093.1,105060.56
30.06.2008,358087.469,15596,136233,846156,182616.6,2639,278464876,183776.985,425187,11472,229248.1,11983513,0,16279.8,17548,103516.108
31.07.2008,361365.311,14498,151015,860564,197200.7,2536,279292339,175667.714,408951,10983,236916.5,12044810,0,16279.77,18927.4,103076.923
29.08.2008,364977.753,14698,146309,873453,181215.6,2536,281052251,185240.75,404408,11026,248176.8,12427678,0,16279.77,14864.4,104475.125
30.09.2008,364907.315,13763,155108,884135,165749,2537,280710801,188247.662,408879,10677,256196.1,11966011,0,16233.9,14471.7,104167.441
31.10.2008,343101.663,13918,153746,895919,135343.7,2537,278840738,386788.857,412288,10802,265176,11691436,0,16233.94,11181.9,107944.782
28.11.2008,344468.61,14595,147227,906885,94753.25,2525,282037721,668099.606,415160,11132,267704.2,12689963,55000,16233.94,13018.3,101673.038
31.12.2008,346750.482,13712,141089,873340,158159.4,2526,283380562,897106.256,499168,11355,268001.1,12369080,55000,16196,13205.9,90696.401
30.01.2009,351375.104,13631,138503,923267.7,169562.8,2525,283787732,910938.628,481441,11286,260401.3,20391070,55000,16195.99,12738.3,86399.367
27.02.2009,298265.133,13762,133465,918094,200891.3,2676,284035883,417457.996,478869,11202,266688.9,22727816,79181,16195.99,7673.9,85861.034
31.03.2009,299924.62,13591,143289,916237.1,159486.7,2676,286085566,429367.602,503967,10811,282174.8,28139806,106725,16196,7877.2,81716.015
30.04.2009,299159.112,13909,141441,920325.6,161499.6,2676,286592584,414529.845,527821,10253,288337.9,27133068,106725,16195.99,7710.3,79168.484
29.05.2009,285440.148,10711,129394,922707.9,194350.9,2876,288501721,419341.729,568776,13954,285157,27094104,106725,16195.99,8062.7,79035.71
30.06.2009,277353.174,10817,124173,923123.7,164599.4,2876,281653390,418497.807,504938,10448,289036.9,35456314,106725,16073.8,14588.5,77812.98
31.07.2009,278026.625,9863,142661,926991.3,193310.8,2877,279181845,415264.18,512403,10481,294648.8,29996339,106725,16073.8,11896.2,77663.987
31.08.2009,280147.216,9896,150236,928135.3,178563.9,2872,279306751,418471.658,513634,10550,300666.8,29953248,106725,16064.88,32115.7,77880.082
30.09.2009,280118.246,11167,148021,927448.9,185746.5,2555,280275814,424462.242,572549,10296,302720.5,25778701,106725,15676.7,25612.2,78066.803
30.10.2009,283407.247,11290,158261,935347.4,187253.1,2683,280876577,692798.983,598500,10331,300606.4,20223197,106725,15676.74,26837.6,76958.16
30.11.2009,284036.567,11721,156346,940676.1,160231.6,2683,281662530,1370206.538,598775,10494,296147.3,20708416,106725,15676.74,29507.2,76337.908
31.12.2009,282934.012,11064,158338,939145.9,182058.9,2683,280292954,3599236.352,640217,10506,301522.2,15216057,106725,15662,34722.4,75690.747
29.01.2010,285285.919,11676,153205,939204.8,291534.3,2683,279402219,3537852.209,603143,10568,304894.4,17268156,106725,15661.97,32847.9,71336.073
26.02.2010,286685.651,12813,150532,944005.6,164544.09,2683,277746562,3133304.273,605960,10762,305277.3,17387199,106725,15625.89,29426,70942.866
31.03.2010,288244.186,13734,138786,950204.4,240266.71,2858,277500480,2759434.237,667685,10494,311183.7,30317119,106725,15625.9,32806.7,69904.884
30.04.2010,288060.373,14409,130002,954438.7,303268.22,2659,277745245,1563537.533,675214,10322,307295.5,20943961,106725,15621.19,33458.3,66046.386
31.05.2010,285134.549,9718,130979,960793.7,264356.3,2659,277731701,1551666.239,674888,10315,309354.6,23229619,106725,15621.19,40493.7,67791.99
30.06.2010,276138.509,10516,135798,967493.1,259668.49,2809,278523220,1571905.699,680961,10237,311073.4,29423144,106725,15621.2,40098.6,65282.57
30.07.2010,266901.61,10315,150487,971233.9,370114.81,2484,277937681,1580272.401,688265,10444,307204.2,29043715,106725,15621.19,42034.9,63523.119
31.08.2010,263559.79,10843,165563,978087.7,341498.96,2384,278562860,1577975.242,683393,10657,299377.2,21252967,106725,15583.11,44207.5,61553.576
30.09.2010,265138.083,10095,165186,981985.6,340170.4,2384,278984445,1551253.97,713959,10323,297752.1,20965338,106725,15551.9,42623.4,63142.434
29.10.2010,266758.739,10554,163435,987337.5,319200,2285,278872816,1548641.128,719084,10477,299107.8,16414722,106725,15551.85,41134.4,63154.657
30.11.2010,277648.774,10921,158544,992025.4,321208.8,2285,279595890,1224854.246,725291,10370,301919.5,17156144,106725,15421.11,44507.8,62197.641
31.12.2010,272387.822,10422,157602,998057,344180.6,2286,278985248,1336359.626,703176,10363,298904,16061987,106725,15421.1,36303.1,61915.303
31.01.2011,272956.114,10432,162384,1001025.2,363806.9,2286,277389240,1330045.013,698324,10228,291985.7,14868620,106725,15421.111,33631.4,60244.648
28.02.2011,275221.7,10470,179167,1006008.8,343652.2,2286,277474716,1324468.727,710183,10298,295459.2,15702621,106725,15421.111,33631.5,60642.833
31.03.2011,278642.955,10354,179412,1011374.9,304080,2286,280249451,1337457.256,727630,23624,286495.1,26302078,106725,15404.8,30914.4,57673.826
29.04.2011,278301.203,10381,180756,1020258.1,336643.1,2014,281194697,1321656.825,753381,21127,287415.7,14665807,106725,15404.834,31121.2,54324.482
31.05.2011,279458.777,10438,189262,1027761.6,401940.4,2016,282182846,1095608.783,753449,21217,290177.9,16017926,106725,15404.834,31788.8,53033.051
30.06.2011,282477.102,10528,176205,1034395.5,357212.7,2016,289685986,1110078.392,722672,23136,286888.7,17334066,106725,15404.8,42182.2,51199.001
29.07.2011,294377.586,10600,200477,1040154.1,384628.1,2017,286126189,1102488.247,700790,30408,286554.7,16170352,106725,15404.834,42864.4,50936.947
31.08.2011,297234.536,10866,202926,1044658,380949.6,2017,291017316,1098367.5,713769,29475,292867.8,16431513,106725,15399.731,38041.5,49538.08
30.09.2011,298003.298,10893,218277,1049472.1,444619.5,2017,305130149,1105534.353,726029,26715,288810.2,15166547,106725,15399.7,38748.8,48283.441
31.10.2011,295531.416,11348,220055,1056815.8,442695.9,2020,322298589,1090907.505,742442,32715,295516.2,15530853,106725,15399.731,36899.6,47904.074
30.11.2011,297294.875,10633,230478,1064926.8,439039.3,2018,325263889,1070865.58,753132,35588,278837.4,15442769,106725,15399.731,36520.3,47729.854
30.12.2011,297770.204,10697,225149,1074356.5,420952.6,2017,329955703,1169620.348,754546,33429,280160.5,15211382,98725,15399.7,40801.2,47711.043
31.01.2012,275190.722,10177,253935,1082864.9,398862.3,2194,337055515,1162556.963,842183,31766,278885.5,15684837,98905,15399.731,33610.8,54832.392
29.02.2012,277045.553,10966,245986,1088529.8,365639.5,2194,341173125,1168782.208,922024,36656,282105.7,16318221,98023,15399.731,33049.5,55301.273
30.03.2012,276354.066,10635,245795,1095145.8,371064.4,2194,341469711,1181283.141,842932,21899,271530.1,30893614,97966,15349.1,32235.3,54406.004
30.04.2012,275895.701,10736,253421,1101109,405048.9,2194,343500791,1055599.384,856014,29349,273546.8,16189582,97901,15349.057,33036.5,53115.588
31.05.2012,278387.893,10831,243252,1105916.1,355405,2345,341634914,1039979.334,858040,30164,274568.3,16438498,97527,15349.057,30690.3,52194.004
29.06.2012,277570.512,10828,240693,1109597.2,283505.4,2126,342812851,1051245.6,865972,26081,276370.4,29344141,97349,15349.1,31967,50981.391
31.07.2012,279451.828,10881,258612,1110884.1,305767.1,2126,346885171,1044362.131,849257,15202,276668.4,21723364,97100,15313.687,31078.8,46817.477
31.08.2012,279976.899,10945,266000,1113473.9,344692.1,2179,344122388,821814.808,865230,11425,276307.1,20510048,96227,15313.687,35424.3,45131.313
28.09.2012,281735.546,11006,267760,1118340.1,342731.3,2181,346701368,835306.479,872593,13006,277291.2,23264037,95964,15313.7,42257.6,44838.717
31.10.2012,281784.756,11068,280777,1128421.3,300396,2181,351067083,823873.373,877166,19581,280146.3,15755779,92160,15313.687,37577.7,43417.325
30.11.2012,285060.617,11247,274031,1138794.3,307009,2182,351176285,806437.38,891295,25123,273343.2,16546951,90495,15313.687,46016.6,43290.715
31.12.2012,281008.701,11189,286647,1140848.6,224191.1,2183,351496745,912735.544,910223,29990,273355.8,20716122,90250,15313.7,51745.9,42616.697
31.01.2013,280713.982,10873,325677,1142874.1,269261.9,2184,349459151,916785.704,922073,8911,271964.7,16239584,90377,15313.687,55203.2,43801.903
28.02.2013,284850.146,11193,338283,1147591.6,271741.9,2185,351358523,704365.039,948571,8977,273023.1,20167944,90223,15313.687,48021.3,45571.648
29.03.2013,288230.914,11722,355583,1152670.8,230659,2189,350258512,260917.093,946831,8694,251683.3,35093591,77693,15314,49964,44554.612
30.04.2013,290893.074,12029,369712,1159543.7,252365.5,2180,352930921,31540.149,959096,40225,253061.2,27447452,65356,15312.734,52143.5,40742.3
31.05.2013,292034.553,10736,378521,1160672.7,227386.6,1934,353537294,34167.433,920299,8617,253358.3,27162827,63872,15312.734,55887.1,40772.594
28.06.2013,292355.246,10601,386862,1162656.5,248204.4,1927,351606522,37382.296,914054,37754,263291.3,38735943,56049,15313,50559,41505.821
31.07.2013,295522.158,10084,408222,1170961.9,302665,1752,349850276,28942.554,910175,32371,246034,20030803,55708,15312.734,54551.8,38957.001
30.08.2013,294102.934,10710,411106,1178936.2,243225.2,1752,346969518,33406.264,911566,24090,244714.2,20204148,55709,15312.734,50031.7,38675.228
30.09.2013,295539.958,11510,422178,1185084.9,318251.8,1852,353235250,37940.515,925370,15524,246048.8,27689667,55707,15313,48938.3,39914.136
31.10.2013,297788.345,12005,438906,1193445.2,292978.9,1852,362002878,1122089.161,948102,19347,244130.5,15358686,55708,15312.734,59541.9,47748.376
29.11.2013,298850.784,12733,390303,1199547.3,285042.3,1852,351298159,138951.597,945677,25514,244224.5,16272343,55705,15312.734,54995,47369.03
31.12.2013,297308.678,12152,405168,1207257.8,280563.8,1852,354846476,144692.255,953069,37811,244674.4,18876354,55418,15313,56549.4,49753.271
31.01.2014,296221.146,12266,408745,1217208.1,253844.9,1852,354072570,29589.139,955827,25019,243356,16010754,55545,15312.734,58929.9,52109.142
28.02.2014,297665.006,12239,406966,1224278.4,319252.4,1852,359322518,34191.632,976705,23184,245036.3,16639098,55659,15312.734,63784.9,52568.78
31.03.2014,298624.688,11561,397842,1232986.9,282645.3,1852,362171993,1252835.609,1014894,29914,248157.4,29983616,58111,15312.734,67287.8,51389.454
30.04.2014,298567.305,12190,408298,1244960.1,313883.5,1852,363427121,1239927.812,1034454,28222,249693.4,16289845,58142,15312.734,67092.2,52315.1
30.05.2014,300117.491,12247,412261,1256721.6,405038,1852,361111733,14349.934,1043844,23912,228268,16383821,57402,15312.734,61848.4,52652.425
30.06.2014,301552.963,12302,441778,1265191,282821.3,1852,360697749,19564.889,995888,27848,226950.8,24899385,57339,15312.734,61190.6,52962.246
31.07.2014,301293.307,12188,475387,1271155.5,337528.4,1852,361274629,9561.968,969829,35482,226453.9,16184265,52666,15312.734,55506.5,49424.865
29.08.2014,303052.271,12881,486387,1277396.6,327086.1,1852,361145823,14699.62,989493,33815,227306.9,16846806,52680,15312.734,56122.1,54565.068
30.09.2014,304449.324,12191,484960,1284461.1,319715.3,1852,359919847,19003.502,1004442,40058,227542.9,27583406,52601,15312.734,69022.7,54158.643
31.10.2014,306599.926,12341,503051,1296506.3,307821.7,2159,363008884,8582.408,1014689,39617,229618.7,17029295,52616,15312.734,57435.6,53842.357
28.11.2014,307952.784,12443,527105,1311907.7,277070,2159,366094403,13729.6,1058116,38234,232063.4,16993739,52630,15312.734,51299.9,52570.913
31.12.2014,308116.018,12456,539851,284414,215155.7,2455,367009762,19033.482,1113236,46360,221977.1,21364743,51957,15312.734,64737,53259.499
30.01.2015,309353.311,12291,554218,283601.5,298801.9,2325,373765568,8883.684,1075569,41158,221928.6,17381423,51989,15312.734,49474,52517.149
27.02.2015,310131.427,12524,556970,283449.7,313499.5,2325,374937477,13566.788,1099905,36476,229273.3,17637145,52018,15312.734,55321.5,54296.287
31.03.2015,310735.169,12877,581485,284342.7,307411.9,2325,374685854,141890.953,1175136,30159,230030.7,30675857,51957,15312.734,68441.4,54812.868
30.04.2015,311179.486,13158,597715,285865.7,352139,2325,371147235,133218.153,1144823,24461,237998.5,17357923,51988,15312.734,52366.4,53293.62
29.05.2015,312302.607,12391,589976,287620.3,333851.8,2325,379447121,1123818.818,1157109,22367,247164.8,17355369,50769,15312.734,51132.7,52731.813
30.06.2015,312130.888,11567,599373,288534,294622.5,2474,374850566,1537106.431,1119660,35246,265613.3,33419636,49456,15312.734,59803.8,53829.014
31.07.2015,312724.005,11871,654187,289721.6,326002.7,2474,370709449,1531539.143,1137511,41654,260413.2,18076436,49276,15312.734,52940.8,52761.605
31.08.2015,315302.899,12224,667220,290970.2,233932.4,2681,373482226,1540870.734,1183777,44599,263493.5,18434045,49308,15312.734,69535.7,65122.025
30.09.2015,314553.594,12482,666665,292730.3,237903.5,2347,370200027,1545867.164,1281990,59664,262821.7,30988811,50094,15312.734,60698,67134.301
30.10.2015,316905.575,12678,671580,294401.3,223623.6,2117,376265400,989930.071,1263120,60456,263906.2,16967657,50126,15312.734,65432.8,71542.413
30.11.2015,318553.801,12640,690425,295663.5,326688.3,1917,375215314,130610.365,1273784,57997,270182.8,17357707,51006,15312.734,72270.1,80164.417
31.12.2015,317022.434,12653,693205,296009.1,298339.6,1917,360613813,136422.059,1279202,54633,257403.5,17712778,51745,15312.734,76822.1,86157.633
29.01.2016,317949.636,11626,702722,296022.2,310605.4,1877,372308047,2166936.149,1259949,56649,258271.1,16850558,51744,15312.734,84021.9,86675.365
29.02.2016,387522.814,10618,727450,297040.5,308815.3,2020,372339233,5822156.197,1266119,35281,267426.9,17024927,51773,15312.734,92474.6,98607.081
31.03.2016,384887.931,10943,707178,298142.6,292777.9,2050,375549551,9841715.814,1425491,35565,273010.6,25857114,51712,15312.734,93990.8,120611.4932
29.04.2016,384967.25,11389,707437,298142.6,272645.1,2050,377961258,13374750.74,1448425,36346,272239.9,16069335,51743,15312.734,118163.8,139872.74
31.05.2016,384641.463,12227,670153,299241.7,321027.5,2077,375441055,15682073.22,1427079,38677,274800.1,17625259,51775,15312.734,121669.5,153489.2896
30.06.2016,384648.339,12944,680150,300242.7,293485.9,2900,377606498,12567110.93,1324514,40066,275328.2,16774321,49218,15274.092,101961.8,156614.2165
29.07.2016,384753.432,13502,711599,301970.3,301323.3,1643,363010370,9220381.698,1313131,45422,275754.9,16122055,49208,15274.092,115423.6,167303.1616
31.08.2016,384251.547,14386,703205,302758.9,326134.9,1643,361471417,9265364.687,1302817,50494,280399.3,17019167,49239,15274.092,99961,169676.9752
30.09.2016,387017.508,15172,709361,302948.1,441604.1,1643,361003402,9179232.929,1348477,66687,280250.4,14197795,49177,15274.092,104792.9,173022.3387
31.10.2016,384251.871,16154,734299,303386,250496.4,1643,359313608,9151106.243,1396827,67856,287271.6,14134394,50710,15274.092,110328.6,175717.7115
30.11.2016,382956.306,16917,706855,303998,374967.8,3576,357363977,9109032.803,1344507,69829,292449.1,16155941,52240,15274.092,124246.3,176955.4376
30.12.2016,381580.789,18306,779567,304418.7,305779.85,4265,360512811,8913886.498,1518012,64406,299365.4,15557937,52178,15274.092,138683.2,178416.268
31.01.2017,380951.858,19824,794597,304062.6,317523.3,4058,367884967,8993206.807,1618816,68178,297085,15309947,52210,15274.092,147654.3,178344.7664
28.02.2017,385317.059,21026,773286,304911.4,298602.6,3861,371879804,9037459.626,1658812,52696,301757.3,16264049,52238,15274.092,165547.5,178882.8967
31.03.2017,385319.322,19847,785310,305844.6,307070.3,5966,382903291,9221646.979,1660923,35973,309607.5,21273437,52177,15274.092,150922.4,178681.4948
28.04.2017,384599.302,19950,788888,306878.4,275663.3,3312,384082200,9364146.528,1667494,49684,314298.1,16419391,52208,15274.092,167047.8,194864.8575
31.05.2017,385479.214,20056,790800,307691.6,311012.9,3934,385771479,9790095.069,1627979,45356,320774.6,17885268,52239,15274.092,171391.2,197826.7748
30.06.2017,387160.537,19556,787250,308090.8,303955.6,4666,386128420,10166399.68,1606716,50046,310399.2,17899234,52177,15274.092,155445.6,200406.8118
31.07.2017,386548.423,19497,784982,307328.3,375916.7,5357,384819151,9922296.107,1635006,55380,321401,17322198,52209,15274.092,169018.4,215846.7623
31.08.2017,388180.967,19383,780717,307400.3,310247.1,5355,388800116,9954646.582,1701024,51493,334170.5,18278069,49240,15274.092,172310.6,228461.8096
29.09.2017,387513.776,19481,775209,308015.5,428554.2,4156,389263991,12834444.07,1719799,55648,334231.3,15248722,49271,15274.092,167769.6,235411.9288
31.10.2017,388414.531,19642,768365,307815.5,352592,4001,388698084,12880319.74,1678636,53679,341952.1,15923271,52210,15274.092,177411.2,244900.3802
30.11.2017,386108.784,19771,739988,308942.4,356687.3,4091,389614932,12948410.11,1696143,52933,352317.7,16391373,52240,15274.092,184523.6,250722.69
29.12.2017,385194.148,19787,734418,309763.6,314565.2,4227,386625322,11537462.34,1662319,48408,362286.4,16113554,52179,15274.09,175578.3,254545.172
31.01.2018,385760.658,20397,732278,306889.5,365133.9,4449,387449168,11577556.46,1729532,39756,376739.1,15929822,52034,15274.092,182777.5,262405.6829
28.02.2018,384361.945,19061,731424,308028,435308.7,4463,382438519,11589513.16,1713923,33445,388723.8,16563272,52076,15274.092,192687.2,269591.2884
30.03.2018,386483.663,19789,734012,308446.3,480658.1,4078,388507584,11708110.09,1736773,27026,373409.6,16817605,52005,15274.092,184478.5,273912.264
30.04.2018,384570.191,20463,735492,308919,505281.8,4331,388124847,11748414.69,1744647,45076,383337.3,17932458,52036,15274.092,147934.4,279095.8565
31.05.2018,386238.436,21037,730725,309738,552871.2,4524,384796309,11656935.02,1762501,34622,390801.7,19303121,52067,15274.092,146122.2,281871.5545
29.06.2018,386620.354,19235,735842,310545.2,455553.7,4393,380952349,12361494.96,1767390,34506,392613.4,18166516,52005,15274.092,163385.8,284500.7599
31.07.2018,386347.624,19560,742749,311166.6,511263.3,4304,390374633,12187110.67,1801334,50954,402808.5,18890454,52037,15274.092,154105,286647.576
31.08.2018,386965.761,20927,743427,312152.7,402032.4,4273,390664398,12191345.55,1758732,49759,405868.8,19775486,52069,15274.092,155899.9,290758.597
28.09.2018,387579.051,21369,801475,313929.2,434525.1,3462,397606243,12027136.81,1790571,56194,407974.9,17165964,52005,15274.09,171771.9,296810.691
31.10.2018,384651.657,21192,761609,315080.4,381267.4,3392,397286886,6922999.876,1846757,61938,411995.1,17989378,49038,15250.24,158995,301310.56
30.11.2018,385127.325,19845,841441,316297.8,420866.9,3392,400024859,7005958.975,1807091,59252,414769.8,18479248,52133,15250.24,162451.9,303391.969
31.12.2018,385403.797,20474,768046,316715.1,443395.1,3392,398314889,6854182.014,1795203,53063,413213,18304137,52113,15250.24,151916.6,305153.968
31.01.2019,386772.814,21372,748077,316416.7,452967.3,3392,399329208,6888074.972,1875702,38913,405594.7,17794226,52089,15250.245,158370.1,320458.999
28.02.2019,385842.127,21696,740989,316522.4,420124.5,2825,400827613,8497871.446,1876141,45925,405411.9,17683458,52152,15250.245,175222,331388.597
29.03.2019,388950.881,19843,742830,316611.3,421603.9,2528,404245291,10065902.96,1818860,28756,410282.2,25864133,52101,15250.245,162868.3,336235.386
30.04.2019,388106.161,20770,743421,317712,439150.5,2279,393920832,9975674.137,1845675,53952,415843.6,22111877,52082,15250.245,121013.8,343354.384
31.05.2019,390052.912,21402,739856,318880.3,420583.9,2278,409395874,10001686.21,1817301,51699,418663.2,18789822,52090,15250.245,125221.7,349457.163
28.06.2019,391062.477,22731,789082,320447.9,354926.51,2278,384897378,12817566.81,1827677,60174,370982,23490516,49238,15250.245,130731.5,351852.761
31.07.2019,390865.816,21725,747252,321061.8,536828.3,2258,383428755,14054740.03,1790048,60300,376440.1,20369004,46181,15250.245,125961,358530.564
30.08.2019,395496.132,22228,794360,321444.3,469071.56,2258,393361621,13990258.47,1809230,64449,372578.3,25068351,46233,15250.245,122264.3,365303.439
30.09.2019,394585.933,23231,807477,322082.4,427759.87,2412,397692765,14053957.07,1820931,39562,372112.2,26328705,46189,15250.245,118901.2,371075.95
31.10.2019,392112.173,24491,807372,322292.2,423064.02,2209,409225419,15527181.15,1808587,43729,371577.1,18001605,46131,15250.245,116497.7,379056.932
29.11.2019,392381.068,25438,793891,324127.7,524917.14,1979,414597164,15277724.62,1852824,48594,384259.5,18156011,46181,15250.245,128926.7,379954.074
31.12.2019,392297.823,26429,784202,324470.2,525134.69,1979,428849265,15248704.06,1887233,39002,375607.5,18777468,46141,15250.245,133790.4,383672.269
31.01.2020,393339.881,27511,738237,324790.8,558287.92,1979,456815203,16805848.61,1892967,60130,380465.7,18307064,46073,15250.245,142948.3,386689.823
28.02.2020,394429.963,25993,732139,326241.1,467082.38,1737,513898271,17521592.87,1903194,67003,385216.4,21161061,46110,15250.245,146295.5,400201.58
31.03.2020,707706.24,31105,770650,327261.6,529915.53,2694,567132209,18927776.46,1859777,37485,470383.6,34428284,46059,15250.24,135522.3,408120.642
30.04.2020,803947.702,67637,733053,327653.2,648901.04,9552,584797070,19920156.32,1924305,78736,481370.8,22087404,46021,15250.24,108974,413111.888
29.05.2020,960674.453,77674,733651,327986,680148.05,10251,592801516,20724718.12,1925419,96145,483369,34134749,46064,15250.24,98681.6,420106.364
30.06.2020,1372163.428,95764,823462,327674.8,559334.21,10472,581606642,20570809.27,1933371,102145,440624.3,40209120,46009,15250.24,98228.1,428201.362
31.07.2020,1497772.686,99316,834534,327210,941767.68,10468,597712182,20802447.99,1879239,114125,440732.6,24991631,45973,15250.24,104724.6,433253.327
31.08.2020,1689293.306,97970,789701,327310.6,887288.81,10864,705058160,20723600.88,1868899,96266,438499.5,27812903,46031,15250.24,109284.7,429304.701
30.09.2020,1478189.451,99184,729697,327607.3,882075.04,10990,785412002,20810304.96,1870872,80724,439908.1,32001599,45992,15250.24,110032.2,429214.386
30.10.2020,2030257.78,97863,800136,323615.5,909179.96,10986,875610414,20662710.56,1906233,100151,439895,25737245,45973,15250.24,127607.1,431577.891
30.11.2020,2060545.217,97157,737243,327035.1,990810.15,11139,934059093,20896730.32,1911452,92205,441230.1,25875139,46028,15250.24,137763.6,430008.629
31.12.2020,1544237.005,98752,721073,327447.7,870706.51,11145,1042210826,21119226.54,1925061,60054,438701.7,28126695,45992,15250.24,136797.5,438369.739
29.01.2021,2099318.662,99490,852368,321251.8,960523.53,11141,1070172642,21180191.58,1889591,66602,438048,26883147,45961,15250.24,150815.7,446447.189
26.02.2021,2077332.868,97918,758493,322757.4,932446.36,11169,1076929438,20750696.06,1921332,43564,442100.6,28479048,46001,15250.24,158544.4,438207.332
31.03.2021,2087817.815,95905,744217,324874.2,1042572.52,11459,1104052598,13373274.27,1936826,41352,431092.6,36400465,45953,15250.24,165435.4,441517.788
30.04.2021,2101625.277,93250,800520,326155.4,1065207.34,11435,1136860514,10590508.31,1963671,48087,440102.2,30299803,45959,15250.24,171735.2,447271.131
31.05.2021,2115163.439,92404,814542,326632.4,962447.67,11431,1130878384,10443537.95,1968075,43736,448983.4,30789523,46004,15250.24,176400.4,450080.046
30.06.2021,2129907.55,93518,773309,330374.3,977752.08,11427,1136543741,10435818.81,1982073,44002,451766.1,33223976,45953,15250.24,173111.8,449503.249
30.07.2021,2145639.169,93713,884090,341221.7,974806.82,11223,1147704943,10499033.42,1962655,43893,462152.8,31555250,45960,15250.24,185170.1,454580.671
31.08.2021,2164013.94,147274,822618,343318.5,927035.11,11120,1163377105,21168780.73,1970723,43719,474128.4,33241680,46006,15250.24,179115.3,465316.788
30.09.2021,2155990.297,150077,845227,345301.9,997020.58,11448,1160754156,24665899.57,1975561,45329,480853.2,30802915,45915,15250.24,157829.8,468380.624
29.10.2021,2156212.34,146507,911193,349817.9,938511.15,12359,1164138525,29050325.08,1995299,44525,494866.5,30095408,45960,15240.68,150889.3,474391.508
30.11.2021,2156789.582,169644,827869,354184.1,975714.1,12215,1162631091,29455708.09,2006591,42814,509232.9,31277433,46003,15240.68,143135.2,474184.251
31.12.2021,1628518.632,174787,814929,356781.2,988761.61,12211,1371316660,31024881.94,2030093,43863,444212,31455297,45956,15240.68,142257.9,480749.659
31.01.2022,1901926.211,181422,877707,356458.6,1032303.83,12208,1368076100,30028387.86,2023836,45217,452443.8,30212840,45963,15240.68,135435,465187.345
28.02.2022,1864410.213,189892,924373,360357.7,1014227.27,12204,1373027645,29576515.14,2029690,45025,463018.5,33116919,46004,15240.68,129473.2,473133.596
31.03.2022,1868843.592,196443,982154,361909.6,1078625.36,12252,1367674763,28695437.91,2048266,43952,466581.9,45347213,45917,15240.68,131326.7,477869.92
29.04.2022,1864625.798,198003,974966,366763.2,1023770.16,12248,1367502136,27901426.54,2072979,42647,467126.7,33578940,45962,15240.68,127425.4,477106.202
31.05.2022,1549883.265,216832,1055463,371652.2,921579.78,12529,1360656421,26367461.2,2087256,43139,480525.2,43157859,46008,15240.68,125239.4,484857.992
30.06.2022,1539396.235,227656,1088526,376487.4,915776.71,12627,1357585715,28172617.96,2105572,41803,431879.3,44370938,45917,15240.68,124981.1,492667.81
29.07.2022,1548010.095,242502,1167760,378960.3,980054.05,12124,1375473430,28044879.12,2103552,43435,436150.1,31423313,45962,15240.68,112142.9,493409.636
31.08.2022,1560029.937,254509,1063003,383770,863663.75,12121,1412456000,28383169.77,2095724,44243,449696.8,37629077,46008,15240.68,116488.4,494833.869
30.09.2022,1521240.979,263365,1112784,388296.9,978897.26,12364,1428665796,30702066.97,2048497,41438,445182.6,31612834,45916,15240.68,108613.6,498594.574
31.10.2022,1501763.053,253042,1119874,315151.4,959022.69,12361,1423046147,32882358.17,2072649,41955,454751.4,34106470,45962,15240.68,106931.9,500296.331
30.11.2022,1510434.446,276040,1277291,316919.2,1048672.71,12358,1438882581,35465407.47,2127807,42449,469555.7,34810542,46006,15240.68,105956.2,507571.002
30.12.2022,1479444.77,289015,1220219,322075.2,1022478.4,12822,1567879453,35949795.11,2195929,43960,437047.7,33913427,45916,15240.68,116013.2,510298.3496
31.01.2023,1532925.372,292178,1315332,315035,1148712.55,12819,1567008149,37898203.89,2189895,43960,448154.1,33684128,45998,15240.68,101671.6,511265.6844
28.02.2023,1455408.922,319527,1357692,319278.8,1096159.94,12816,1551629312,36883609.02,2230563,37987,454278.5,50207569,46069,15240.68,101961.8,516001.77
31.03.2023,1443382.673,328111,1309971,320356.7,1136215.77,12418,1542422090,36069913.91,2243717,39849,456592.9,65041312,45918,15240.68,104155,518351.7987
28.04.2023,1425393.938,335753,1547598,323191.9,975500.4,12215,1543726623,36096854.55,2262979,40291,467669.9,40614860,45995,15240.68,103130,519446.7186
31.05.2023,1442271.545,401429,1540895,324651.7,909433.61,12365,1544581381,40424387.95,2275574,37839,467600.4,39815387,46076,15240.68,101944.4,528341.6423
30.06.2023,1422491.313,423738,1477944,325019.7,959254.45,12591,1521277184,43792149.28,2294797,40692,438755.1,48908938,45917,15240.68,102629.4,530723.1923
31.07.2023,1412172.154,424149,1845429,324688.9,1176527.45,12589,1505357381,45904100.49,2289671,40931,450276.5,32165614,45997,15240.68,99647,533430.5041
31.08.2023,1408613.021,408945,2078658,325223.8,1175850.29,12764,1490651855,48439114.9,2297566,55401,448718,37660382,46077,15240.68,101156.4,536338.305
29.09.2023,1397183.205,380534,1869400,325669.8,1072687.4,12762,1471079174,46132051.33,2312244,41592,449006.3,30973896,45917,15240.68,97205.5,532375.4333
31.10.2023,1375335.406,374195,1935511,307662.3,1073634.9,13014,1461315815,44439927.49,2329425,52052,457124,31439461,40440,15240.68,108116.6,522407.9687
30.11.2023,1414230.095,366050,1867198,310060,1191370.41,13011,1476343974,42911405.19,2338308,54634,467690.7,31597679,40508,15240.68,98361.3,532014.9631
29.12.2023,1409975.714,379523,1995211,312092,1253922.36,13009,1474618485,43931623.91,2468462,58600,431679.8,35131679,30440,15240.68,106159.3,540315.3103
31.01.2024,1394524.673,380330,2213622,313748.7,1137722.2,13006,1488773345,43785965.59,2475759,56794,443121.4,30365225,30425,15240.68,123162.9,542456.7067
29.02.2024,1389689.174,383547,2307306,316218.2,1132654,13003,1519841052,39801011.24,2482946,57252,450890.3,40399359,30464,15240.68,119245.7,546879.3244
29.03.2024,1312374.615,387965,1787413,318233.9,1331709.64,13000,1509082266,28726364.97,2512989,57995,459642.2,62444456,30440,15240.68,113859.4,550734.0566
30.04.2024,1279026.82,381305,2045413,319992.3,1243410.08,12998,1505146274,23981105.96,2530580,105069,462319.9,35630182,30423,15240.68,111129.5,552208.7907
31.05.2024,1295919.345,383351,2102128,321538.1,1292911.21,12995,1504952000,21658695.6,2541538,87588,472666.5,37645328,26755,15240.68,112517.9,556922.2427
28.06.2024,1300721.578,385172,2138719,320562.9,1299148.82,12912,1501020505,21968795.73,2563126,71021,439380.7,48836673,26709,15240.68,110978.5,555820.3657
31.07.2024,1313197.41,383734,2242784,320327.4,1282787.38,12769,1511723662,23777714.57,2581644,71637,445782.2,28946739,26732,15240.68,112435.4,561319.452
30.08.2024,1304680.884,393797,2363508,323689.7,1278300.23,12266,1524119517,27440647.73,2565728,71780,461049.8,45201613,26755,20311.26,114381.7,570241.735
30.09.2024,1320914.48,396645,2360627,325064.6,1185483.26,12581,1534143740,29768485.42,2579954,85618,465267.9,41624306,26709,22613.79,115255.5,574696.412
31.10.2024,1273787.248,390078,2382938,325554.6,1067152.93,12809,1545347829,28556460.25,2599171,92237,477130.4,27063622,26731.529,24636.28,124248.9,580201.932
29.11.2024,1271762.391,392845,2373736,328115.7,1136458,12807,1561365551,28868268.32,2610076,93182,488777.1,27296264,26753,26655.62,119750.4,586639.217
31.12.2024,1265064.435,393553,2332010,308185.2,1090874.41,12805,1569393345,28084900,2639150,94059,451191.9,33009369,26709,28781.48,110002,591897.562