Quarter,China,Chile,Indonesia,Malaysia,Mexico,Egypt,Philippines,Brazil,Turkey,South Korea,South Africa,Thailand,Saudi Arabia,United Arab Emirates,Colombia,Qatar
Q1 2000,2722.735,3311.877,291727.2,79247.66,539.709,288493.4,1019362,379620,26679,74783,315943.4,639.29,680925.9,11800,64340.37,33967
Q2 2000,2763.859,3432.783,399233.9,84709.93,566.153,287516,1046333,466288.1,30392,77511,324279.5,671.23,680925.9,11800,64340.37,33967
Q3 2000,2804.837,3461.419,423516.4,89261.14,600.781,295208.7,1030743,473129.8,31417,84036,327270.3,718.81,680925.9,11800,64340.37,33967
Q4 2000,2846.056,3544.702,444232.2,95752.27,675.107,309608,1068200,469874.2,36421,81529,319879.2,740.94,680925.9,11800,64340.37,33967
Q1 2001,3109.479,3750.722,447910.1,90889.27,712.84,321976.6,1122495,494279.3,50851,82079,316860.1,777.87,718424.1,10205,85977.82,37721
Q2 2001,3372.898,3845.785,450409.1,91175.36,714.4,333176,1141793,498062.2,90332,86083,335957.9,768.78,718424.1,10205,85977.82,37721
Q3 2001,3636.315,3821.583,445321.7,98456.88,734.344,341749.4,1187184,491463.5,105769,89420,343478.7,814.09,718424.1,10205,85977.82,37721
Q4 2001,3899.715,3960.125,447834,108833.3,763.559,351602.5,1247683,566159.5,122157,94905,331944.4,845.69,718424.1,10205,85977.82,37721
Q1 2002,4041.904,4091.145,446477,97668.52,812.913,363234.9,1276803,594194.9,120299,99057,305794.1,910.29,744278,13822,104978.1,33545
Q2 2002,4184.065,4193.62,442129.3,99808.3,852.708,374141.1,1398262,629195.1,126830.5,100435,318039.8,950.68,744278,13822,104978.1,33545
Q3 2002,4326.273,4044.886,437553.3,106078.8,862.505,398194.7,1412483,711705.7,140290.7,102134,303749.1,1260.98,744278,13822,104978.1,33545
Q4 2002,4468.434,4055.227,431426.8,115363.5,907.408,428329.5,1471202,615075.9,149869.7,102443,264258.5,1293.88,744278,13822,104978.1,33545
Q1 2003,4627.688,3207.371,422515.4,111557,871.843,444567.6,1475708,655431.1,162557.9,106038,275466.1,1258.51,703042.6,15216,117760.7,33484
Q2 2003,4786.949,3121.36,414588.6,117247.2,922.556,468559.9,1542898,687970,175269.9,109375,282370.1,1253.87,703042.6,15216,117760.7,33484
Q3 2003,4946.196,3066.425,409613.4,126394.1,986.927,486471.4,1656676,741754.6,178711.7,119308,302536.3,1307.36,703042.6,15216,117760.7,33484
Q4 2003,5105.471,3318.662,415057.7,135806.8,1011.889,479087.5,1703781,784009.2,194386.7,128431,325704.3,1279.28,703042.6,15216,117760.7,33484
Q1 2004,5294.545,3143.741,410346.9,128872.1,1034.129,480523.7,1762747,810737.2,203707.5,146576,316585.2,1286.26,614460.9,22148,121987.1,33539
Q2 2004,5483.646,3036.746,405467.3,132498.1,1078.896,488607.3,1833495,828815.6,209118.7,154214,337168.6,1325.01,614460.9,22148,121987.1,33539
Q3 2004,5672.745,2876.853,412027.9,144365.7,1084.822,499340,1960780,837359.9,217571.4,165643,348109.9,1506.49,614460.9,22148,121987.1,33539
Q4 2004,5861.851,2947.992,413676.1,163138.8,1099.206,519195,2001220,884702.6,224482.9,173970,372067.8,1508.58,614460.9,22148,121987.1,33539
Q1 2005,6043.213,2773.579,421932.1,155377.4,1127.706,528676,2059465,945621.6,232489.4,205697,354863.2,1513.75,458012.4,29727,136081.3,31075
Q2 2005,6164.482,2381.825,416645.2,155697.8,1160.432,543893,2034992,987058.5,234798.7,221750,372395.7,1485.16,458012.4,29727,136081.3,31075
Q3 2005,6305.742,2433.536,418098.8,165613.5,1213.612,526607,2144468,1042488,243206.8,224878,387358.6,1576.15,458012.4,29727,136081.3,31075
Q4 2005,6446.404,2381.864,411351,178110.6,1242.154,524976,2164293,1140188,244781.9,231710,393860.7,1614.65,458012.4,29727,136081.3,31075
Q1 2006,6312.382,2191.826,411123.6,166870.5,1284.643,531492,2190363,1153905,246360,266435.8,376517.2,1690.2,358481.5,41208,147011.6,29764
Q2 2006,6182.789,2085.539,419019.6,173993.9,1476.525,554837,2161367,1148012,249084.7,281423,386194.4,1738.54,358481.5,41208,147011.6,29764
Q3 2006,6701.425,1847.896,436955.6,184732.3,1650.249,558895,2164366,1190776,250869,290054.3,392688.5,1775.78,358481.5,41208,147011.6,29764
Q4 2006,7872.763,1726.123,430807.5,194741,1741.408,562090,2154078,1228670,251470,291090.5,399118.9,1797.48,358481.5,41208,147011.6,29764
Q1 2007,9334.56,1535.967,451458.4,185464.5,1787.766,572553,2177788,1276121,263723.6,288007.4,384571.7,1915.22,272368.6,84211,146714.7,25903
Q2 2007,10525.4,1468.367,463900.6,194762.4,1857.943,591001,2118861,1362748,253718.3,287401.6,388965.8,1927.11,272368.6,84211,146714.7,25903
Q3 2007,11018.64,1616.589,481723.4,213431.7,1929.776,607329,2205969,1404265,258271.9,286395.2,404450.1,1943.44,272368.6,84211,146714.7,25903
Q4 2007,10811.73,1527.231,487213.1,221546.8,1957.992,621597,2201167,1424668,255310,290058.7,405554.5,1957.99,272368.6,84211,146714.7,25903
Q1 2008,10502.66,2228.553,508464.8,210849,2039.599,631908,2286678,1485132,266477.4,305530.7,390325.8,2050.63,250648.4,103683,163306.8,46556
Q2 2008,10474.64,2570.238,529805,219849,2096.064,599603,2303223,1504715,260999.8,313414.7,403251.8,2093.07,250648.4,103683,163306.8,46556
Q3 2008,10693.6,2684.213,542161.8,228798,2178.256,639774,2369434,1550907,266363.6,336163.1,404333.1,2095.1,250648.4,103683,163306.8,46556
Q4 2008,11156.75,2495.678,525695,256512,2498.689,659477,2414428,1597587,274827.3,335311.3,420894,2061.01,250648.4,103683,163306.8,46556
Q1 2009,11601.43,2899.198,540379.8,269591,2674.332,687741,2386979,1667077,292306,344933.3,426809.5,2300.75,226489.2,196809,185334.2,115509
Q2 2009,11943.19,3507.354,555064.5,292620,2852.973,699667,2376089,1726739,301675.6,357036.4,477089.1,2402.28,226489.2,196809,185334.2,115509
Q3 2009,12299.39,3202.579,569749.3,304491,3006.366,751482,2424202,1833105,320629.9,362854.8,520486.9,2523.49,226489.2,196809,185334.2,115509
Q4 2009,12671.21,3541.636,584434,306477,2887.88,777438,2470040,1853268,330004.6,376282.6,542719.1,2530.36,226489.2,196809,185334.2,115509
Q1 2010,13115.9,4573.839,599193,308051,3018.591,810035,2536667,1828027,340678.4,381935.6,575035.1,2708.23,166999,207244,202840.3,132573
Q2 2010,13553.51,5534.387,629154,310278,3129.337,808383,2595814,1889476,343142,393701.3,618777.3,2809.14,166999,207244,202840.3,132573
Q3 2010,13872.67,5709.72,655860,311274,3162.328,863785,2698487,1935200,347759.4,394548.6,615671.5,2853.27,166999,207244,202840.3,132573
Q4 2010,14074.09,6887.159,653998,315344,3080.885,889154,2718202,1893326,352841.1,415249.4,665816.3,2948.02,166999,207244,202840.3,132573
Q1 2011,14233.51,7893.142,693693,331175,3216.265,932625,2666672,2000094,359899.9,426183.9,676419.9,2935.51,135499,276459,214693.6,204426
Q2 2011,14444.83,8905.527,711816,326960,3296.132,967290,2758813,2073518,362727.6,437764,682816.1,2956.39,135499,276459,214693.6,204426
Q3 2011,14702.36,9359.733,717344,327212,3417.121,1019536,2780834,2123329,366695.3,453109.3,692022.6,3135,135499,276459,214693.6,204426
Q4 2011,15002.28,10027.86,747389,333755,3446.809,1058404,2873357,2110987,368778.4,460721,719412.4,3042.62,135499,276459,214693.6,204426
Q1 2012,15217.84,9988.289,789363,342630,3635.823,1109602,3015020,2233859,375186.8,467166.9,736902.7,3226.39,83848,291779,216289.4,218429
Q2 2012,15407.73,10414.51,826963,345590,3630.584,1153406,3050054,2299840,377715.8,479190.6,731332.4,3459.07,83848,291779,216289.4,218429
Q3 2012,15759.25,10890.81,848579,345222,3849.571,1238639,3184859,2382246,387674.5,486481.4,711761.3,3462.36,83848,291779,216289.4,218429
Q4 2012,16291.24,10914.63,856049,352359,3861.092,1293851,3468375,2414302,386541.7,488407.2,726651.9,3471.72,83848,291779,216289.4,218429
Q1 2013,16832.86,11273.79,897298,352235,4038.073,1387243,3406134,2503348,392814.2,489964.3,694961.5,3512.77,60118,229453,249359.3,223400
Q2 2013,17316.4,11373.73,920047,360875,4135.138,1442372,3501790,2565830,395826.8,487922.3,782047.9,3587.07,60118,229453,249359.3,223400
Q3 2013,17781.98,11971.45,974393,379930,4301.297,1518657,3677568,2579546,407946.3,494858.1,775933.9,3704.98,60118,229453,249359.3,223400
Q4 2013,18236.7,12742.47,1026785,381426,4408.879,1543554,3733422,2583170,403006.9,518329.7,833520.4,3756.22,60118,229453,249359.3,223400
Q1 2014,18629.53,13934.78,1108274,398441,4657.448,1604205,3662321,2663576,408998.8,533524.9,860477.3,3846.12,44260,210154,289865.9,187004
Q2 2014,19006.72,15094.19,1169554,397763,4745.793,1697893,3731795,2767695,408417.3,542977.1,875511.9,3858,44260,210154,289865.9,187004
Q3 2014,19508.26,16143.05,1236983,397973,4993.847,1795843,3759345,2953961,408212.4,561801.2,924322.3,3890.27,44260,210154,289865.9,187004
Q4 2014,20091.05,16212.84,1245549,415285,5049.533,1895187,3820603,3049017,414648.5,576326.2,970948.1,3878.91,44260,210154,289865.9,187004
Q1 2015,20701.77,17349.88,1341074,419502,5192.038,1998200,3854697,3261535,423184.4,592110.3,952340.3,4017.1,142200,218994,341199.7,209276
Q2 2015,21299.24,18168.98,1392022,429218,5252.619,2082625,3839310,3355338,430235.9,613110,999996.2,3993.02,142200,218994,341199.7,209276
Q3 2015,21985.99,19226.21,1429995,435086,5430.506,2248750,3883161,3541793,438174.9,626870,1040238,4072.72,142200,218994,341199.7,209276
Q4 2015,22787.84,20275.33,1528453,433105,5639.504,2368455,3884380,3665319,440124.3,628358.8,1086954,4329.06,142200,218994,341199.7,209276
Q1 2016,23483.59,20256.29,1679103,416722,5803.963,2462304,3841264,3725898,448233.1,628675.6,1082430,4342.25,316580,261279,377085.4,257964
Q2 2016,24158.98,22131,1688480,424909,5629.509,2570843,3828496,3869650,453268.7,642215.8,1116602,4280.77,316580,261279,377085.4,257964
Q3 2016,24865.96,24063.97,1795122,411435,5850.739,2703547,3904453,4079934,463078.9,644290.1,1119695,4372.48,316580,261279,377085.4,257964
Q4 2016,25620.49,26645.39,1816481,435625,6182.251,3027251,3934097,4133420,468644.3,655298.3,1218053,4362.14,316580,261279,377085.4,257964
Q1 2017,26352.56,28244.38,1934245,484353,6251.285,3097561,3967737,4291224,483347.8,634855.1,1160831,4631.68,443253,313561,411885.9,302400
Q2 2017,27076.73,27255.89,1995316,491286,6327.931,3124100,4186354,4434712,495328,631925.8,1186755,4662.57,443253,313561,411885.9,302400
Q3 2017,27839.46,28139.22,2089954,487443,6547.923,3210822,4188477,4548514,523509.8,639735.2,1223525,4863,443253,313561,411885.9,302400
Q4 2017,28583.92,28491.65,2152894,479386,6448.501,3297543,4441260,4608455,535447.6,649882.2,1274392,4930.89,443253,313561,411885.9,302400
Q1 2018,28642.27,29030.87,2227609,495030,6672.577,3384264,4465776,4738456,550373.7,656480.2,1243884,5050.82,559981,334514,474025.9,348200
Q2 2018,29118.48,30786.56,2235564,536600,6725.331,3470986,4579083,4902818,561194.4,663057.7,1323098,5148.51,559981,334514,474025.9,348200
Q3 2018,30912.5,31232.9,2357613,542538,6936.239,3609311,4587774,4958485,586987.9,666243.6,1390359,5366.63,559981,334514,474025.9,348200
Q4 2018,31484.33,31993.12,2421845,557405,7036.273,3718227,4776859,4985776,586141.9,681868.8,1449146,5466.04,559981,334514,474025.9,348200
Q1 2019,32668.75,33138.12,2583521,579624,7112.815,3735105,5196823,5140647,623931.3,698104.8,1423080,5561.91,677925,411414,500806.4,398596
Q2 2019,33978.77,32518.57,2592363,604298,7169.576,3856215,5294830,5189348,676157.7,692628.5,1533467,5571.93,677925,411414,500806.4,398596
Q3 2019,35191.33,33610.64,2730810,603364,7404.333,3709246,5257760,5263748,701029.3,712737.6,1629336,5580.14,677925,411414,500806.4,398596
Q4 2019,35805.04,32772.64,2820578,580571,7570.648,3860883,5127600,5161102,755051.8,744323.6,1703206,5655.89,677925,411414,500806.4,398596
Q1 2020,37356.72,34399.7,2898440,626523,7665.72,3925286,5812867,5406064,808767.9,773401.9,1813920,5719.63,853515,395050,619591.9,381701
Q2 2020,39359.5,33648.19,3165510,644275,7804.246,3989688,6190040,5710764,983903.1,771148.2,2016998,6269.99,853515,395050,619591.9,381701
Q3 2020,42174.84,37545.14,3516707,654151,7891.506,4140185,6438378,6083708,1105747,804627.1,2207136,6648.12,853515,395050,619591.9,381701
Q4 2020,43891.49,38139.21,3926570,645181,7979.408,4290682,6694687,6135113,1060354,822182.2,2312105,6967.34,853515,395050,619591.9,381701
Q1 2021,44266.41,44755.27,4204309,667206,8272.637,4441179,7744607,6264754,1111242,837020.6,2451106,7278.13,938011,553349,724318.8,382041
Q2 2021,45759.44,47789.89,4326521,693348,8397.059,4591676,7938557,6283341,1135414,842841.2,2506500,7650.01,938011,553349,724318.8,382041
Q3 2021,47545.41,44359.44,4504843,704207,8778.214,4793670,8387753,6419814,1186718,831474.4,2629117,8083.8,938011,553349,724318.8,382041
Q4 2021,49873.13,46565.73,4723870,709686,8927.715,4995665,8170414,6417000,1321190,814932.5,2686358,8402.87,938011,553349,724318.8,382041
Q1 2022,51565.84,47590.54,4865973,731381,9423.832,5197660,8868651,6510167,1483012,791626.4,2737524,8682.56,990084,591859,872744.7,365200
Q2 2022,54721.53,54681.61,4899370,776154,9610.917,5399654,8767110,6724975,1610775,784884.2,2821518,8873.78,990084,591859,872744.7,365200
Q3 2022,55675.16,58799.11,5152783,803531,9849.632,5829616,9300660,6787315,1738252,805612.6,2993955,9032.03,990084,591859,872744.7,365200
Q4 2022,56761.7,58304.27,5365240,816970,10012.03,6259578,9208387,6737232,1905331,814270.9,3087884,9167.09,990084,591859,872744.7,365200
Q1 2023,59043.78,64793.76,5574427,844735,10635.97,6689541,9513160,6924039,2233435,874761.6,3085710,9342.36,1050282,612438,865358.3,338600
Q2 2023,60444.65,67700.61,5552098,858719,10924.17,7119503,9702829,7135165,2575632,876682.4,3189004,9427.68,1050282,612438,865358.3,338600
Q3 2023,63197.12,68586.7,5585369,870207,11403.29,7521432,9734356,7377401,2859751,908301.1,3385260,9662.62,1050282,612438,865358.3,338600
Q4 2023,66896.94,65553.7,5733976,886309,11447.42,7923360,10017930,7599058,3209252,914148.8,3417316,9611.4,1050282,612438,865358.3,338600
Q1 2024,68328.29,69187.06,5802160,928965,12225.22,8325289,10277490,7853619,3572412,940339.6,3564476,9984.84,1215918,708817,1022022,329200
Q2 2024,70288.95,74725.52,5900511,941343,12770.05,8727218,10573120,8173282,3891653,954492.8,3645892,10062.19,1215918,708817,1022022,329200
Q3 2024,74295.42,74514.86,6039937,940573,13330.72,9515000,10936260,8363192,4374225,947507.9,3715301,10173.28,1215918,708817,1022022,329200
Q4 2024,78144.98,81611.89,6167668,960279,13635.01,10280960,10930420,8411619,4959910,987366.2,3803148,10427.13,1215918,708817,1022022,329200