Month,China,Brazil,Indonesia,Egypt,South Korea,Malaysia,Mexico,Philippines,Thailand,Turkey,United States,Colombia,Saudi Arabia,Qatar,United Arab Emirates,South Africa,Chile
31.01.2000,,,,,9.28,6.106,6.58,14.9,7.85,,6.86,,,,,13.49,
29.02.2000,,,,,8.99,6.044,6.04,14.8,7.33,,6.54,,,,,13.5,
31.03.2000,,,,,9.06,6.013,5.91,14.6,7.3,,6.38,,,,,13.92,
28.04.2000,,,,,8.95,6.088,,13.9,7.25,,6.18,,,,,14.27,
31.05.2000,,,,,8.96,6.056,7.52,13.9,7.02,,6.55,,,,,14.79,
30.06.2000,,,,,8.66,5.915,7.64,14.3,6.38,,6.28,,,,,14.33,
31.07.2000,,,,,8,5.9,,14.1,5.84,,6.2,,,,,13.9,
31.08.2000,,,,,7.85,5.964,6.81,14.5,6.11,,6.02,,,,,13.52,
29.09.2000,,,,,7.96,5.941,6.48,14.6,6.18,,6.09,,,,,13.72,
31.10.2000,,,,,7.84,5.894,6.91,14.6,5.96,,6.04,,,,,13.72,
30.11.2000,,,,,7.31,5.769,,14.6,6.01,,5.98,,,,,13.4,
29.12.2000,,,,,6.79,5.694,6.78,14.6,5.85,,5.64,,,,,12.88,
31.01.2001,,,,,5.99,5.25,7.47,17.5,5.02,,5.65,,,,,12.61,
28.02.2001,,,,,5.43,4.85,,17.5,4,,5.62,,,,,11.97,
30.03.2001,,,,,5.84,4.694,7.68,17.5,4.96,,5.49,,,,,11.79,
30.04.2001,,,,,6.59,4.744,7.26,17.5,5.17,,5.78,,,,,12.17,
31.05.2001,,,,,6.46,4.625,6.34,17.5,5.36,,5.92,,,,,11.93,
29.06.2001,,,,,6.04,4.469,,17.5,6.01,,5.82,,,,,11.32,
31.07.2001,,,,,5.75,4.338,6.05,17.5,6.17,,5.75,,,,,10.9,
31.08.2001,,,,,5.15,4.2,6.25,17.5,6.48,,5.58,,,,,10.75,
28.09.2001,,,,,4.89,3.565,6.56,17.5,6.3,,5.53,,,,,10.81,
31.10.2001,,,,,4.74,3.445,,15.5,5.85,,5.34,,,,,10.73,
30.11.2001,,,,,5.34,3.505,6.26,16.5,5.25,,5.33,,,,,10.27,
31.12.2001,,,,,5.93,3.81,5.78,16.5,5.01,,5.76,,,,,11.63,
31.01.2002,,,,,6.08,4.37,5.29,16.5,4.77,,5.69,,,,,11.7214,
28.02.2002,,,,,5.92,4.458,,14,4.91,,5.61,,,,,11.9055,
29.03.2002,,,,,6.3,4.825,5.11,14,5.59,,5.93,,,,,12.6416,
30.04.2002,,,,,6.47,4.857,4.89,14,5.84,,5.85,,,,,12.511,
31.05.2002,,,,,6.3,4.707,,13,5.48,,5.81,,,,,11.6473,
28.06.2002,2.5302,,,,5.93,4.097,5.32,13,5.45,,5.65,,,,,11.5963,
31.07.2002,2.8701,,,,5.7,4.088,5.92,13,5.12,,5.51,,,2,,11.1257,
30.08.2002,2.8466,,,,5.37,4.05,5.8,13,4.75,,5.19,,,2,,11.0819,
30.09.2002,3.0807,29.394,,,5.37,3.872,,13,4.23,,4.87,19,,2,,11.3535,
31.10.2002,3.0678,22.411,,,5.39,3.862,6.06,13,4,,5,16.35,,2,,11.2452,
29.11.2002,3.322,,,,5.29,4.053,5.75,12.1,3.71,,5.04,15,,1.7,,10.8357,
31.12.2002,3.0991,20.811,,,5.28,4.058,,12.1,3.69,,5.01,15.7,,1.7,,10.4416,
31.01.2003,3.0571,27.075,,,4.96,3.775,5.5,12.1,3.36,,5.02,15.65,,1.7,,10.2055,
28.02.2003,3.0088,20.439,,,4.73,3.783,5.44,12.1,3.3,,4.87,16.5,,1.7,,9.9425,
31.03.2003,2.9631,29.394,,,4.78,3.722,5.13,12.1,3.34,,4.82,16.35,,1.7,,9.985,
30.04.2003,3.1206,22.411,,,4.6,3.628,,12.8,3.33,,4.91,15.55,,1.7,,9.9463,
30.05.2003,2.8974,20.843,12.01,,4.27,3.56,4.71,12.8,3.01,,4.52,15,,1.7,,9.771,
30.06.2003,2.9844,18.908,12.01,,4.07,3.532,4.19,11.8,2.57,,4.34,14.7,,1.53,,9.271,
31.07.2003,2.9021,17.866,12.01,,4.37,3.955,4.34,11.8,2.58,,4.92,14.97,,1.33,,9.5552,
29.08.2003,2.9398,15.892,12.01,,4.62,4.142,,11.8,2.89,,5.39,14.8,,1.33,,9.5781,
30.09.2003,3.4101,14.014,12.01,,4.25,4.228,4.08,11.8,3.35,,5.21,15.05,,1.33,,9.6005,
31.10.2003,3.6269,11.716,12.01,,4.28,4.608,3.89,11.8,3.97,,5.21,14.53,,1.33,,9.1313,
28.11.2003,3.7844,11.018,12.01,,4.77,4.867,,11,4.79,,5.17,14.11,,1.33,,9.2655,
31.12.2003,3.7547,11.091,12.01,,4.87,4.85,4,11,4.96,,5.11,14.1218,,1.33,,9.156,
30.01.2004,3.7596,12.204,12.01,,4.88,4.703,3.99,11,4.97,,5.01,13.885,,1.33,,9.1743,
27.02.2004,3.9484,10.994,12.01,,4.83,5.075,4.07,11,4.57,,4.94,12.991,,1.33,,9.4045,
31.03.2004,3.9796,10.511,12.01,,4.58,5.083,,11,4.18,,4.72,12.11,,1.33,,9.5832,
30.04.2004,4.0923,9.734,12.01,,4.54,5.1,4.21,11,4.7,,5.16,13.181,,1.33,,9.8522,
31.05.2004,4.1147,8.97,12.01,,4.39,5.168,5.12,11,4.99,,5.46,13.912,,1.33,,10.2595,
30.06.2004,4.5477,8.204,12.01,,4.28,5.192,,11,5.13,,5.45,14.11,,1.33,,10.3843,
30.07.2004,4.6443,8.614,12.01,,4.19,5.125,5.59,11,5.11,,5.24,14.301,,1.58,,10.0632,6.4318
31.08.2004,4.9509,9.526,11.77,,3.82,5.117,5.29,11,5.06,,5.07,13.61,,1.85,,9.7252,6.3052
30.09.2004,4.7902,8.996,11.13,,3.59,5.087,5,11,4.86,,4.89,13.55,,2.1,,9.3048,6.1805
29.10.2004,4.791,10.738,11.148,,3.54,4.917,4.74,11,4.92,,4.85,13.221,,2.1,,9.1829,6.5684
30.11.2004,4.7532,11.446,11.148,,3.42,4.658,4.96,11,5,,4.89,12.84,,2.35,,8.9409,6.1901
31.12.2004,4.5326,10.875,11.148,,3.28,4.74,4.88,11,4.86,,4.88,12.57,,2.6,,8.3086,6.0057
31.01.2005,4.6468,10.121,9.997,,3.65,4.625,5.16,11,4.89,,4.77,12.08,,2.6,,8.1976,5.9714
28.02.2005,4.6717,9.355,10.184,,4.19,4.508,5.07,12.4,4.84,,4.61,11.83,,2.8,,7.8455,5.9147
31.03.2005,4.4108,8.696,10.568,,4.04,4.7,5.08,12.4,4.68,,4.89,12.404,,3.05,,8.2085,6.0353
29.04.2005,4.3572,8.751,11.212,,3.86,4.625,5.99,12.4,4.51,,4.75,11.992,,3.05,,8.4395,6.087
31.05.2005,4.1333,8.315,11.129,,3.71,4.388,5.67,12.4,4.28,,4.56,11.688,,3.3,,8.389,5.8785
30.06.2005,3.8738,7.704,11.358,,3.79,4.25,5.03,12.4,4.06,,4.35,10.958,,3.3,,8.0624,5.6936
29.07.2005,3.5476,8.101,11.872,,4.12,4.192,4.9,12.4,4.39,,4.48,10.29,,3.55,,8.0838,5.804
31.08.2005,3.5175,7.912,14.011,,4.33,4.045,4.75,11.9,4.92,,4.53,10.052,,3.8,,7.8841,5.7811
30.09.2005,3.3246,8.862,14.636,,4.52,3.953,4.18,11.9,5.17,,4.51,8.293,,4.05,,8.0586,5.847
31.10.2005,3.174,8.509,14.435,,4.81,4.173,4.4,11.9,6.08,,4.74,9.067,,4.2,,8.1281,6.2424
30.11.2005,3.2928,7.851,14.085,,5.1,4.284,4.51,11.9,6.4,,4.83,8.834,,4.25,,7.9327,6.5262
30.12.2005,3.3013,7.634,13.605,,5.06,4.238,4.3,10.1,5.8,,4.73,8.671,,4.5,,7.5745,6.3024
31.01.2006,3.1338,7.946,13.126,,5.02,4.098,4.09,9.3,5.5,,4.65,7.951,,4.5,,7.4057,6.1948
28.02.2006,2.97,7.802,12.695,,4.87,4.143,4.09,9.3,5.46,,4.73,7.034,,4.75,,7.283,6.258
31.03.2006,2.9476,7.224,12.324,,4.93,4.123,4.06,7.5,5.36,,4.91,7.756,,4.75,,7.371,6.2989
28.04.2006,3.0473,7.645,11.85,,4.95,4.482,4.25,7,5.71,,5.22,8.916,,5,,7.4529,6.3074
31.05.2006,3.0468,7.493,12.476,,4.78,4.892,4.4,7,5.51,,5.35,10.151,,5.25,,7.6227,6.3195
30.06.2006,3.1322,6.904,12.636,,4.89,5.047,5,7,5.59,,5.29,10.8,,5.25,,8.1967,6.4445
31.07.2006,3.3897,6.617,11.977,,4.89,4.715,4.47,7,5.61,,5.25,9.94,,5.5,,8.5648,6.5486
31.08.2006,3.3227,13.84,11.754,,4.77,4.35,4.04,7,5.46,,5.08,9.38,,5.5,,8.6227,6.3477
29.09.2006,3.3023,14.496,11.002,,4.69,4.158,4,9.1,5.21,,4.93,9.68,,5.5,,8.6515,6.02
31.10.2006,2.9664,14.561,10.413,,4.62,3.979,4.04,9.1,5.18,,4.94,9.299,5.1208,5.5,,8.3832,5.8696
30.11.2006,3.019,16.906,10.646,,4.72,3.798,3.95,9.1,4.99,,4.78,9.36,5.0392,5.5,,7.8664,5.6003
29.12.2006,3.082,15.953,10.357,,4.82,3.778,3.66,9.1,5.04,,4.78,9.006,4.8572,5.5,,7.7979,5.6075
31.01.2007,3.08,15.496,9.909,,4.97,3.877,3.54,9.1,5.02,,4.95,9.34,4.9681,5.5,,7.6368,5.4939
28.02.2007,3.132,14.854,10.109,,4.91,3.768,3.8,9.1,4.63,,4.93,9.8,5.2413,5.5,,7.518,5.519
30.03.2007,3.398,14.645,9.917,,4.79,3.507,3.71,9.1,4.29,,4.81,9.1,5.0513,5.5,,7.5919,5.5025
30.04.2007,3.641,13.51,9.598,,4.94,3.497,3.52,9.1,4.05,,4.95,10.229,5.0506,5.5,,7.6422,5.6329
31.05.2007,4.299,12.65,8.816,,5.1,3.51,3.57,9.1,3.7,,4.98,9.88,5.045,5.5,,7.59,6.0721
29.06.2007,4.285,11.98,9.002,,5.24,3.538,3.58,9.1,4.32,,5.29,9.919,5.0388,5.5,,8.091,6.4879
31.07.2007,4.361,11.775,9.115,,5.35,3.667,3.43,9.1,4.6,,5.19,9.915,5.03,5.5,,8.3386,6.5311
31.08.2007,4.398,10.78,9.717,,5.28,3.703,3.65,7.8,4.74,,5,10.54,5.0338,5.5,,8.3795,6.4472
28.09.2007,4.33,10.085,9.179,,5.39,3.696,3.63,7.8,4.67,,4.84,10.182,5.09,5.5,,8.43,6.3684
31.10.2007,4.604,10.72,9.175,,5.42,3.713,3.73,7.8,4.86,,4.83,10.153,4.9975,5.5,,8.1174,6.3535
30.11.2007,4.601,11.158,10.516,,5.54,4.005,3.71,7.8,5.14,,4.56,10.11,4.28,5.5,4.75,8.1873,6.2229
31.12.2007,4.47,13.187,10.081,,5.89,4.142,3.7,7.8,5.13,,4.57,10.3,4.035,5.5,4.25,8.3288,6.3632
31.01.2008,4.28,13.018,9.892,,5.44,3.653,3.8,5.9,4.51,,4.35,11.091,2.9961,5.5,3,8.3455,6.5541
29.02.2008,4.08,12.437,10.176,,5.06,3.701,3.65,5.9,4.26,,4.49,11.565,2.9961,5.5,3,8.7,6.3438
31.03.2008,4.19,13.308,11.689,,5.15,3.8,3.52,7.8,4.45,,4.36,11.6,2.26,5.5,2.25,9.1626,6.5325
30.04.2008,4.0799,13.59,12.851,,4.98,3.79,3.6,7.8,4.65,,4.44,10.955,1.9468,5.5,2.25,9.1638,6.5406
30.05.2008,4.176,13.461,12.835,,5.28,4.018,3.81,7.8,4.94,,4.6,11.595,2.3345,5.5,2,9.508,7.0176
30.06.2008,4.4506,14.878,13.427,,5.7,4.858,4.19,7.8,5.83,,4.74,12.719,3.2117,5.5,2,10.3465,7.5673
31.07.2008,4.5871,13.739,11.935,,5.96,4.805,4.22,7.8,5.59,,4.62,12.57,3.7181,5.5,2,10.123,7.8046
29.08.2008,4.2699,13.584,12.201,,5.77,4.762,3.94,7.8,4.87,,4.53,11.37,4.012,5.5,2,9.1971,7.8889
30.09.2008,3.7037,14.07,13.274,,5.81,4.583,4.03,7.8,4.56,,4.32,12,4.3236,5.5,2,9.051,7.6537
31.10.2008,3.0698,17.33,17.247,,5.09,4.297,4.35,7.8,4.29,,4.45,13.21,4.5692,5.5,1.5,9.1752,6.8224
28.11.2008,3.2998,16.94,15.702,,4.97,3.7,4.89,8.9,3.9,,4.27,12.259,3.9087,5.5,1.5,8.6065,6.5324
31.12.2008,2.7495,12.56,11.916,,3.97,3.218,4.44,8.9,2.84,,3.18,10.631,3.1382,5.5,1.5,7.7135,6.0831
30.01.2009,3.0994,12.97,11.857,,3.44,3.105,3.8,8.9,3.24,,3.46,9.69,1.7704,5.5,1,7.803,5.5712
27.02.2009,3.1001,12.06,14.17,,3.78,4.028,4.35,7.9,3.61,,3.83,9.521,1.1519,5.5,1,8.2355,4.8445
31.03.2009,3.16,12.36,12.69,,3.69,3.823,4.74,7.9,3.9,,3.78,9.685,1.1495,5.5,1,8.3859,4.8865
30.04.2009,3.1801,13.09,12.034,,3.76,3.998,3.76,7.9,3.54,,3.84,8.94,1.0422,5.5,1,8.5478,5.4408
29.05.2009,3.06,11.98,10.51,,3.83,4.293,3.94,7.9,3.79,,4.22,8.89,0.8866,5.5,1,8.7005,5.6873
30.06.2009,3.28,12.82,11.022,,4.09,4.37,4.16,7.9,3.96,,4.51,9.231,0.7405,5.5,1,8.8762,5.8901
31.07.2009,3.55,12.81,10.095,,4.09,4.271,3.92,7.9,3.74,,4.38,8.87,0.6474,5.5,1,9.1065,5.7457
31.08.2009,3.55,12.87,10.54,,4.42,4.168,3.68,7.9,3.93,,4.33,9.46,0.6452,5.5,1,8.7905,5.6088
30.09.2009,3.54,12.81,9.971,,4.4,4.175,3.66,7.9,4.03,,4.14,8.91,0.6499,5.5,1,8.702,5.8528
30.10.2009,3.7,13.261,10.229,,4.47,4.271,3.29,7.9,4.29,,4.16,8.396,0.7154,5.5,1,9.095,5.9805
30.11.2009,3.56,12.507,10.207,,4.32,4.236,3.44,7.9,4.46,,4.24,7.906,0.7687,5.5,1,9.0162,6.1644
31.12.2009,3.6,13.37,10.099,,4.24,4.286,3.35,7.9,4.37,,4.4,8.498,0.7679,5.5,1,9.0352,6.3108
29.01.2010,3.6,,9.814,,4.29,4.282,3.36,7.9,4.17,11.18,4.5,8.766,0.772,5.5,1,9.227,6.389
26.02.2010,3.55,,9.846,,4.19,4.257,3.29,7.8,4.05,10.88,4.48,9.041,0.7698,5.5,1,9.1145,6.3957
31.03.2010,3.58,,9.201,,3.94,4.159,3.31,7.8,4.05,10.55,4.49,8.781,0.7393,5.5,1,8.9373,6.4672
30.04.2010,3.34,,8.567,,3.77,4.063,3.4,7.8,3.8,10.73,4.53,8.045,0.7257,5.5,1,8.7558,6.4726
31.05.2010,3.31,,8.864,,3.7,4.053,3.4,7.8,3.69,10.75,4.11,8.008,0.7267,5.5,1,8.9352,6.3643
30.06.2010,3.33,12.788,8.185,,3.75,3.957,2.87,7.8,3.42,9.82,3.95,7.751,0.7261,5.5,1,8.9752,6.3658
30.07.2010,3.31,12.01,8.004,,3.88,3.918,,7.8,3.41,9.04,3.8,7.421,0.7258,5.5,1,8.805,6.2571
31.08.2010,3.2211,11.51,8.341,13.05,3.73,3.714,2.17,7.8,3.31,9.04,3.52,7.1,0.7201,5.5,1,8.1852,5.9755
30.09.2010,3.3212,12.02,7.654,13,3.48,3.625,2.2,6.1,3.1,9,3.47,7.27,0.72,5.5,1,7.9152,5.9632
29.10.2010,3.67,11.92,7.546,13,3.24,3.861,1.97,6.1,3.03,8.51,3.52,7.001,0.7286,5.5,1,8.0281,6.102
30.11.2010,3.9,12.438,7.405,12.95,3.4,3.825,2.02,6.1,3.48,9.14,3.82,7.59,0.7286,5.5,1,8.1159,6.1682
31.12.2010,3.9,12.438,7.603,13,3.25,4.038,2.71,6.1,3.74,8.61,4.17,7.681,0.7476,5.5,1,8.3905,6.1139
31.01.2011,3.89,12.438,8.881,13,3.71,4.059,,6.1,3.79,9.67,4.28,7.931,0.75,5.5,1,8.4762,6.5611
28.02.2011,3.94,12.438,8.845,13.063,3.94,4.066,,6.1,3.88,9.7,4.42,8.351,0.75,5.5,1,8.7015,6.8721
31.03.2011,3.9,12.438,8.174,14.288,3.74,4.101,,6.1,3.83,9.53,4.27,8.301,0.75,5.5,1,8.9464,6.58
29.04.2011,3.88,12.438,7.773,14.6,3.74,4.032,3.16,6.5,3.72,9.35,4.28,8.302,0.75,5,1,8.725,6.4166
31.05.2011,3.84,12.547,7.395,14,3.66,4.004,3.1,6.5,3.79,9.65,4.01,8.041,0.7337,5,1,8.56,6.2849
30.06.2011,3.88,12.463,7.572,13.75,3.65,3.929,2.85,6.5,3.8,9.67,3.91,7.605,0.6608,5,1,8.499,6.2702
29.07.2011,4.12,12.81,7.114,13.85,3.77,3.877,2.55,6.5,4.01,9.7,3.95,7.5,0.6123,5,1,8.5401,6.1795
31.08.2011,4,11.643,6.804,15.5,3.57,3.644,2.04,6.5,3.6,8.97,3.24,7.21,0.6,4.5,1,8.1236,5.565
30.09.2011,3.87,11.619,6.697,15.25,3.45,3.702,2.45,6.5,3.68,9.61,2.83,7.531,0.6002,4.5,1,8.2209,5.0523
31.10.2011,3.81,11.45,6.297,15.5,3.47,3.75,2.5,6.5,3.51,9.74,2.87,7.449,0.6645,4.5,1,8.41,5.1009
30.11.2011,3.62,11.104,6.882,15.5,3.39,3.748,2.22,5.8,3.43,9.93,2.72,7.64,0.7122,4.5,1,8.45,5.4622
30.12.2011,3.55,11.12,6.019,,3.36,3.699,2.46,5.8,3.28,10,2.67,7.63,0.7499,4.5,1,8.5163,5.291
31.01.2012,3.4,11.23,5.307,14.2,3.37,3.557,2.58,5.8,3.23,9.76,2.7,7.25,0.7965,4.5,1,8.439,5.0726
29.02.2012,3.55,11.394,5.616,15,3.43,3.457,2.19,5.8,3.33,9.49,2.75,7.218,0.8352,4.5,1,8.2176,5.2944
30.03.2012,3.55,11.244,5.917,14.5,3.55,3.678,2.52,5.8,3.69,9.64,2.94,7.105,0.8651,4.5,1,8.3686,5.7868
30.04.2012,3.55,10.71,5.962,17,3.5,3.576,2.26,5.8,3.82,9.26,2.82,6.99,0.889,4.5,1,8.2894,5.8222
31.05.2012,3.5,10.472,6.516,17,3.38,3.558,2.2,5.8,3.82,9.26,2.53,7,0.9063,4.5,1,8.288,5.5097
29.06.2012,3.37,9.92,6.112,17,3.29,3.516,1.62,5.8,3.62,8.77,2.31,6.824,0.9233,4.5,1,8.1767,5.3534
31.07.2012,3.33,9.46,5.686,17,3.01,3.411,,4.9,3.42,7.98,2.22,6.65,0.9441,4.5,1,7.555,5.2079
31.08.2012,3.45,9.57,6.247,17,2.83,3.485,,4.9,3.37,8.17,2.4,6.628,0.9505,4.5,1,7.4655,5.3164
28.09.2012,3.47,9.785,5.973,17.25,2.81,3.554,,4.8,3.62,8.11,2.49,6.3,0.9556,4.5,1,7.3942,5.3525
31.10.2012,3.57,9.23,5.705,16.2,2.78,3.467,1.25,4.8,3.47,7.96,2.51,6.1,0.9662,4.5,1,7.6661,5.4061
30.11.2012,3.57,9.443,5.429,16.7,2.8,3.494,1.6,4.8,3.46,6.87,2.39,5.914,0.9737,4.5,1,7.6318,5.4762
31.12.2012,3.575,9.18,5.167,16.7,2.85,3.503,1.49,4,3.55,6.55,2.47,5.548,0.9903,4.5,1,7.3417,5.5086
31.01.2013,3.6,9.537,5.343,16.35,2.75,3.517,1.56,4.8,3.65,6.7,2.68,5.079,0.9957,4.5,1,7.2532,5.6172
28.02.2013,3.6,9.46,5.416,16.45,2.7,3.472,1.56,4,3.6,6.7,2.78,4.865,0.9828,4.5,1,7.2795,5.6699
29.03.2013,3.444,10.1,5.522,16.7,2.6,3.473,1.41,4,3.6,7.04,2.78,4.793,0.9493,4.5,1,7.3974,5.6003
30.04.2013,3.5,9.6,5.494,16.7,2.55,3.373,1.1,4,3.45,6.17,2.55,4.881,0.9461,4.5,1,6.9971,5.2811
31.05.2013,3.445,10.52,6.099,16.65,2.59,3.425,1.36,4,3.38,6.77,2.73,6.025,0.9656,4.5,1,6.9036,5.1667
28.06.2013,3.6,11.18,7.116,16.65,2.87,3.633,1.8,4,3.79,8.56,3.07,6.925,0.9628,4.5,1,7.9526,5.2759
31.07.2013,3.6,10.91,7.871,16.65,2.91,4.102,2,4,3.79,9.14,3.31,7.09,0.9617,4.5,1,7.9709,5.2948
30.08.2013,4.05,11.98,8.611,16.4,2.94,4.056,2.15,4,4.08,10.03,3.49,7.372,0.9581,4.5,1,8.3648,5.2698
30.09.2013,4.05,11.7,8.49,16.55,2.9,3.74,2.34,4,4.21,8.98,3.53,6.914,0.9548,4.5,1,8.1695,5.2662
31.10.2013,4.22,11.73,7.416,16.1,2.83,3.602,2.11,4,3.89,8.75,3.38,6.73,0.9575,4.5,1,7.8948,5.1595
29.11.2013,4.397,12.94,8.691,14.5,2.94,4.076,2.35,4,4.09,9.17,3.5,6.758,0.9583,4.5,1,8.1833,4.9646
31.12.2013,4.63,13.21,8.44,14.5,2.94,4.128,2.54,4,4.07,10.27,3.63,6.832,0.8462,4.5,1,8.2684,5.1389
31.01.2014,4.55,13.4,8.887,15.1,2.89,4.246,2.62,4,4.02,10.1,3.52,7.19,0.958,4.5,1,8.4068,5.0569
28.02.2014,4.42,12.7,8.389,15.05,2.85,4.118,2.6,4,3.91,10.27,3.38,7.267,0.9521,4.5,1,8.6635,5
31.03.2014,4.48,12.8,7.969,15.15,2.87,4.109,2.61,4,3.8,10.02,3.35,6.534,0.9514,4.5,1,8.52,5.0187
30.04.2014,4.33,12.44,7.934,15.4,2.88,4.073,2.75,4,3.68,9.18,3.27,6.42,0.9516,4.5,1,8.4153,4.9144
30.05.2014,4.16,12.105,8.061,15.5,2.84,4.033,2.48,4,3.64,8.98,3.12,6.261,0.9516,4.5,1,8.16,4.9596
30.06.2014,4.06,12.2,8.241,15.45,2.75,4.043,2.38,4,3.76,8.74,3.15,6.59,0.952,4.5,1,8.331,4.8564
31.07.2014,4.298,12.02,8.025,15.85,2.56,3.882,2.43,4,3.7,8.88,3.07,6.548,0.95,4.5,1,8.2557,4.6625
29.08.2014,4.248,11.18,8.22,15.9,2.54,3.917,2.36,4,3.57,8.93,2.94,6.46,0.9474,4.5,1,8.2305,4.3424
30.09.2014,4.028,12.35,8.397,15.95,2.41,3.921,2.51,4,3.56,9.72,3.01,6.84,0.9404,4.5,1,8.1529,4.5903
31.10.2014,3.786,12.07,8.049,15.98,2.24,3.831,2.64,4,3.32,8.48,2.77,6.661,0.9211,4.5,1,8.0622,4.6334
28.11.2014,3.546,11.825,7.696,15.98,2.14,3.853,2.68,4,3.04,7.6,2.76,6.585,0.8915,4.5,1,7.846,4.4416
31.12.2014,3.648,12.425,7.853,14.9,2.14,4.147,2.65,4,2.87,8.09,2.55,7.178,0.8622,4.5,1,7.8825,4.3632
30.01.2015,3.514,11.97,7.041,14.65,2.04,3.831,2.52,4,2.55,6.99,2.2,6.485,0.8564,4.5,1,7.4648,4.1841
27.02.2015,3.375,12.43,6.902,14.2,2.02,3.869,2.62,4,2.7,8.21,2.34,6.531,0.8169,4.5,1,7.49,4.2032
31.03.2015,3.623,13.05,7.411,14.45,1.87,3.894,2.82,4,2.72,8.21,2.41,6.97,0.7753,4.5,1,7.8082,4.3423
30.04.2015,3.422,12.84,7.692,14.35,1.74,3.852,2.86,4,2.62,9.14,2.33,6.722,0.7727,4.5,1,7.8232,4.4925
29.05.2015,3.591,12.23,8.166,14.55,1.88,3.918,2.88,4,2.81,8.96,2.69,6.88,0.7741,4.5,1,8.0725,4.5562
30.06.2015,3.629,12.63,8.38,14.65,1.77,4.032,2.99,4,2.97,9.19,2.85,7.248,0.775,4.5,1,8.3267,4.6532
31.07.2015,3.474,12.98,8.603,15.5,1.78,4.08,2.91,4,2.84,9.34,2.77,7.135,0.7769,4.5,1,8.1822,4.5509
31.08.2015,3.394,14.28,8.786,15.4,1.74,4.396,3,4,2.76,9.94,2.55,7.65,0.8254,4.5,1,8.2635,4.5144
30.09.2015,3.276,15.72,9.624,15.1,1.65,4.151,2.99,4,2.88,10.76,2.62,8.029,0.8824,4.5,1,8.4605,4.6074
30.10.2015,3.087,15.89,8.803,15.41,1.63,4.126,2.99,4,2.65,9.54,2.5,7.76,0.9336,4.5,1,8.2736,4.4662
30.11.2015,3.088,15.815,8.605,15.25,1.75,4.199,3.02,4,2.7,9.9,2.69,8.14,1.0347,4.5,1,8.491,4.566
31.12.2015,2.862,16.49,8.872,15.54,1.72,4.186,3.27,4,2.61,10.47,2.61,8.274,1.3329,4.5,1,9.2538,4.6262
29.01.2016,2.911,16,8.277,15.77,1.63,3.85,3.22,3.6,2.53,10.54,2.49,8.6,1.6408,4.5,1,9.6315,4.5636
29.02.2016,2.909,15.935,8.244,15.85,1.47,3.93,3.2,3.6,2.15,10.32,2.2,8.7,1.7338,4.5,1,9.2219,4.4464
31.03.2016,2.886,13.82,7.713,17.15,1.5,3.802,3.02,3.6,1.88,9.71,2.28,7.96,1.7726,4.5,1,9.266,4.4398
29.04.2016,2.946,12.48,7.715,17.29,1.47,3.901,3.07,3.6,1.72,9.04,2.21,8.18,1.9122,4.5,1,9.067,4.3926
31.05.2016,2.995,13.06,7.865,17.24,1.46,3.928,3.13,3.6,1.98,9.69,2.22,8.06,2.0985,4.5,1,9.289,4.5018
30.06.2016,2.875,12.19,7.462,17.97,1.33,3.744,3.13,3.6,2.13,9.03,2.02,7.62,2.2078,4.5,1,9.0629,4.5455
29.07.2016,2.805,11.83,6.944,17.81,1.22,3.586,2.57,3.6,2.04,9.51,1.82,7.63,2.2262,4.5,1,8.729,4.4068
31.08.2016,2.805,12.11,7.138,17.59,1.24,3.589,2.62,3.6,2.12,9.6,1.89,7.5,2.271,4.5,1,8.6333,4.2891
30.09.2016,2.769,11.63,7.069,17.5,1.31,3.551,2.7,3.5,2.19,9.5,2.02,7.03,2.3445,4.5,1,8.675,4.2239
31.10.2016,2.744,11.47,7.259,17.58,1.36,3.614,2.74,3.5,2.17,9.82,2.17,7.37,2.3716,4.5,1,8.7681,4.2031
30.11.2016,2.94,11.9,8.184,17.02,1.61,4.405,3.08,3.5,2.42,10.85,2.54,7.31,2.1739,4.5,1,8.9041,4.477
30.12.2016,3.066,11.46,7.941,17.15,1.69,4.228,3.18,3.5,2.8,11.09,2.84,7.115,2.0409,4.75,1,8.9542,4.3739
31.01.2017,3.363,10.935,7.638,17.35,1.64,4.148,3.02,3.5,2.72,10.69,2.75,6.87,2.0209,4.75,1,8.7652,4.1673
28.02.2017,3.358,10.25,7.542,16.95,1.67,4.056,3.28,3.5,2.74,10.6,2.76,7.07,1.893,4.75,1,8.7525,4.1522
31.03.2017,3.31,10.11,7.029,17.42,1.71,4.149,3.42,3.5,2.81,10.65,2.83,6.67,1.7457,5,1.25,8.6159,4.2012
28.04.2017,3.477,10.315,7.031,17.13,1.68,4.046,3.46,3.5,2.72,10.23,2.67,6.26,1.7468,5,1.25,8.8312,3.9007
31.05.2017,3.67,10.74,6.951,18.58,1.69,3.88,3.36,4.8,2.76,10.19,2.7,6.216,1.7263,5,1.25,8.6509,4.0268
30.06.2017,3.578,10.53,6.811,18.37,1.67,3.928,3.24,4.8,2.57,10.28,2.54,6.488,1.75,5,1.5,9.021,4.0102
31.07.2017,3.629,10.015,6.948,17.81,1.74,3.993,3.31,4.8,2.55,10.34,2.65,6.808,1.7934,5,1.5,9.241,4.221
31.08.2017,3.675,9.955,6.683,16.84,1.78,3.904,3.19,4.8,2.47,10.36,2.55,6.727,1.7968,5,1.5,9.1173,4.3284
29.09.2017,3.638,9.745,6.496,15.45,1.79,3.926,3.2,4.8,2.41,10.69,2.53,6.524,1.7936,5,1.5,9.025,4.3179
31.10.2017,3.916,9.9,6.805,15.65,2.03,3.948,3.23,4.8,2.42,11.51,2.65,6.65,1.7923,5,1.5,9.3577,4.4886
30.11.2017,3.917,10.39,6.511,16.21,2.15,3.909,3.45,4.8,2.49,12.01,2.6,6.46,1.8078,5,1.5,9.7709,4.5084
29.12.2017,3.915,10.27,6.307,16.18,2.1,3.914,3.68,4.8,2.58,11.43,2.6,6.464,1.8735,5,1.75,9.4995,4.6169
31.01.2018,3.944,9.72,6.318,14.75,2.19,3.956,3.62,4.8,2.49,11.4,2.73,6.33,1.8929,5,1.75,9.076,4.5238
28.02.2018,3.857,9.62,6.595,14.8,2.28,4.041,3.78,4.8,2.55,11.58,3.02,6.62,1.8952,5,1.75,8.746,4.5465
30.03.2018,3.778,9.455,6.669,14.825,2.27,3.946,3.77,6.3,2.56,12.19,2.97,6.36,2.0745,5,2,8.497,4.4933
30.04.2018,3.653,9.67,6.906,14.915,2.19,4.139,3.72,6.3,2.58,12.24,2.96,6.43,2.3227,5,2,8.48,4.4179
31.05.2018,3.646,11.22,7.06,15.32,2.25,4.196,3.75,6.3,2.76,13.85,3.05,6.65,2.4163,5,2,8.8268,4.5023
29.06.2018,3.543,11.62,7.803,16.95,2.18,4.2,3.75,6.3,2.8,16.3,2.98,6.6,2.5046,5,2.25,9.2971,4.5765
31.07.2018,3.533,11.09,7.755,17.11,2.1,4.075,3.51,6.3,2.76,17.94,2.94,6.854,2.6075,5,2.25,9.0918,4.5649
31.08.2018,3.6,12.19,8.127,18.15,2.02,4.039,3.55,6.3,2.73,20.7,2.97,6.86,2.6079,5,2.25,9.2809,4.478
28.09.2018,3.655,11.635,8.208,18.72,1.95,4.071,3.72,6.3,2.81,17.31,3.08,6.888,2.6422,5,2.5,9.5263,4.501
31.10.2018,3.533,10.24,8.601,18.05,2.01,4.099,3.72,6.3,2.85,17.73,3.27,7.174,2.7386,5,2.5,9.6239,4.5687
30.11.2018,3.398,9.93,7.866,17.8,1.94,4.14,4.27,6.3,2.77,16.2,3.27,6.989,2.8052,5,2.5,9.55,4.4616
31.12.2018,3.273,9.27,7.982,18.106,1.83,4.08,4.14,6.3,2.59,15.83,2.98,6.72,2.9041,5,2.75,9.535,4.3399
31.01.2019,3.13,8.87,8.051,17.75,1.81,4.069,4.29,6.9,2.48,13.84,2.89,6.64,2.9709,5,2.75,9.2964,4.4906
28.02.2019,3.208,9.02,7.801,17.6,1.8,3.895,4.11,6.9,2.49,14.47,2.87,6.682,2.9403,5,2.75,9.261,4.3913
29.03.2019,3.075,8.985,7.665,16.6,1.79,3.765,4,6.9,2.55,17.86,2.8,6.429,2.8917,5,2.75,9.2375,4.2571
30.04.2019,3.416,8.965,7.801,16.3,1.74,3.793,3.79,6.9,2.54,18.95,2.76,6.58,2.8576,5,2.75,9.063,4.1179
31.05.2019,3.297,8.47,8.023,15.964,1.68,3.797,3.84,6.9,2.52,18.16,2.63,6.409,2.8507,5,2.75,9.1024,4.0437
28.06.2019,3.279,7.47,7.369,15.73,1.5,3.642,3.5,6.9,2.23,16.2,2.36,5.93,2.7564,5,2.75,9.0263,3.4811
31.07.2019,3.183,7.25,7.378,15.73,1.38,3.592,3.41,6.9,2,14.91,2.36,5.824,2.6802,5,2.5,8.7803,3.1573
30.08.2019,3.068,7.44,7.354,14.71,1.16,3.307,3.46,6.9,1.56,15.69,1.91,5.888,2.479,4.75,2.5,9.031,2.7041
30.09.2019,3.155,7.045,7.296,13.9,1.29,3.347,3.21,6.9,1.54,13.2,1.97,5.805,2.3822,4.75,2.25,8.8935,2.7105
31.10.2019,3.281,6.44,7.005,14.16,1.36,3.441,3.23,6.9,1.52,12.67,2,5.815,2.3053,4.5,2,8.9274,2.9438
29.11.2019,3.192,6.925,7.074,13.883,1.49,3.429,3.38,6.9,1.66,12.18,2.13,6.25,2.2303,4.5,2,9.1343,3.3373
31.12.2019,3.173,6.805,7.098,13.702,1.39,3.313,3.4,6.9,1.56,12,2.16,6.078,2.2375,4.5,2,9.1179,3.3
31.01.2020,3.05,6.7,6.645,13.65,1.37,3.133,3.26,6.9,1.4,10,2.07,5.64,2.217,4.5,2,9.0168,3.3015
28.02.2020,2.798,6.78,6.887,13.65,1.25,2.828,3.08,6.9,1.17,12.8,1.81,5.835,2.1397,4.5,2,8.935,3.4881
31.03.2020,2.663,7.65,7.907,14.954,1.09,3.357,,6.9,1.29,13.12,1.26,7,1.3019,2.5,0.75,10.852,3.4105
30.04.2020,2.51,7.54,7.892,13.6,1.02,2.865,3.5,6.9,1.39,11.46,1.06,6.7,1.2281,2.5,0.75,11.2326,3.0485
29.05.2020,2.707,6.96,7.34,13.998,0.88,2.807,2.75,6.9,1.17,12.24,1.12,5.5,1.1293,2.5,0.75,10.074,2.3971
30.06.2020,2.895,6.7,7.215,14.089,0.85,2.867,2.43,3.6,1.31,11.5,1.27,5.745,1.0264,2.5,0.75,9.9581,2.4289
31.07.2020,2.973,6.285,6.825,14.459,0.83,2.554,2.23,2.9,1.33,12.7,1.09,5.235,0.9557,2.5,0.6,10.2652,2.5045
31.08.2020,3.053,6.92,6.864,14.747,0.83,2.616,2.24,2.9,1.36,13.56,1.14,5.201,0.9106,2.5,0.6,10.1865,2.4326
30.09.2020,3.155,7.44,6.93,14.578,0.91,2.661,2.01,2.9,1.42,12.93,1.21,5.08,0.8817,2.5,0.6,10.2157,2.5884
30.10.2020,3.192,7.61,6.609,14.687,0.91,2.623,2.14,3.6,1.4,14.1,1.34,5.26,0.856,2.5,0.6,10.3886,2.6064
30.11.2020,3.28,7.62,6.188,14.478,0.97,2.741,2.25,3.6,1.41,11.93,1.4,4.937,0.8378,2.5,0.6,9.9652,2.6281
31.12.2020,3.203,6.98,6.097,14.481,0.97,2.651,1.93,4.8,1.33,12.51,1.47,4.84,0.8233,2.5,0.6,9.789,2.7481
29.01.2021,3.227,7.58,6.257,14.481,0.98,2.705,1.61,4.8,1.33,12.57,1.63,4.84,0.8171,2.5,0.6,9.7115,2.6446
26.02.2021,3.289,8.19,6.598,14.649,1,3.087,1.82,2.9,1.45,12.98,1.88,5.35,0.8078,2.5,0.6,9.5045,2.7169
31.03.2021,3.201,8.89,6.814,14.915,1.13,3.27,2.6,2.9,1.93,18.08,2.24,6.37,0.7968,2.5,0.6,10.0877,3.1756
30.04.2021,3.176,9.125,6.476,14.853,1.14,3.148,2.85,2.9,1.89,17.72,2.2,6.34,0.797,2.5,0.6,10.0289,3.5542
31.05.2021,3.077,9.14,6.445,14.894,1.13,3.238,2.9,2.9,1.8,17.82,2.22,7.18,0.7921,2.5,0.6,9.8167,3.7112
30.06.2021,3.083,9.115,6.63,14.823,1.3,3.285,2.68,4.8,1.83,16.68,2.09,7.115,0.792,2.5,0.65,9.5267,4.2633
30.07.2021,2.845,9.12,6.307,15.316,1.42,3.172,2.84,4,1.67,16.57,1.87,6.91,0.7931,2.5,0.15,9.6236,4.4876
31.08.2021,2.857,10.55,6.077,15.272,1.41,3.208,2.72,4,1.56,16.47,1.83,6.91,0.7951,2.5,0.15,9.5676,4.7048
30.09.2021,2.874,11.165,6.35,14.88,1.52,3.381,2.87,4,1.73,17.73,1.87,7.415,0.8005,2.5,0.15,9.6243,5.2253
29.10.2021,2.976,12.245,6.169,14.913,1.84,3.586,2.92,4,1.96,19.08,2.03,7.772,0.8167,2.5,0.15,10.0648,6.3359
30.11.2021,2.867,11.41,6.267,14.915,1.95,3.523,3.19,4,1.94,20.2,1.97,8.28,0.8382,2.5,0.15,10.02,5.8267
31.12.2021,2.783,10.31,6.376,14.893,1.8,3.579,3.12,4,1.92,23.05,1.9,8.135,0.8736,2.5,0.15,9.9005,5.6929
31.01.2022,2.717,11.08,6.449,14.893,2.06,3.674,3.3,4.9,2.12,22.49,2.15,8.9,0.9366,2.5,0.15,9.83,5.8862
28.02.2022,2.791,11.32,6.51,14.891,2.29,3.668,3.47,4.9,2.19,23.07,2.31,9.51,1.1987,2.5,0.15,9.6515,5.8188
31.03.2022,2.817,11.635,6.749,15.51,2.37,3.874,3.76,4.9,2.31,23.96,2.51,9.73,1.9585,2.5,0.4,10.0964,6.1032
29.04.2022,2.841,12.25,6.998,15.27,2.94,4.377,3.8,4.9,2.66,20.27,2.99,10.32,2.3675,2.5,0.4,10.1117,6.5312
31.05.2022,2.803,12.55,7.047,17.28,3.02,4.19,4.32,4.9,3.16,21.56,3.26,10.641,2.6601,2.75,0.9,10.3229,6.6178
30.06.2022,2.824,13.05,7.249,16.65,3.48,4.239,4.05,7.3,2.98,18.54,3.48,11.561,3.1162,3.25,1.65,10.9352,6.4425
29.07.2022,2.759,13.04,7.414,17.55,3.24,3.899,4.12,7.3,2.67,17.15,3.35,12.249,2.9,3.75,2.4,11.4233,6.6054
31.08.2022,2.649,12.19,7.117,18.17,3.25,3.991,3.93,7.3,2.52,12.63,3.35,12.02,3.028,3.75,2.4,10.9241,6.7176
30.09.2022,2.782,12,7.393,18.31,3.9,4.46,4.42,6.8,2.95,11.65,3.82,12.789,3.4945,4.5,3.15,11.2491,6.6463
31.10.2022,2.65,11.905,7.541,18.03,4.24,4.362,,7.5,3.21,10.99,4.28,13.928,4.9728,4.5,3.15,11.6305,6.6774
30.11.2022,2.923,12.81,6.949,18.55,3.9,4.111,4.69,7.5,2.89,10.65,4.22,13.13,5.5898,5,3.9,11.2795,5.7357
30.12.2022,2.884,12.76,6.925,18.3,3.63,4.087,4.35,7.5,2.62,9.87,3.87,13.048,5.2821,5.5,4.4,11.3837,5.3382
31.01.2023,2.928,13.07,6.706,19.87,3.46,3.807,4.12,6.8,2.47,10.52,3.81,12.15,5.3813,5.5,4.4,10.9729,5.3461
28.02.2023,2.913,13.31,6.885,21.1,3.47,3.933,4.27,6.8,2.54,9.99,3.95,13.16,5.5283,5.5,4.65,11.046,5.7048
31.03.2023,2.861,12.93,6.815,22.42,3.46,3.901,4.49,6.8,2.44,10.31,3.94,11.62,5.575,5.75,4.9,11.1941,5.5225
28.04.2023,2.785,12.49,6.536,23.53,3.26,3.74,4.42,6.1,2.5,12.6,3.8,11.789,5.7261,5.75,4.9,11.2588,5.5394
31.05.2023,2.714,11.55,6.392,23.98,3.33,3.711,4.5,6,2.53,10.23,3.96,11.09,5.8289,6,5.15,11.9409,5.5486
30.06.2023,2.683,10.67,6.257,22.73,3.55,3.843,4.45,6.2,2.58,16.34,4.04,10.166,5.9353,6,5.15,11.9395,5.3055
31.07.2023,2.697,10.86,6.268,23.21,3.64,3.83,4.5,6.6,2.58,18.41,4.15,10.061,5.9544,6.25,5.4,11.7243,5.3305
31.08.2023,2.589,11.14,6.381,24,3.73,3.839,4.66,6.2,2.7,18.45,4.46,10.44,6.0933,6.25,5.4,11.7159,5.6347
29.09.2023,2.715,11.725,6.91,23.97,3.84,3.981,5.22,6.4,3.04,25.52,4.65,11.597,6.2191,6.25,5.4,12.0645,5.9657
31.10.2023,2.709,11.825,7.072,24.87,4.03,4.092,5.28,7,3.32,26.37,5.13,11.59,6.2829,6.25,5.4,12.3591,6.5263
30.11.2023,2.686,10.885,6.616,24.65,3.77,3.824,4.98,6.8,3.1,24.27,4.84,10.73,6.3199,6.25,5.4,11.7855,5.9671
29.12.2023,2.579,10.35,6.489,25.08,3.35,3.663,4.69,6.2,2.81,23.69,4.32,9.88,6.3207,6.25,5.4,11.4856,5.4782
31.01.2024,2.435,10.583,6.585,26.75,3.27,3.782,4.64,6.2,2.73,25.1,4.39,9.39,6.2319,6.25,5.4,11.4205,5.53
29.02.2024,2.363,10.771,6.606,27.35,3.35,3.864,4.78,6.2,2.58,25.26,4.49,9.788,6.2423,6.25,5.4,11.6095,5.4675
29.03.2024,2.301,10.977,6.692,28.68,3.31,3.855,4.74,6.2,2.53,25.24,4.46,9.973,6.2226,6.25,5.4,11.9026,5.7689
30.04.2024,2.309,11.795,7.268,27.65,3.44,3.983,5.16,6.4,2.68,26.55,4.77,10.46,6.2122,6.25,5.4,12.2748,6.1045
31.05.2024,2.32,11.84,6.93,25.28,3.43,3.895,5.3,6.8,2.78,25.95,4.71,10.73,6.252,6.25,5.4,12.0419,6.0229
28.06.2024,2.208,12.33,7.054,23.78,3.26,3.863,5.74,6.8,2.75,26.52,4.54,10.599,6.2675,6.25,5.4,11.6789,6.0763
31.07.2024,2.148,11.985,6.889,23.79,3.08,3.724,5.3,6.2,2.64,26.58,4.56,10.476,6.2147,6.25,5.4,11.0217,6.1514
30.08.2024,2.183,12.19,6.625,22.09,2.92,3.762,4.97,6.2,2.57,26.73,4.25,9.84,6.1056,6.25,5.4,10.7,5.8257
30.09.2024,2.16,12.41,6.461,23.9,2.87,3.71,5.25,6,2.52,26.63,4.1,9.74,5.8172,5.7,4.9,10.301,5.3833
31.10.2024,2.145,12.85,6.777,24.18,2.91,3.925,5.41,5.9,2.47,28.47,4.44,10.625,5.6165,5.7,4.9,10.4643,5.5481
29.11.2024,2.054,13.195,6.872,24.86,2.86,3.805,5.48,5.9,2.43,27.38,4.63,10.566,5.5296,5.4,4.65,10.3681,5.827
31.12.2024,1.68,15.145,7.022,25.36,2.59,3.81,5.78,5.9,2.29,27.19,4.66,11.57,5.5245,5.1,4.4,10.2521,5.7616