Month,Saudi Arabia,Qatar,Egypt,South Africa,United Arab Emirates,China,Brazil,Indonesia,Philippines,Colombia,Mexico,Thailand,South Korea,Chile,Malaysia,Turkey
31.01.2000,63127,2465.7,,34983,,1609.39,41892.64,49676,159998,4881.4,157161.3,385077,14259600,3436.09,22503.883,1774172
29.02.2000,66520,2442.9,,35508,,1398.3,41920.44,49436,147945,4718.96,150127,377337,13908200,3356.79,20609.295,1892806
31.03.2000,64659,2719.5,,36804,,1323.54,39093.51,51197,151089,4921.66,152994.8,369644,13646500,3209.11,20000.4,1951389
28.04.2000,64664,2610.9,,37613,,1367.55,37720.87,51204,159471,4911.72,158904.2,364424,13728600,3172.38,20178.364,2051094
31.05.2000,67888,2657.7,,35879,,1307.55,35875.83,52453,153003,5351.63,157679.4,346384,13117300,3133.43,19634.468,2057586
30.06.2000,65268,2753.9,,36518,,1300.6,32316.22,55831,150567,5516.68,165529.5,350102,12840100,3155.78,19816.724,2287779
31.07.2000,65039,2736.6,,36912,,1315.65,36452.16,55445,144119,5471.66,162204,347582,13726400,3104.78,19665.057,2428456
31.08.2000,63335,2681.5,,36965,,1337.87,39122.15,54637,141273,5550.24,157692.6,347704,13482200,3104.52,20265.198,2535151
29.09.2000,62920,2694.8,,37493,,1389.47,37521.17,56844,144636,5532.18,161399.4,358608,14442400,3198,19950.776,2670065
31.10.2000,63009,2745.9,68078,39128,,1358.95,38636.09,56728,152420,5547.1,162822.9,360594,14245500,3142.59,19694.522,2563519
30.11.2000,64894,2790,68608,40261,,1387.77,40730.88,58520,163529,6045.83,175112.3,367910,14252200,3176.78,19966.546,2517654
29.12.2000,71963,3061.3,71180,43568,,1465.27,47686.21,72371,192300,7276.05,208943.1,401714,16170400,3518.1,22263.797,3196942
31.01.2001,65998,2985.1,70117,37807,,1701.9,42363.82,59540,170300,6669.72,181949.2,391116,15688400,3509.83,23070.929,2385402
28.02.2001,71091,3070.4,70435,38162,,1491.04,47891.2,59525,162477,6492.94,176273.9,392642,15125700,3470.61,21218.544,2947918
30.03.2001,68143,3051.1,68464,39369,,1436.21,41367.75,60114,169603,6263.18,176109.9,396478,15027800,3700.56,20910.386,3057713
30.04.2001,70957,3073.9,68043,40313,,1462.3,40910.72,61429,175435,6167.48,174570.7,394060,14994300,3704.13,20728.614,3220649
31.05.2001,71271,3135.7,68679,39615,,1394.23,41452.77,63131,173559,6412.55,178269.9,381734,14595700,3698.85,20664.229,3338588
29.06.2001,68217,3144.3,70010,40166,,1394.34,41974.06,66201,167228,6505.24,180733.9,382641,14578600,3719.53,20717.456,3835182
31.07.2001,66665,3056.5,72397,41190,,1407.16,41594.15,66312,156252,6350.64,178340,377101,15084500,3698.11,20393.33,3785028
31.08.2001,63338,3015.2,72715,41483,,1437.01,42629.11,69136,157693,6356.99,178963.8,384463,14909200,3595.45,21321.949,4132396
28.09.2001,64483,3075,72901,42729,,1506.46,45482.01,69047,159847,6283.48,182187.8,392687,19399500,3779.49,21304.326,4467366
31.10.2001,65660,3135.6,71848,43618,,1448.46,43074.94,68325,164548,6670.2,181392.4,395508,15948100,3737.1,20996.414,4008943
30.11.2001,65967,3274.1,71816,46612,,1478.01,46234.27,73139,169283,6868.52,193892.1,402903,16278900,3658.87,21497.396,4224770
31.12.2001,67353,3416.1,70338,49220,,1568.88,53255.97,76342,189956.783,8349.44,225580.4,436362,17078500,4009.68,22147.642,4462913
31.01.2002,67042,3383.1,69898,44611,,1672.59,49722.83,68762,163016.502,7565.96,206862,422031,16376800,4140.01,22594.267,4107171
28.02.2002,70411,3362.9,71350,50054,,1664.16,47891.21,69408,162287.965,7488.48,202264.4,436098,17389500,4061.37,23261.758,5054597
29.03.2002,67808,3395.3,72053,49039,,1554.46,48854.69,69716,174423.297,7509.96,216308.6,438397,17109000,4044.65,22929.202,4922485
30.04.2002,68808,3426.4,71932,49242,,1586.42,46745.6,68114,171849.093,7198.67,201288.8,432583,16836600,4038.49,22495.599,4924166
31.05.2002,68786,3549.8,72619,47936,,1524.31,51513.19,70447,175776.205,7527.8,209329,428682,16652600,4116.38,22761.533,5229371
28.06.2002,68044,3958.6,73772,48923,,1509.74,50692.55,71975,168790.703,7962.27,211892.7,428503,16775700,4161.53,22736.219,5911345
31.07.2002,66837,3812,76590,48836,,1535.77,52432.53,70327,162496.654,8250.14,209824.8,421544,16876400,4114.42,22372.329,5779291
30.08.2002,65604,4208.9,75814,49562,,1571.26,54985.47,72586,166233.931,8192.59,210266.1,430007,16746100,4196.22,23005.016,6219902
30.09.2002,66237,4042.8,77019,52750,,1623.36,60769.7,72757,162998.81,8155.28,210993.6,431055,17035400,4285.08,22482.679,6131837
31.10.2002,72780,3877.4,78647,52427,,1601.47,60640.13,74121,174726.914,8420.17,213941.7,434916,17335000,4283.5,22840.619,6266841
29.11.2002,79821,3862,80226,54269,,1634.64,60558.94,87008,180212.85,8516.69,227456.7,446852,17559700,4461,24060.983,7288046
31.12.2002,77410,3995.5,80461,56269,,1727.8,73302.27,80686,214694.0533,9993.5,263936.9,495533,18228100,4669.59,23896.754,6899360
31.01.2003,91260,3994.4,82588,52245,,2124.47,64370.26,75908,183815.8683,9142.34,246102,491623,21849800,4887.26,28430.636,6886566
28.02.2003,89862,4014.3,78649,51408,,1793.72,67494.43,74555,183521.2643,8865.06,241470.2,485636,18273700,4863.35,24741.05,7438430
31.03.2003,94138,4157.1,81826,53713,,1710.65,66032.46,72323,186213.4493,8713.05,237849.6,482244,17506600,5244.87,24214.943,7496072
30.04.2003,92819,4194.8,83159,53866,,1744.11,68228.79,73023,189588.3293,8939.64,243730.8,480769,17562600,5104.91,24206.898,7394339
30.05.2003,94875,4543.4,85173,52575,,1711.5,65113.59,75787,192537.8653,8829.55,246356.3,474723,17374400,5124.14,24705.489,7699447
30.06.2003,75968,4900.4,82955,53010,,1695.69,63837.94,77091,177037.9013,9183.32,240017.5,469762,16647800,5043.7,24276.494,8204918
31.07.2003,74736,4450.1,95374,53072,,1736.21,67841.21,77053,177129.8783,9419.67,242514.3,469958,17488800,4857.07,24208.644,8667928
29.08.2003,74373,3964.3,100447,53687,,1760.68,58430.02,80283,181718.2473,9185.34,242435.4,482924,17515300,4809.77,25273.747,9143382
30.09.2003,74432,4025.8,102859,56755,,1830.64,56110.11,81118,180196.3763,9136.99,238702.5,479071,17830000,4987.57,24623.519,9149591
31.10.2003,76619,4593.3,106037,57328,,1825.07,57710.44,84238,192028.8063,9650.61,247926,489563,17666400,4919.82,24966.436,9907175
28.11.2003,83287,4655.8,110427,59854,,1843.96,62417.37,103788,200099.4813,9933.92,260002.3,504333,17946800,5008.82,26760.241,11013126
31.12.2003,78486,4589.9,107922,62076,,1974.6,73219.14,94542,233235.2213,11952.6,303614.1,538930,17187700,5492.03,26101.447,9775116
30.01.2004,84413,4605.1,110429,59059,,2228.74,68899.77,90418,210618.7169,10946.77,278373.1,538284,18371500,5654.42,29011.932,12287151
27.02.2004,79750,4566.3,111368,58767,,1989.34,68868.99,86630,209460.8929,10595.67,273568,541933,17403500,5591.28,27317.729,10866426
31.03.2004,79866,4574.1,113755,60913,,1929.74,63122.63,86670,215029.1979,10729.48,267424.6,530450,16765900,5951.71,27004.907,10861571
30.04.2004,81687,4608.6,114690,61656,,1987.84,65612.98,90323,228892.5459,10388.85,273090.8,535652,17216500,5715.71,27596.44,11909218
31.05.2004,80277,4802.1,112284,61168,,1904.84,66822.15,90431,222513.6339,10390.08,276652.5,519273,16574800,5981.1,27014.618,11731380
30.06.2004,81759,4739.4,94288,61671,,1901.76,67992.27,97359,209082.3169,11351.26,278847,518971,16162500,6088.11,26548.214,12025936
30.07.2004,79311,4660.1,121912,62850,,1940.91,73110.43,97005,207298.3039,10855.44,281999.5,529991,17182400,6073.69,26776.092,12589895
31.08.2004,79231,4591.9,123003,64686,,1951.79,72201.28,96860,200010.6379,10547.56,277136.4,525155,16578400,6085.28,27258.272,12699014
30.09.2004,80960,4985.5,127432,65702,,2052.42,70955.26,99277,204704.5119,10881.43,280789,532184,19505400,6303.46,26836.071,12853445
29.10.2004,84351,4998.7,98064,67132,,2007.83,71672.48,105536,217049.1209,10952.53,285219.3,549806,18224600,6422.36,28062.086,13428095
30.11.2004,85405,5133.4,99729,70090,,2020.93,75097.6,104415,218245.8729,11366.34,294825,552825,18060900,6446.68,27507.897,12366781
31.12.2004,91913,6019,99007,71202,,2146.83,88732.68,109028,260037.0787,13836.17,340177.7,597171,19029100,6814.64,28616.936,12443528
31.01.2005,94011,6240.6,100465,70229,,2401.54,83471.34,101544,217865.0123,12526.52,316646.6,575795,18356600,6979.7,29550.496,12336289
28.02.2005,84048,7444.8,100225,69422,,2266.8,79115.88,99121,216147.811,12170.62,307241.5,584032,19072700,6868.88,29768.654,12665672
31.03.2005,85477,7754,99477,72210,,2123.9,78276.44,98344,222659.8899,12412.46,311855.8,582983,17951200,6829.54,28678.209,13473621
29.04.2005,90101,7737,101344,72533,,2166.66,77791.97,101285,233031.8638,12169.99,306993.4,582791,18437300,6898.39,28959.789,14826671
31.05.2005,89956,7724.6,104465,72194,,2081.16,79731.16,100943,226778.8719,12215.65,307690.1,561193,17852700,7017.65,28503.616,14472798
30.06.2005,90095,8018.6,101080,72870,,2084.88,78494.18,105846,219511.9225,13267.82,314148.9,565012,17848900,6911.55,28234.335,15171903
29.07.2005,92658,7859.7,103798,73666,,2117.12,80283.58,109483,221159.2951,12864.27,315321.7,572961,18717100,6868.98,28882.576,16359241
31.08.2005,88573,7822.9,103560,73589,,2135.16,79820.05,108846,211967.2806,13090.04,306032.9,561283,18202300,6768.78,29080.336,16344498
30.09.2005,87263,7780.9,108083,75138,,2227.29,80105.57,114719,221184.0184,12922.25,312474.7,570992,19371300,6839.14,28740.624,17284665
31.10.2005,100709,7789.4,112255,76384,,2189.3,79886.96,133946,232141.2523,13276.22,316469.2,569973,19058500,6856.77,31937.869,18972840
30.11.2005,94047,7822.3,109857,80202,,2240.94,85515.27,113813,223477.4873,14346.61,327169.7,579580,19086200,6938.54,29134.157,17231588
30.12.2005,99131,8258.2,114168,79999,,2403.17,101247.24,123991,267793.8494,16308.88,380033.7,630711,20225100,7578.92,30177.566,18193450
31.01.2006,93518,9029.3,112652,77980,,2931.04,92843.06,114003,232001.4168,14938.27,354740.9,628483,22678600,7577.61,35751.864,17923102
28.02.2006,93618,9066.1,117199,79807,,2448.2,94627.24,110230,231161.3264,14580.12,346431.3,623130,20388600,7548.37,30972.26,17916323
31.03.2006,103236,8989.9,112160,80782,,2347.2,88735.3,112362,244366.4781,14863.02,353043.8,619993,20011400,7539.58,30211.472,18872607
28.04.2006,100637,8851.7,113498,82394,,2415.57,88912.73,113685,251254.2189,15018.57,357800.1,617689,20312700,7636.64,31401.166,20161785
31.05.2006,106695,9631.8,113246,81090,,2346.53,86158.93,116288,248087.0322,15740.08,358023.9,588236,20046700,7695.54,30631.278,20755422
30.06.2006,100797,10284.5,116050,82637,,2346.91,94634.88,123499,244045.8936,16490.63,369072.3,589877,19741100,7821.8,30734.728,21620534
31.07.2006,97192,10359,112979,83293,,2375.26,94592.01,124910,233033.5053,16577.34,368681,579964,19976000,7690.19,30919.355,21002895
31.08.2006,95260,10227.4,120314,84111,,2418.54,99860.9,123476,232237.0178,16887.62,363431.7,580665,19269400,7657.59,31592.663,21311703
29.09.2006,99749,10138.6,120875,88112,,2568.74,100371.55,129666,237898.7596,16687.58,367139.8,596243,20748700,7925.01,31545.997,21934191
31.10.2006,103291,10099.6,126757,87441,,2496.42,99861.93,135912,244640.7077,16688.99,368270.5,589209,20297200,7739.57,32318.073,21757847
30.11.2006,99108,10120.6,126595,91610,,2552.73,105335.01,129389,260000.8904,17830.62,395670.5,601656,20356000,7867.24,31463.364,20695085
29.12.2006,114557,10153.8,126111,96071,26832,2707.26,121102,150654,305194.5589,20076.52,449821.3,652901,21436900,8580.1,33519.426,24439416
31.01.2007,100501,10215,128925,90748,,2794.91,109695.6,130352,266101.7808,18466.43,409947.8,619489,20227700,8791.85,32483.222,19892181
28.02.2007,100878,10317.9,127238,92069,,3062.79,105136.74,128088,267392.6272,18205.06,399603.6,645208,21933500,8739.44,34828.729,19787772
30.03.2007,103626,10168.7,126474,95216,,2738.8,107235.7,129309,291847.2122,17602.21,409813.9,637813,20881800,8781.53,33836.795,20704686
30.04.2007,103095,10593.8,127657,95147,,2781.39,114406.24,131352,299846.4692,17502.31,400645.8,631210,20642000,8996.02,33615.295,21226678
31.05.2007,106350,10552.5,124670,94958,,2672.8,108250.65,137079,298095.5998,17902.86,407228.3,617820,20212800,9048.89,33330.7,21461398
29.06.2007,103023,10908.9,134126,97137,,2688.11,115604.13,146390,288430.8574,18193.45,408726.9,615044,20331600,9092.79,33612.7,23180863
31.07.2007,103657,10937.3,139521,96406,,2732.63,115812.08,143837,273523.8885,17863.49,408166.6,607970,20333600,9141.19,33516.6,22806320
31.08.2007,102166,11150.6,144579,97871,,2782.24,114488.38,148858,279911.1637,17940.09,410822.2,616110,20285400,9121.45,35029.3,23831634
28.09.2007,107869,11495.3,142261,99013,,2903.06,120340.06,159954,284452.4817,17940.21,412441.2,637583,22417200,9409.23,35786.5,24610290
31.10.2007,110351,14379.2,144286,98986,,2831.78,122966.59,156587,295733.5929,19019.98,417007.8,634139,20928100,9190.83,34888,24155484
30.11.2007,109190,25306.1,145173,104699,,2898.79,130847.48,160913,299857.57,19404.73,431863.5,662953,21339000,9570.53,35490.55,24545634
31.12.2007,124136,30652.4,140826,110130,31671,3037.52,146616.87,182967,344794.5469,22339.99,494743.5,720053,21835600,10129.86,36247.092,25008370
31.01.2008,117876,22934.4,149628,103058,,3667.32,130588.12,166546,300594.9591,20755.79,459689,690146,21768900,10204.1,39017.808,24093978
29.02.2008,126236,33885.3,150391,106548,,3245.45,126329.19,165259,305048.9904,19613.43,447828.1,706604,22088100,10156.8,39711.681,24741680
31.03.2008,126102,47607.5,159767,107902,,3043.31,128876.81,164609,310572.8334,19118.78,447711.2,700827,21301700,10101.7,38770.916,26125712
30.04.2008,129478,47221.1,159909,110861,,3078.96,124683.92,170682,321234.2159,19330.75,445503.4,699016,21457900,10101.3,38099.012,26724710
30.05.2008,140637,44914.5,163796,108080,,3016.93,133158.74,177506,327910.2623,18805.09,451313.8,689156,21553500,10416.4,39097.2,27058386
30.06.2008,156097,38732.9,169911,109117,,3018.13,132793.11,189040,310321.2267,19370.34,447614.4,687853,21233300,10491.7,39102.537,27070287
31.07.2008,156042,22978.9,168865,109381,,3068.72,129092.19,188521,306357.1816,19668.95,463303,684614,21471300,9950.2,38765.557,27386606
29.08.2008,158661,20330.4,167009,112045,,3085.16,132071.16,191460,313520.674,19328.32,462796.9,696952,21515900,10062.8,40387.094,27883338
30.09.2008,170419,22868,178091,113301,,3172.49,136936.18,222805,323739.5915,19476.05,458615.8,696379,22225100,10193.3,43117.384,32077854
31.10.2008,148761,22420.8,171676,115954,,3131.78,132774.21,190496,337760.0804,20482.16,477702.5,706375,22402800,10416.5,39934.838,30547460
28.11.2008,155648,21304.5,163803,118737,,3160.74,132318.76,195274,349045.0227,20752.73,505084,711524,23182500,10282.8,40449.249,31287112
31.12.2008,143303,23623.4,167906,120513,45327,3421.9,147549.71,209747,429641.8517,24208.22,577542.6,752325,23219900,10807.9,40424.634,29271922
30.01.2009,141971,22221.9,168505,116105,44729,4108.24,137537.88,191795.66,365374.7102,22173.66,552788.8,753256,25092100,10752.8,44817.238,28985062
27.02.2009,144186,25103.7,167741,116015,44013,3514.16,136267.91,187139.23,366150.5563,21706.16,539231.5,763585,23742700,10535.2,41916.34,30643580
31.03.2009,141621,30446.1,174016,116837,44666,3374.64,135056.37,186119.31,369280.7795,21358.92,533819.3,746388,23117300,10642.5,40821.108,30963737
30.04.2009,143953,32262,170474,119576,44351,3425.73,144762.55,189910.19,383590.3657,21372.48,537332.2,756835,23683800,10889.8,41107.304,31176223
29.05.2009,144146,38001.8,170796,117840,44136,3355.95,133322.92,193733.41,383490.3533,20850.84,536607.1,752568,23538500,11334.3,42066.157,31415668
30.06.2009,145902,41107.2,175104,118365,43170,3364.1,139185.84,203406.02,365910.6632,21298.6,531630.2,732251,23827600,11614.9,40883.348,31118635
31.07.2009,152747,38031.7,172166,119244,42085,3423.93,135545.84,200774.16,370076.8362,21390.09,541062,735215,25149900,11602.1,41425.351,31196063
31.08.2009,147822,39060.3,184745,118642,42171,3440.66,137018.96,200423.68,376437.0043,20720.17,529495.5,742418,24969600,11748.2,42828.794,31417979
30.09.2009,154248,38871.5,191497,118220,43619,3678.79,145698.46,210822.45,372778.3401,21461.78,524786.3,751499,27627800,12297.4,42467.513,32964325
30.10.2009,152754,39860.2,187520,120462,43424,3573.02,147453.94,205863.69,399049.0424,21039.96,534520.9,767383,26856500,12344.2,42118.208,33279087
30.11.2009,164749,50948.3,190794,124333,48198,3634.39,156868.06,212054.47,404153.7474,21607.52,547653.3,787152,27325400,12322.4,42627.71,38706227
31.12.2009,151745,45903.3,193063,126881,45580,3824.7,166072.84,226006.03,456448.3864,25788.97,632032.4,843958,28935200,13279.1,43439.222,34233281
29.01.2010,152776,45257.2,192232,123400,44968,4075.86,155650.33,211811,416806.4794,23393.96,600422.4,831419,28778200,13780.6,45435.032,34057935
26.02.2010,155976,45466,187077,121567,44986,4286.58,154334.42,211708,415948.8976,22631.81,584171.7,853204,30290600,13876.1,48070.549,35008518
31.03.2010,154248,50197.8,196106,131284,45197,3908.06,156710.27,205083,437824.3582,23325.03,597194.5,828741,28947300,14204.7,44685.218,35647349
30.04.2010,157998,52346.2,199951,126324,45001,3965.75,154627.33,211390,449773.0669,22769.53,574363.4,836346,30116100,14333.8,44738.829,36594727
31.05.2010,156777,58201.3,192250,127393,45030,3865.3,158687.31,214695,433862.1738,22698.23,582623.9,833369,30084800,15026.7,45295.665,37842587
30.06.2010,161602,59050.2,203071,125736,44927,3890.48,159627.97,222828,415648.7115,24790.12,577815.7,825429,30475000,15322.4,44363.052,39233861
30.07.2010,162675,62203.9,209567,129571,44062,3954.32,162528.34,228239,412427.5134,23979.39,593182.7,825758,31555900,15145.3,44838.142,40153174
31.08.2010,172388,65529.6,217936,127436,45695,3992.28,173242.65,241166,399309.038,23540.85,584119.1,813320,30968500,15125.6,46578.258,40806701
30.09.2010,167636,69887.5,216655,128725,45411,4185.44,176001.73,229825,404776.3553,24163.6,589263.2,826393,32792300,15648.8,45586.229,41503968
29.10.2010,170181,80334.8,210432,128786,46783,4164.62,177434.73,235709,424604.6718,24105.22,590029.8,851964,32896400,15449,46876.596,43321913
30.11.2010,172184,85779.5,221924,133884,47425,4225.22,178485.52,238500,418623.3385,24732.66,605690.1,869191,33186800,15348.2,45940.827,43284025
31.12.2010,171261,91808.6,218393,135999,47800,4462.82,206853.32,260227,480139.7867,29769.49,693423.2,937201,34624800,16105.4,47685.2,44346900
31.01.2011,174287,65557.9,230862,131400,46853,5806.39,193547.23,247481,425352.0938,27142.77,648031,944612,37206000,16485.8,53655.323,44153157
28.02.2011,176760,49625.8,246961,130495,47989,4727.02,185606.93,245327,421843.0273,26639.79,638281.6,955997,35080700,16097.9,50049.874,44772050
31.03.2011,191438,43986.5,234900,135229,49590,4484.52,179918.78,241618,431642.4644,26923.41,634712.3,944171,34561200,16026.5,48816.561,45813721
29.04.2011,198305,50528,240849,138168,50273,4548.9,172725.44,252013,448318.6776,26219,645582.9,963737,35419100,16301.5,50051.134,48111191
31.05.2011,197408,51867,247102,134192,50482,4460.28,178297.66,254066,441499.1908,25856.79,637597.6,942061,35131000,16579.6,49760.406,48524392
30.06.2011,200444,47485.5,250992,140776,51553,4447.78,190510.86,261504,427742.8875,27828,635323.8,951177,35257600,16707,49767.84,49395541
29.07.2011,203758,47697.6,252873,138397,51954,4518.31,182099.2,275437,426718.9426,27027.59,645656.4,948061,36283600,16298.7,51221.581,51101633
31.08.2011,216195,48709.8,253221,140722,55644,4577.53,179285.43,324725,417878.6214,27664.41,635301.5,939563,35886400,16532,55223.964,55992791
30.09.2011,202609,39768.3,241242,145972,49916,4714.53,188504.75,279224,433542.267,27304.41,643274.2,951842,37453000,16812,51393.249,51830780
31.10.2011,214674,38778.9,238818,144183,52000,4657.94,188069.13,281341,451730.7951,27771.43,651531.4,956912,37319300,16918.1,51579.102,52162006
30.11.2011,209925,31952.3,258471,149739,53200,4731.73,182670.92,279066,445513.4458,30030.48,675504.6,964376,37678600,16806.4,51385.593,50260377
30.12.2011,210856,31185.7,257346,158666,52087,5074.85,214235.31,307760,514932.4409,33399.11,763491.9,1036015,39242000,18009.1,53488.522,49505735
31.01.2012,206871,33625.5,260619,150381,52312,5982.07,212136.24,286200,455069.4144,30200.28,724693.8,1026383,40509100,18188.31,56838.787,47156410
29.02.2012,212404,33336.1,252926,151441,53108,5144.88,191488.77,280058,452802.0019,29893.96,711444.2,1026166,39468000,17736.09,54109.818,46660067
30.03.2012,215216,35128.2,251302,154022,53611,4959.57,201956.13,287003,476881.1797,28872.96,723848.5,1018623,39831900,17863.38,54056.06,47790460
30.04.2012,217596,39684.9,245371,154117,53557,5019.93,193183.93,290812,479619.3227,28153.81,732244.1,1022862,39893700,18269.81,54277.146,48246080
31.05.2012,219434,39719.3,262213,152117,53773,4903.97,191663.05,294722,475662.9595,28732.88,742959.9,1007320,40179200,18738.82,54559.576,48746086
29.06.2012,221966,39857.6,263668,153937,53117,4928.46,198858.46,314621,467978.5781,29242.78,748818.7,1011285,40485100,18430.4,54941.734,51249904
31.07.2012,220294,45136.2,256235,153641,55147,4970.58,203627.55,315322,452107.8581,28899.33,747220.8,1003335,40669000,18339.82,55266.631,50868603
31.08.2012,231237,43996.7,256705,157120,55735,5023.51,203575.3,327008,463220.2253,28973.71,738072.4,1009604,40784100,17808.11,56956.811,53504057
28.09.2012,223626,44971.5,251723,159230,54824,5343.35,202200.01,325508,469688.7429,28743.47,728580.9,1036290,45181000,18638.74,56387.367,54908107
31.10.2012,238934,43955.4,268250,161428,57184,5146.77,204756.96,326058,484666.2134,30077.53,740224.9,1028558,42239600,18312.8,55664.224,56802203
30.11.2012,226548,44959.6,264302,169369,56712,5239.21,209024.61,327011,486292.5743,30402.8,758618.1,1055164,43066900,18272.03,55869.864,53698339
31.12.2012,235629,45555.1,264297,176850,57773,5465.98,233371.45,361897,558717.3216,34698.52,846019.4,1136302,43764400,19598.42,57395.62,53069688
31.01.2013,234267,47151.8,266657,164759,57874,6244.96,216463.91,326829,493808.7991,32230.39,787098.2,1079129,44090300,20113.55,60071.488,52230389
28.02.2013,234159,48535.1,275706,164145,58768,6031.37,205022.59,321483,503743.705,31598.11,778364.7,1086426,45798200,19635.84,61670.035,52467973
29.03.2013,237258,44551.8,280996,170198,59441,5546.05,207717.49,331169,541530.5256,31725.31,803483.6,1088451,46519300,19926.32,61175.16,54768865
30.04.2013,240999,48295.3,289552,169608,58835,5560.72,209621.83,324333,545179.7513,30545.81,764628.7,1060120,46956600,19991.96,61196.842,54597789
31.05.2013,242407,52852.5,304620,170516,59995,5443.14,201046.33,334033,542842.5045,31233.72,772199.3,1053305,47537800,20370.53,60710.72,56850354
28.06.2013,245769,45577,317944,169473,59425,5406.39,214567.51,347146,525523.87,32256.75,773244.9,1063192,48044300,20773.99,61047.036,61674440
31.07.2013,258471,42552.7,325641,171235,61230,5441.28,210471.47,383932,504712.934,33597.34,769509.7,1032690,48524500,20848.74,62179.663,63235186
30.08.2013,254045,39445,334549,173775,60709,5492.53,209608.12,359417,519240.6728,32568.07,769245.4,1054325,48947400,20444.91,62479.777,66037230
30.09.2013,251920,47827.6,339295,176433,60518,5649.25,229574.84,360079,521105.3275,32564.05,769836.3,1054148,50576800,21103.84,61641.546,66785914
31.10.2013,256130,47494.7,334745,175969,62800,5559.57,211135.08,363797,551463.6152,34114.91,779989,1058245,50871900,20400.66,61286.948,66986746
29.11.2013,252525,47254.6,337980,187566,63400,5644.13,215546.8,375780,563415.9675,34605.65,821532,1094211,51955800,20803.21,62123.165,66784069
31.12.2013,256078,44038.7,336368,193902,63927,5857.44,249509.78,399609,640341.4886,39488.45,917875.8,1188888,52822600,22111.89,62980.611,66225434
31.01.2014,258455,63530.9,335195,178329,63500,7648.86,222947.12,380070,578219.5974,36754.75,869143.6,1192346,58871200,22353.75,71356.412,66943206
28.02.2014,262320,57238.4,327171,177851,64200,6232.1,224671.13,367652,580649.3784,36345.17,864385.4,1196900,54881400,22108.4,66678.126,67543267
31.03.2014,270196,58744.9,322714,181240,65300,5832.93,228014.05,377438,586183.6865,36132.37,858037.9,1175825,54719500,22173.65,66327.458,69016894
30.04.2014,267356,54617.6,341611,183001,65200,5861.55,222462.99,372342,606635.73,36848.49,873152.6,1157825,55501600,22599.43,65609.091,69246632
30.05.2014,272594,54528.1,347865,179757,69100,5805.11,214771.86,380474,606107.2061,36083.44,875565.6,1150370,56413900,22915.38,66197.665,70140522
30.06.2014,281702,55847.3,364473,182522,67800,5695.11,222858.6,381638,580310.4368,37065.43,875844.9,1131684,56392200,23133.15,65531.147,71491008
31.07.2014,301548,57740.6,370588,186355,72100,5734.65,223594.69,452788,574485.9744,37916.32,887168.4,1106155,57492000,22930.28,68323.849,77588336
29.08.2014,279358,57402.9,370901,190573,66600,5799.76,231344.9,399270,584266.9673,37061.4,886287.5,1110681,58606800,22619.51,66890.934,77382536
30.09.2014,291986,56893.7,374619,190902,70800,5884.5,238409.38,395230,588003.8335,37005.19,883141.1,1096689,59499300,23249.81,65701.748,80068296
31.10.2014,293715,54452.8,368636,194586,70000,5769.16,231028.33,396113,617410.4301,38190.15,908610.9,1108057,60437000,22820.62,65928.134,77438473
28.11.2014,283459,53992.7,363202,199128,73500,5843.85,241625.56,405694,629556.0833,39301.38,944939.5,1144317,62303500,23961.8,67175.925,75292402
31.12.2014,282924,54209.2,362922,209636,74500,6025.95,263528.52,419262,713718.1097,45328.4,1062892.9,1200331,63841300,25490.82,68170.016,75393478
30.01.2015,283130,54019.9,372158,197914,69600,6304.05,238524.69,391256,644629.8576,41965.5,1024725.4,1174171,64349100,25414.78,71144.007,77276770
27.02.2015,299014,49527.6,364271,197809,68500,7289.62,238815.59,387889,649146.4199,41367.83,1025435.1,1197151,67867000,25336.43,74812.269,79544118
31.03.2015,300715,50631.1,380392,203529,69300,6194.98,240656.35,382005,658879.3181,41516.31,1064273.5,1159423,66392000,25085.9,72250.328,81100442
30.04.2015,304829,52505.9,384648,205426,70800,6077.25,235020.11,395687,678486.0891,42020.77,1046382.4,1169042,67530400,25477.49,72771.785,83988817
29.05.2015,307892,56019.7,400058,200095,71500,5907.6,239513.46,406499,673847.9288,41663.89,1057904.1,1160051,68374800,25956.83,73699.985,85528222
30.06.2015,313348,64980.4,485876,203837,72500,5860.43,231958.72,409713,653790.9121,43159.62,1054390.6,1136429,68396900,26464.69,72940.065,86433626
31.07.2015,319836,64843.8,413623,207914,72700,5901.07,225062.84,431460,662398.3329,44579.45,1073443.2,1140710,70022200,26302.96,74174.238,89785505
31.08.2015,306312,56497.9,399916,208990,70300,5906.18,231716.46,423101,668268.6599,44537.06,1079657.2,1138930,70282300,26207.02,75403.94,91656545
30.09.2015,320837,50163,424431,212774,71000,6102.3,228447.46,428860,670014.1321,46582.43,1073233.7,1143960,74403800,26479.12,75062.004,97889497
30.10.2015,302654,49017.6,425386,212710,72480,5990.05,239621.33,435065,698800.5333,46602.38,1095608.2,1170621,73473900,26226.72,75818.094,95113517
30.11.2015,298418,48660.7,431665,220869,73800,6032.82,242846.85,437756,716632.9976,48150.13,1118916.4,1184974,73844900,26672.54,75743.257,92694009
31.12.2015,300697,48661.9,420638,225901,73500,6321.66,255288.92,469534,791430.7361,54083.81,1241685.4,1250953,75651000,28210.04,76913.666,91851928
29.01.2016,293663,48246.2,418881,214934,73100,7252.65,240328.75,439872,736835.765,50384.21,1203744.4,1229682,76857400,28818.62,81816.437,93459378
29.02.2016,296049,49356.9,410150,215872,75300,6942.15,252559.89,422149,731392.7969,49093.8,1190669.3,1237090,78305400,28335.83,80535.501,94187720
31.03.2016,298171,52548.6,430378,219341,77210,6465.12,242529.93,420214,766314.1066,49448.64,1214341.7,1232842,78146200,27532.12,78915.762,93300860
29.04.2016,298230,51584.8,442281,219652,76100,6440.32,242142.59,435296,815727.2891,47966.06,1200801.9,1233746,79151100,27591.73,80001.676,95531152
31.05.2016,302764,51226.3,464664,223409,76600,6278.07,239965.62,440660,796339.1142,47566.43,1223288.7,1204982,79388000,27588.09,79859.749,98639750
30.06.2016,321518,64463.4,478076,216401,81300,6281.89,234678.11,511295,776924.4604,49720.06,1237332.5,1209677,79920000,27787.74,83118.663,104841258
29.07.2016,306750,60971.1,449591,221141,76200,6327.6,240845.33,474246,777536.711,48973.97,1253083.5,1214915,81048400,27284.78,81543.707,111783587
31.08.2016,305266,55406.4,498438,218637,76900,6345.47,235768.7,466502,762756.0566,48965.49,1245685.6,1199228,80947300,26967.87,81189.518,110694860
30.09.2016,304401,57015.4,508167,222370,77300,6506.86,247035.95,469542,795588.4745,47729.15,1252267.1,1216638,83312900,27245.26,82508.035,111811907
31.10.2016,298775,52673.1,507549,224474,76500,6421.49,247845.55,467318,813412.2811,48101.33,1267091,1232094,83281300,27120.06,82605.356,110670058
30.11.2016,299374,52584.8,517107,231399,78000,6490.35,244919.98,476850,822982.3898,51529.38,1307077,1255539,84168000,27870.88,82975.693,109640575
30.12.2016,302404,54987.7,498448,240465,77600,6830.39,270287.15,508124,920954.159,55426.54,1420268.6,1335980,86040900,29369.97,85682.391,111277230
31.01.2017,301552,62081.1,520192,224073,77240,8659.86,262392.2,470250,846220.722,50627.78,1382791,1322008,91282900,29513.83,92557.676,110571228
28.02.2017,297934,60940.6,523337,224173,77500,7172.77,266325,462413,847978.9552,48850.98,1367860.8,1331734,87652500,29083.71,88516.193,110332321
31.03.2017,302693,60481.5,527751,228294,80100,6860.51,243610.35,468942,888102.1337,48781.54,1370072.1,1330319,87858200,29066.51,88809.219,112394613
28.04.2017,301187,63537.3,539590,230474,78300,6839.26,263654.53,483042,900002.5581,47939.46,1378916.1,1340087,89145700,29863.7,89903.103,116820940
31.05.2017,306556,61742.2,553812,229240,82000,6733.32,237651.51,485124,894291.9724,48984.54,1375217.8,1300320,88997600,30135.74,88881.087,112735719
30.06.2017,322689,71933.4,577582,230993,83900,6697.77,260238.97,561821,901079.1784,49245.26,1371216.5,1295902,89671100,30512.1,91879.416,117527115
31.07.2017,307181,55899.4,534830,231469,79100,6712.9,255860.26,517810,892431.3723,49775.08,1370625.5,1288979,90069900,30058,89955.69,115935359
31.08.2017,313478,60264.1,586899,233531,82600,6755.1,252160.31,527098,910283.1507,50623.41,1354487.6,1302849,90653300,29824.67,92051.022,128999096
29.09.2017,308922,61102.2,586624,235288,78300,6974.85,262770.31,523360,926115.4617,49976.56,1357348.6,1331719,96524000,30160.12,90912.869,118478383
31.10.2017,301197,57394.4,675069,238525,79300,6823.07,254453.34,519861,940282.6846,50056.16,1372081.4,1333470,94119000,30376.97,90035.435,119708470
30.11.2017,297926,57979.5,660972,246545,84300,6862.32,264219.8,537298,960902.4937,53854.03,1408263.6,1355721,94334200,30662.91,91066.745,119093786
29.12.2017,301926,62771.3,646353,256894,85400,7064.56,296755.46,586576,1047575.817,59497.96,1545934.3,1437559,95946100,32321.03,92607.594,118492020
31.01.2018,305054,57953.6,678803,240007,83200,7463.63,272396.11,532131,982199.81,55369.85,1483140.4,1396084,95663200,32508.98,93342.412,114487410
28.02.2018,308896,59986,693802,236919,84200,8142.42,264517.03,531209,991916.3564,54708.93,1478777.3,1424788,98537800,32286.38,96159.841,114897462
30.03.2018,311894,63752.3,677738,245695,84700,7269.26,275056.18,549216,1056667.899,54050.94,1522133.9,1419652,97417900,32554.32,96125.891,120001619
30.04.2018,312222,72646.8,685858,248198,84300,7147.65,263342.86,549587,1053849.883,51921.64,1495940.7,1410514,97540900,32835.77,97279.675,121635004
31.05.2018,320531,70147.2,720205,249275,86800,6977.48,269552.91,580625,1059495.209,52927.27,1510220.1,1383629,97893800,33413.28,97691.744,124208067
29.06.2018,326643,66972,716309,244430,86100,6958.93,269827.76,605973,1050494.163,53558.56,1534342,1385947,98132100,33826.7,96994.22,134632499
31.07.2018,313960,73231,735428,248450,83800,6953.06,275338.55,583306,1029224.005,53548.25,1528709.9,1380589,98414700,33631.69,93869.095,134010485
31.08.2018,317007,75265.2,708343,249862,83200,6977.54,277677.29,587788,1041618.901,53671.53,1520063.7,1382107,98640200,33192.81,94564.996,149154400
28.09.2018,311497,72427.2,704769,252611,83200,7125.43,279406.91,590805,1065916.575,53646.29,1509265.4,1388905,102548000,34099.78,93835.441,139263039
31.10.2018,311458,77229.3,679987,255731,83800,7010.66,286975.5,581592,1092741.507,56155.32,1528718.8,1382361,101181300,33692.15,92804.41,129873070
30.11.2018,310686,74607.8,674036,259427,87700,7056.33,279258.83,586236,1124409.296,56535.49,1566428.3,1420440,101976200,33922.81,93169.915,124305658
31.12.2018,311615,82866.4,610957,280228,85800,7320.84,302049.46,625370,1231830.474,64377.56,1674210.8,1504449,103034400,35453.01,94532.899,119106732
31.01.2019,313525,76051.3,660775,258182,85800,8747.06,279105.6,579294,1140320.52,61062.77,1603684,1474272,106615900,35512.97,101254.105,115716402
28.02.2019,317391,71991.1,664156,258501,87500,7948.47,290147.81,570435,1142415.856,60422.49,1579046.1,1486812,105395100,34946.13,97629.156,117448991
29.03.2019,320354,82713.3,689186,262481,88300,7494.16,286741.57,585579,1188961.945,59049.19,1561115.5,1514976,105486400,35241.79,97355.954,120666696
30.04.2019,317108,88883.9,676530,266646,89300,7396.58,279604.66,592935,1216978.755,58722.62,1571665.4,1499897,105806600,36000.07,96853.412,122143107
31.05.2019,338829,87014.9,713113,261648,97700,7279.85,277875.95,675635,1220864.644,59861.74,1574536.2,1482040,106345000,36561.84,100980.863,135214360
28.06.2019,325958,83726.4,684031,262497,91300,7258.1,276039.96,625354,1181723.147,61443.62,1574601.5,1486191,106527500,36833.3,98900.701,129611446
31.07.2019,328170,80333.9,701406,265167,91800,7268.93,271344.69,619652,1156806.686,63309.72,1561175.8,1470189,106865200,36952.87,97507.737,130024277
30.08.2019,327154,74608.5,752565,265773,90200,7315.26,282617.3,622452,1166362.442,62593.47,1569316.4,1496746,107967400,37029.47,98747.428,141344853
30.09.2019,321954,70710,711946,271914,90781,7412.98,281136.56,614231,1180599.654,62877.51,1556210.7,1495633,109984800,38363.23,98197.419,138003287
31.10.2019,323203,71501.5,705901,268044,91605,7339.54,292347.49,611081,1211442.006,65873.53,1562899.7,1501896,110322100,39019.27,99074.082,140062035
29.11.2019,321575,70269.9,700859,279846,94798,7397.38,296782.89,622384,1251343.139,66552.34,1621394.5,1535274,111731000,40773.02,100313.973,140734825
31.12.2019,324674,72057.4,719192,291880,93729,7718.95,316586.71,654764,1395796.01,75051.32,1742474.7,1590842,113463900,42470.98,100559.022,140650298
31.01.2020,331213,75613.9,747549,273002,95137,9324.92,317959.4,616227,1292605.941,70053.89,1697686.8,1594766,117955100,42020.67,105091.491,142719295
28.02.2020,330486,75830.4,747214,266618,96011,8818.71,303197.49,607962,1296645.723,68579.87,1670342.9,1608614,116964400,41994.73,103033.605,148636874
31.03.2020,340692,91015.4,766732,304938,105200,8302.22,307560.25,620400,1419889.43,70997.36,1770527.8,1634894,118025100,43948.73,103399.632,163994036
30.04.2020,351552,110694.4,788644,276080,107729,8148.52,336684.29,634192,1584398.485,75621.27,1791788.6,1700773,120928200,47514.38,107870.494,198417184
29.05.2020,357970,109581.7,833576,278145,107843,7970.68,368062.87,684963,1606553.637,78459.08,1850823.7,1738473,123257200,49231.62,113229.727,210900745
30.06.2020,354261,102757.4,855580,283765,106141,7945.94,381680,651792,1542333.68,80837.98,1857091.9,1728290,124305900,51483.44,112654.671,207575421
31.07.2020,362632,106394.1,912097,307663,111848,7986.72,423674.7,668185,1531864.207,82775.81,1914661.9,1739928,125948600,52439.59,115509.473,229506307
31.08.2020,353559,105610.9,929350,307537,108844,8004.27,402707.44,666739,1540226.628,83018.87,1914937.7,1736414,126596000,58360.6,115537.965,204512018
30.09.2020,351527,99916.2,890279,302934,111316,8237.09,408736.99,674412,1533370.285,85480.47,1898295.5,1734695,132018600,61955.31,115127.282,198467301
30.10.2020,351149,94441.8,955011,295221,113595,8103.64,427820.41,707831,1543838.136,84845.51,1920444.2,1746022,131298200,62162.83,117065.051,196953318
30.11.2020,349694,94740.2,842425,305294,114268,8159.36,417679.55,712556,1588310.195,87370.68,1990505.5,1759610,132241000,61238.73,117104.562,180351342
31.12.2020,352651,101216.2,916733,302464,110704,8431.45,431536.65,760112,1731811.943,94873.46,2118242.9,1812685,134893100,65370.09,118380.797,173725378
29.01.2021,354904,99032.6,914323,291892,110787,8962.52,433590.5,712529,1631111.939,90709.55,2101714,1806247,136908900,68759.52,123007.508,169797140
26.02.2021,353248,103057.9,921675,286217,111416,9192.46,411411,698227,1616465.437,90094.53,2088210.3,1864106,139520300,67821.04,127074.551,167438934
31.03.2021,355108,104543.3,927950,294316,110986,8654.36,405630.28,692478,1646853.004,91570.53,2178191.7,1864896,139555800,68643.7,126815.638,171585454
30.04.2021,362435,101808.7,968606,290539,113425,8580.34,420148.02,732644,1670138.548,91311.38,2148400.1,1863258,141056800,68815.25,128016.416,181567590
31.05.2021,364083,100015.6,922487,286346,111987,8417.77,403528,743534,1669241.636,93239.97,2147225.4,1867381,142538700,77008.42,129997.369,197313911
30.06.2021,361586,100822.9,987726,294734,110902,8434.7,422212.12,739006,1640437.861,96861.12,2156047,1848190,143395800,79243.54,129664.139,200586583
30.07.2021,370488,113042.8,1064734,293444,109641,8471.76,427958.21,758703,1654322.375,96460.4,2177779.4,1872626,144817900,80304.79,131385.455,211363720
31.08.2021,359837,111787.2,1029296,298889,106826,8505.92,406329.19,750510,1657808.098,95756.14,2174192.3,1934312,145989300,80282.66,132261.688,200814821
30.09.2021,357535,100045,1033868,303745,108452,8686.71,403676.33,748616,1680657.071,96762.3,2198931.1,1955710,150020300,79767.35,133979.151,204235828
29.10.2021,353711,106673.6,1007839,294990,109441,8608.58,396208.88,766704,1711510.006,96055.36,2225574.3,1985891,151113600,79993.19,135109.24,216086312
30.11.2021,354368,108075.8,1013550,303371,112218,8743.34,413271.66,775051,1739959.936,98210.56,2286794.1,2006215,152580900,78677.9,134963.361,226008330
31.12.2021,356276,106505.2,1028673,318596,111815,9082.52,409183.52,831234,1876808.435,108599.59,2440780.7,2069505,154825600,79859.34,136710.842,219606482
31.01.2022,358783,107153.7,1006912,310252,111000,10618.89,417976.2,765015,1807864.628,104103.57,2433663.5,2054355,160373000,76869.66,143053.707,222271887
28.02.2022,358253,109662.9,1048127,293371,113600,9722.77,402172.01,795951,1805529.73,103070.18,2438545.9,2031852,158190900,73610.66,139123.675,227257593
31.03.2022,356545,102722,1046463,310217,116200,9514.19,385897.34,792518,1864237.507,104299.55,2511751.2,2051456,159065500,71393.25,139011.752,237701531
29.04.2022,372443,112422.9,1154083,302939,124000,9562.65,396510.49,896318,1929627.389,102960.63,2474416,2060015,160682900,70349.75,149631.362,269625547
31.05.2022,365405,116656.8,1196341,310126,116100,9554.69,398190.74,820155,1874420.122,103878.8,2463886.2,2028041,162094200,67539.44,146992.069,253305515
30.06.2022,362772,113680.8,1192935,310893,118100,9601.12,407168.9,815316,1843359.628,106426.59,2455161.2,2020671,162796700,65949.78,146192.277,263494161
29.07.2022,362154,117274.5,1252839,309638,114900,9650.92,389598.01,822043,1826418.058,106630.85,2489346.7,2038349,163213700,63584.7,145441.755,284240776
31.08.2022,357680,118186.5,1307004,349666,113200,9723.1,395354.59,805459,1789144.605,107492.51,2459987.3,2012210,163670400,61025.34,144985.353,289667860
30.09.2022,354316,114524.6,1195377,353308,115100,9867.21,393440.72,807818,1821421.855,106148.6,2480963.3,2025853,164846900,60414.93,144896.482,294855039
31.10.2022,359821,106770.8,1334628,353228,115700,9841.67,398583.29,808649,1836470.085,105889.66,2492681,2039929,163497900,58695.15,145276.754,298535739
30.11.2022,361480,104379.5,1546380,363585,121200,9974.01,391532.64,840492,1862742.554,108891.45,2546233.2,2063377,161705900,56878.05,145680.126,305833038
30.12.2022,364156,98889.5,1496290,363350,120011,10470.6,419659.92,897799,2020007.506,116163.96,2700041.3,2110570,161362300,57838.78,146608.983,311975446
31.01.2023,359842,100806,1526007,360704,122969,11460.13,413489.78,830373,1910430.18,108806.96,2663290.9,2118430,163175700,56886.54,150754.312,310237272
28.02.2023,360279,103857,1476077,361051,123609,10760.26,403569.75,813834,1890995.084,105823.63,2640274.1,2149988,160943100,55924.83,146425.229,318236595
31.03.2023,375592,108252.3,1502414,391788,129208,10559.13,413314.39,832817,1935142.027,104865.79,2681153.2,2170452,161399500,55658.34,146427.085,335006017
28.04.2023,381456,101915.6,1559393,389709,133118,10590.45,410350.18,895719,1959465.661,102663.8,2662966.5,2190191,162610600,55688.39,149585.739,369896692
31.05.2023,375462,98998.9,1552348,403751,129731,10475.67,396348.68,859517,1950069.264,103104.47,2683963,2124565,163451200,55657.71,146778.585,358557267
30.06.2023,387072,103901.1,1528750,387274,136478,10541.92,403118.88,879721,1926905.161,103112.41,2684908.4,2104622,163644900,55363.05,147805.763,469633895
31.07.2023,376919,97475.3,1593684,395326,130617,10612.97,394874.23,853336,1890751.205,102926.83,2711162,2095395,163872900,54720.31,146402.157,398585976
31.08.2023,374916,97261.4,1597296,392145,126561,10651.54,399782.37,851723,1878630.212,103363.39,2680309.5,2102683,163978900,54385.97,146567.798,399371852
29.09.2023,373327,99080.2,1581807,409000,127153,10925.32,404466.85,865392,1908677.138,102175.61,2702814.8,2136362,168413000,55038.49,147005.337,414753914
31.10.2023,373255,94446.8,1585418,401501,129300,10856.54,397427.08,863102,1939795.637,103192.19,2718500.9,2144792,166057700,54695.19,146682.325,408820057
30.11.2023,375940,94454,1612422,386286,133800,11022.52,405550.14,893165,1933800.894,106644.98,2780023.7,2180981,166685500,54190.96,147776.364,411750348
29.12.2023,376914,94619.7,1689435,395807,135780,11344.46,422718.63,975928,2115879.899,115069.98,2960457.5,2240776,168768900,56193.76,149430.533,407974575
31.01.2024,377140,92309.1,1652731,397321,135200,12139.85,404748.2,915931,1986623.939,111043.34,2957616,2222872,170053800,56560.28,152505.689,399025920
29.02.2024,382248,93408,1709093,376845,139400,12100.99,414700.66,911689,1977997.23,108868.63,3013956.6,2261566,171961200,56326.25,154131.753,423170351
29.03.2024,399473,97979.5,1683337,402009,146848,11721.05,417795.89,953824,2027396.722,108511.99,3043322.6,2283002,171909400,56128.9,153706.56,445764337
30.04.2024,401433,96608.5,1614526,401000,146800,11731.06,406260.05,943292,2036043.046,105672.07,2980374.6,2261804,173280900,56689.74,153706.671,467734388
31.05.2024,401175,92776.6,1827043,400342,148800,11706.27,436590,934144,2069025.996,107670.53,2989794.8,2243267,173928100,56157.71,153271.576,514624697
28.06.2024,403501,96398,1965138,381128,145364,11773.68,436902.45,958575,2059708.16,110703.79,2995218.5,2235189,174155300,56573.34,152658.157,556884023
31.07.2024,398767,90778.4,1992160,459723,144700,11884.05,432838.79,939541,2043651.04,114211.61,3027980.6,2227249,174745300,56450.75,151949.641,570717635
30.08.2024,400188,91889.8,1968866,478334,145500,11947.26,434608.93,954378,2041397.18,113796.07,3028809.3,2234668,175261800,55749.99,152418.209,602110765
30.09.2024,399206,96968.6,1897456,510263,146911,12183,429858.55,957150,2060745.564,114362.7,3072998.4,2282746,176951200,56555.07,151875.816,598392449
31.10.2024,401842,88075.1,1905882,497661,148050,12244.7,437743.88,970131,2108422.637,120361.09,3065365.9,2321964,177805600,56019.82,152995.495,609569310
29.11.2024,404644,89529.1,1808421,495895,152586,12418.03,436902.96,1002040,2174707.541,123491.19,3153819.6,2358800,179443400,56772.6,153294.79,598327603
31.12.2024,405816,90125.2,2243443,504605,152749,12819.42,451213.59,1062795,2366815.763,136588.64,3293419.1,2388783,182070200,59015.77,155000.808,586584263