Month,Qatar,Brazil,Mexico,Chile,Philippines,Egypt,Malaysia,Indonesia,Colombia,Turkey,South Korea,South Africa,Thailand,United Arab Emirates,Saudi Arabia,China
31.01.2000,,,,2121858,,,,,,,,,,,63127,16093.9
29.02.2000,,,,2064304,,,,,,,,,,,66520,13983
31.03.2000,,,,1956023,,,,,,,,,,,64659,13235.4
28.04.2000,,,,2030624,,,,,,,,,,,64664,13675.5
31.05.2000,,,,2134410,,,,,,,,,,,67888,13075.45
30.06.2000,,,,2051059,,,,,,,,,,,65268,13006.04
31.07.2000,,,,1972971,,,,,,,,,,,65039,13156.47
31.08.2000,,,,2017843,,,,,,,,,,,63335,13378.68
29.09.2000,,,,1946377,,,,,,,,,,,62920,13894.69
31.10.2000,,,,2202612,,,,,,,,,,,63009,13589.45
30.11.2000,,,,2001202,,,,,,,,,,,64894,13877.7
29.12.2000,,,,2474410,,,,,,,,,,,71963,14652.65
31.01.2001,,,,2175480,,,,,,,,,,,65998,17018.98
28.02.2001,,,,2249282,,,,,,,,,,,71091,14910.39
30.03.2001,,,,2264474,,,,,,,,,,,68143,14362.12
30.04.2001,,,,2148640,,,,,,,,,,,70957,14622.99
31.05.2001,,,,2245035,,,,,,,,,,,71271,13942.28
29.06.2001,,,,2264766,,,,,,,,,,,68217,13943.44
31.07.2001,,,,2290623,,,,,,,,,,,66665,14071.62
31.08.2001,,,,2410522,,,,,,,,,,,63338,14370.13
28.09.2001,,,,2413076,,,,,,,,,,,64483,15064.6
31.10.2001,,,,2316044,,,,,,,,,,,65660,14484.61
30.11.2001,,,,2359566,,,,,,,,,,,65967,14780
31.12.2001,3416,197942,225730,7053731.5,323474.004,102094,40022,181508018,11647926.58,7886,32826809,49254,543652.9,38387,67353,15688.8
31.01.2002,3383,195710,207113,6684552.2,293399.924,101425,42775,132295741,10329078.19,7721,30286659,44609,537416.4,37717,67042,16727.06
28.02.2002,3363,185553,202277,6696174.9,289003.266,102255,41641,136769821,9927819.443,8729,33184279,46291,564002.3,38014,70411,16642.65
29.03.2002,3395,181072,216309,6719297.7,317213.656,103730,40942,137784013,10659486.56,8498,33825675,48882,554240.1,36616,67808,15545.47
30.04.2002,3426,171703,201644,6793463.2,307933.207,102890,40828,143083052,10859879.75,8759,33513819,48593,559163.7,38934,68808,15864.91
31.05.2002,3550,176560,209439,6759270.4,314303.071,103954,40997,140624131,10433814.62,9215,34397218,47659,535017.1,37669,68786,15243.74
28.06.2002,3959,183291,212070,7093443.8,312977.571,105497,40934,141292136,11100303.24,9103,33148563,47106,531494.2,40167,68044,15098.04
31.07.2002,3812,177745,209975,7339460.6,297013.559,107196,40624,146701475,11167497.98,9007,33265937,47963,558069.6,38238,66837,15358.29
30.08.2002,4208,162049,210518,7222263.8,311919.743,106769,40544,148867126,11311806.29,9610,32482637,48525,539829.6,37937,65604,15713.28
30.09.2002,4042,193151,211352,7334983.4,308250.349,108219,40046,148060460,11627956.84,10719,36277878,51043,561585.4,38218,66237,16234.11
31.10.2002,3877,199703,213942,6947109.1,319367.625,108984,41301,150338008,11311066.27,10252,32730104,51473,554808.1,37456,72780,16015.18
29.11.2002,3862,190555,227630,7319112.9,328603.803,111287,43541,165099443,11919003.98,11829,34178482,53393,555550.2,38117,79821,16346.89
31.12.2002,3995,195615,263937,8032499.1,369784.638,111002,42581,179896071,14105096.22,21702,37987367,55431,617784.6,37652,77410,17278.43
31.01.2003,3994,181941,246102,7410632.8,332356.91,118258,47978,149074110,12604511.44,22426,36241681,51880,625446.4,39356,91260,21245.12
28.02.2003,4014,183167,241728,7447381.6,331004.539,122006,43435,152286333,12274162.11,22536,35688030,51372,600176.1,39036,89862,17937.58
31.03.2003,4157,173807,237850,7633250.9,335716.689,127152,43143,138803230,12251669.44,24030,38149860,52590,629619.9,39397,94138,17106.89
30.04.2003,4195,165570,243731,7188062.5,330748.842,129475,42802,149403154,11972360.23,22332,35940774,53819,601891.3,40187,92819,17441.44
30.05.2003,4543,159761,246356,7045390.9,341515.737,131877,42965,152400039,12380002.82,21653,36336723,52461,591980.5,39955,94875,17115.34
30.06.2003,4900,154634,240017,7152775.2,350192.668,137142,42719,156467221,12736666.31,22522,37312181,52735,596138.6,40095,75968,16957.18
31.07.2003,4450,157626,242514,7039213.3,308070.88,144090,43827,150845784,12650664.86,22180,35377059,53048,594914.5,39683,74736,17362.4
29.08.2003,3964,146925,242435,6870311.5,328869.851,148160,44695,157219286,12713823.23,23371,36243219,53631,602170.3,39218,74373,17607.08
30.09.2003,4026,143664,238703,7066035.9,322853.261,150386,44513,162326696,12742446.86,23911,38913431,56753,607831.4,39529,74432,18306.62
31.10.2003,4593,144564,247926,7066399.7,354090.54,153706,44552,165489560,13429008.48,25512,37234386,57295,611395.9,41041,76619,18250.94
28.11.2003,4655,149917,260002,6839222,358317.17,158168,47584,195908635,13697927.4,26871,36423056,59481,620663,42301,83287,18439.85
31.12.2003,4589,160771,303614,7381505.9,389768.43,155065,45534,202870056,16614631.93,25651,40748970,61995,691074.8,42301,78486,19746.23
30.01.2004,4605,157031,278373,6952156.5,367943.296,110429,49741,185384862,14670654.57,28211,39480573,58883,667190.2,47887,84413,22287.43
27.02.2004,4566,156536,273568,7151334.7,374604.839,111368,47052,168712630,14402221.77,27094,37196936,58632,672125,48997,79750,19893.44
31.03.2004,4573,147520,267425,6996727.1,366418.332,113754,47030,164819169,14425799.42,26665,38816093,60913,686537.3,48108,79866,19297.43
30.04.2004,4608,148604,273091,7212400.4,388101.134,114690,47549,172588711,14204203.43,28398,37933481,61574,666690.5,47874,81687,19878.4
31.05.2004,4802,150290,276652,7314480.5,387545.437,112284,46474,190060761,14510678.98,29250,37258418,61158,667326.1,48878,80277,19048.43
30.06.2004,4739,151429,278847,7627784.9,362200.258,118504,46446,182129446,15244413.94,30476,42334925,61039,663289.6,47298,81759,19017.58
30.07.2004,4660,156094,281999,7558917.8,367276.096,121912,47318,186088943,14825766.82,30014,38081182,62757,671737.8,47678,79311,19048.43
31.08.2004,4592,152052,277136,7415735.9,349055.657,123003,47382,184968544,15113666.11,31157,38739973,63024,684055.4,47839,79231,19517.94
30.09.2004,4985,149212,280789,7424773.7,341775.804,127432,47100,190386374,14399243.61,33083,41818251,65464,687097.1,47387,80960,20524.33
29.10.2004,4999,149679,285219,7196063.8,382490.377,134263,50036,192530399,15370293.35,32713,38571866,67044,710708.2,49003,84351,20078.49
30.11.2004,5133,152628,294825,7138466.6,373223.104,133809,48987,197979110,16048435.49,31473,41154880,70066,733173.9,53434,85405,20209.25
31.12.2004,6018,168345,340178,8275464.8,427801.534,134577,50085,206180428,19261618.16,33849,38791760,71179,776717,54766,91913,21468.3
31.01.2005,6239,163247,316650,7485120.5,407031.554,146986,53388,189972561,17267341.43,31924,39899562,70073,750829,53648,94011,24015.41
28.02.2005,7443,159155,307590,7504447.1,414104.784,154889,51892,186309378,17044238.08,33694,39278884,68535,769807.5,54748,84048,22667.97
31.03.2005,7751,159229,311856,7504934.5,403745.939,161505,50578,191380378,16848969.25,35215,42363542,72045,730556.7,57700,85477,21238.95
29.04.2005,7734,158594,306993,8248352.4,414665.723,167356,51493,189385776,17080320.42,35200,37436221,72380,739311.2,59949,90101,21666.56
31.05.2005,7722,158706,307690,8000461.9,402051.674,170453,50949,195994515,17405124.17,34344,40559833,72142,736163.5,58731,89956,20811.59
30.06.2005,8014,158228,314149,7781829.8,394874.856,177822,50658,205279110,17914026.74,37221,40707587,72718,734275.6,60580,90095,20848.76
29.07.2005,7856,161600,315322,7485777.9,427540.642,144717,50985,200863100,17327532.2,38664,38897372,72836,726923.3,62487,92658,21171.2
31.08.2005,7817,160973,306035,7332596,413379.243,169277,50761,208147891,17412093.21,38347,41111183,73486,726056.6,67834,88573,21351.56
30.09.2005,7775,161632,312475,7074410.6,428388.294,184092,52068,240875997,17580563.01,42178,39301982,74554,733154.6,71690,87263,22272.92
31.10.2005,7784,159567,316479,7221079.6,445228.26,191824,55530,267995801,18005559.69,42490,39352351,75875,743514.3,78316,100709,21892.98
30.11.2005,7816,162439,327170,7016485.3,420952.932,191541,52577,245447000,19421741.57,39638,40783743,79989,745196.2,71135,94047,22409.39
30.12.2005,8251,181385,380034,2928169.3,467585.817,197386,52623,269970876,22804646.46,47628,43248968,79554,816012.4,65347,99131,24031.67
31.01.2006,9027,172748,354741,2807455.3,432735.006,213330,60534,244797194,20743073.96,41712,43991538,77902,826645.6,65918,93518,29310.37
28.02.2006,9063,174903,346431,2834000.8,432356.63,218980,54819,242824339,20290773.04,43660,41635750,78705,796976.9,71945,93618,24482.02
31.03.2006,8986,169329,353044,2779830.8,449603.181,221116,54083,245867168,20532670.51,47240,45338278,80356,804780.2,71825,103236,23472.03
28.04.2006,8848,169745,357800,2659657.4,458941.085,220369,54475,243802869,21438975.29,50373,41633393,81562,784127.8,75931,100637,24155.73
31.05.2006,9627,166857,358024,2682106,447732.818,218854,53314,261810359,20612711.54,48952,41239059,80759,767225.6,76815,106695,23465.32
30.06.2006,10280,177240,369072,2860425.4,468794.575,211187,53423,269529809,21836990.25,55091,43069861,79106,747547.4,80939,100797,23469.08
31.07.2006,10354,177525,368681,2588964.2,458213.65,218227,53702,266899027,22744592.9,50464,41314818,81638,767704.4,80355,97192,23752.59
31.08.2006,10222,183121,364352,2758633.3,459741.029,221429,54597,270721739,22812038.95,50863,42727426,83524,752968.3,78435,95260,24185.36
29.09.2006,10130,185339,367140,3106744.6,487927.616,236554,54997,282547263,23091922.71,54364,43350171,87908,756588.2,81333,99749,25687.38
31.10.2006,10094,181291,368271,2922576.7,561994.266,246402,56825,321353712,22782086.96,50921,37997180,86254,769282.5,80128,103291,24964.16
30.11.2006,10115,186042,395670,3013496.7,626135.037,253839,54244,294834094,23074762.61,48915,39721088,91310,781526.7,86249,99108,25527.25
29.12.2006,10147,204249,449821,3405611.2,719033.256,272403,58216,346492472,27032198.11,61114,51869521,95948,833997,86499,114557,27072.62
31.01.2007,10209,193600,409948,2953887.7,696242.914,288985,58901,313794571,25543912.48,51954,48689766,90017,812317.3,89008,100501,27949.13
28.02.2007,10312,189705,399604,3296831,729327.981,296756,59701,319854610,26493653.8,56580,46907153,91921,825636.1,96403,100878,30627.93
30.03.2007,10155,192530,409814,3344433.5,776665.472,295953,58657,299155389,26505312.8,54674,50807775,94076,801951.7,113615,103626,27387.95
30.04.2007,10581,200541,400646,3526275.9,780115.436,302659,59697,302634568,25041819.73,56511,50815074,94395,806986.1,133270,103095,27813.88
31.05.2007,10541,195495,407228,3656173.7,753806.237,297434,57967,304297963,24424841.34,52131,48721482,93994,800147.2,141834,106350,26727.97
29.06.2007,10896,204273,408728,3683981.2,770395.696,304040,59069,319756833,26611162.05,60267,50636715,97026,765024,145452,103023,26881.09
31.07.2007,10922,206089,408167,3528142.3,772976.964,310816,59299,310250202,25096064.45,58684,49232859,96293,800943.9,139877,103657,27326.26
31.08.2007,11134,206479,410822,3629450.6,763462.49,308137,61814,326117657,25162831.73,59983,49243363,97569,770808.1,136238,102166,27822.39
28.09.2007,11486,215343,412441,3739946.3,764346.523,306486,62944,323709145,26039124.4,59006,51017224,98561,822882.5,155465,107869,29030.58
31.10.2007,14368,219238,417008,3301139,770250.39,321707,59922,345713669,26928884.25,56584,52200669,98743,811268.3,165369,110351,28317.78
30.11.2007,25291,228819,431866,3255484.7,784817.181,325527,62676,344831319,28711442.54,59168,51979829,104249,829157.3,261767,109190,28987.92
31.12.2007,30634,248840,494743,3672153.3,848784.896,325345,63899,438459841,32415323.12,66626,56398976,110029,899242.2,265657,124136,30334.32
31.01.2008,22916,233214,459689,3590160,776384.548,333811,69629,350837991,29954574.24,60248,53108246,102880,881651.8,257651,117876,36673.15
29.02.2008,33874,230086,447829,3797330.6,807204.033,342977,67696,337743955,29123894.52,62065,49614870,106047,882774.7,266007,126236,32454.47
31.03.2008,47597,234086,447711,3566431.3,811603.927,340180,65548,357046795,27292604.47,66381,49303653,107881,898960.5,278108,126102,30433.07
30.04.2008,47211,232959,445503,3621387,806665.807,349089,65340,360902337,29530312.76,63338,49911856,109748,877943.7,239454,129478,30789.61
30.05.2008,44906,243460,451314,3664023.8,842059.565,350254,67375,372498966,27572247.04,67334,54088456,107247,864228.4,222413,140637,30169.3
30.06.2008,38725,245631,447614,3986019.4,859863.272,352765,68363,402575520,29113658.61,74687,52599784,108971,870191.8,209853,156097,30181.32
31.07.2008,22972,244707,463303,3512431.6,789091.735,362440,66584,382073158,28548632.24,70994,53432954,108696,867917.8,185335,156042,30687.19
29.08.2008,20326,250719,462797,3683763.3,836530.422,350562,69314,369328694,28283748.53,64511,55444196,111821,851450.4,170214,158661,30851.62
30.09.2008,22864,254906,458616,3567044.5,847581.911,345580,73590,462732180,30270443.41,74688,58349365,113301,866134.7,160581,170419,31724.88
31.10.2008,22417,228908,477713,3617638.5,892380.221,311342,69493,389168730,32676999.56,80213,53287281,115125,889192.6,154328,148761,31317.84
28.11.2008,21300,231323,505084,3650379.3,852163.751,300330,69112,377428073,33207872.7,83706,58438572,118264,900174.9,149088,155648,31607.36
31.12.2008,23619,205623,577543,4229786.9,961465.727,291060,68513,425846665,36194903.79,85138,64846321,119560,1002171.3,148645,143303,34218.96
30.01.2009,22222,195084,552789,4153237.3,892276.79,284911,73662,378595864,33391083.91,72258,63423952,115251,930714.3,133779,141971,41082.37
27.02.2009,25104,193973,539232,4370444.2,879992.02,278442,60539,352484407,33636695.73,76085,70559182,115863,934129.6,141475,144186,35141.64
31.03.2009,30446,192729,533819,3930524.4,863477.772,276817,54097,361863250,33231593.23,86320,71710137,116543,936237.5,150857,141621,33746.42
30.04.2009,32262,203041,537359,3997198.9,893287.787,271527,53781,372477552,31937719.12,75432,59752448,119348,955516.2,143337,143953,34257.27
29.05.2009,38002,192031,536607,4028692.1,902574.151,260314,54731,370889085,30854418.56,80127,59916351,116659,914055.7,152097,144146,33559.52
30.06.2009,41107,198602,531630,4650911,875124.803,257975,54743,389381512,34425640.95,83085,65406113,118171,942289.8,159855,145902,33640.98
31.07.2009,38032,196159,541062,4021039.1,898434.051,271350,52057,377915321,33782925.08,75555,59199012,117118,920078.9,165747,152747,34239.3
31.08.2009,39060,199339,529496,4225927.5,900363.968,280478,54063,387884895,33567225.88,73293,62171792,118095,928957.9,165853,147822,34406.62
30.09.2009,38872,209085,524786,4361319.3,894078.155,281736,55788,412621245,33083061.04,88873,66636688,118111,944233.1,176783,154248,36787.89
30.10.2009,39860,207522,534521,4457724.6,942028.428,296231,52627,446440615,33468053.9,79564,60544168,118768,939436.1,177182,152754,35730.23
30.11.2009,50948,217306,547654,4371949.8,973341.919,298813,55217,437994442,34265840.33,75468,60194232,123824,976102.4,184334,164749,36343.86
31.12.2009,45903,228924,632032,4582203.5,1047927.913,296302,54814,498978712,39546608.89,85929,67779116,124292,1063962.5,183415,151745,38246.97
29.01.2010,45257,219435,600422,4558087.9,992391.932,295003,58524,469691259,37707270.45,74783,67409423,123081,1009920.7,173259,152776,40758.58
26.02.2010,45466,218399,584841,4902207.6,987265.717,301513,59746,441525083,36804571.68,75928,71152021,120786,1059309.8,171255,155976,42865.79
31.03.2010,50198,309807,597194,4441275.2,1014704.448,296394,56536,468657169,36224073.56,78691,72203404,131268,1056772.6,173470,154248,39080.58
30.04.2010,52346,371000,574363,4572242.2,1028849.664,291496,56380,394353056,34786840.33,82852,68987661,126209,1058894.2,173904,157998,39657.54
31.05.2010,58201,376852,582624,4773175.9,1018644.464,292808,57852,398940138,34860255.07,84399,72770390,127002,1048027.3,177211,156777,38652.97
30.06.2010,59050,381327,577866,4755713.6,979010.029,304580,55679,412137119,38945547.14,92252,73710596,125654,1030798.1,180493,161602,38904.85
30.07.2010,62204,390310,593184,4737601.5,991866.678,305884,56040,418161756,36940516.69,84927,67165164,129261,1025561.4,183599,162675,39543.16
31.08.2010,65530,411925,584120,4806639.1,969689.811,342692,60310,432865518,36929101.73,88217,70709080,127354,1003692.6,188411,172388,39922.76
30.09.2010,69888,421227,589263,4963424.3,985579.256,351281,57560,430845908,37610539.44,90715,73457901,128623,1075889,183517,167636,41854.41
29.10.2010,80335,426575,590030,5377273.6,1040335.422,347708,58465,424478326,38235872.96,96021,70788346,128466,1030198.3,193293,170181,41646.21
30.11.2010,85780,435626,605690,4816877.8,1024356.176,341478,57613,489806384,38044622.37,101422,71714713,133383,1067485.1,208818,172184,42252.16
31.12.2010,91809,530561,693423,5525857.5,1120545.993,333296,61261,525145396,44877585.72,105262,74545691,135853,1200464.1,205497,171261,44628.17
31.01.2011,65558,529592,648031,5429869.2,1069100.756,313991,68147,518032758,42284489.83,117308,80344431,130076,1190209.5,205283,174287,58063.94
28.02.2011,49626,522929,638282,5394677.8,1045778.467,286363,63087,513682254,41446083.87,127153,72889030,127240,1190246.5,219951,176760,47270.24
31.03.2011,43987,521031,634712,4977218.1,1057715.362,267448,61911,529632090,41616693.59,123737,78375694,135018,1224122.2,234533,191438,44845.22
29.04.2011,50528,518287,645583,5411240.6,1075725.149,253752,70477,544355775,40409366.33,146011,75395689,138135,1157750.9,243829,198305,45489.03
31.05.2011,51867,524522,637598,5070133.7,1060711.386,258914,77242,551431218,39709652.26,158072,72175269,132468,1148448,243464,197408,44602.83
30.06.2011,47486,538893,635325,5580813,1100960.859,253142,76346,577605244,43061925.76,166493,79785311,139080,1178699.9,249156,200444,44477.8
29.07.2011,47698,539421,645656,5151368.7,1100532.877,257045,87883,591194288,43306571.77,166554,74830161,138229,1160839.1,242276,203758,45183.1
31.08.2011,48710,537742,635306,5146775.2,1097533.918,255698,95302,663715092,41632746.14,176537,75375766,140311,1172898,236793,216195,45775.29
30.09.2011,39768,556132,643274,5861867.1,1163236.323,264388,88090,604217922,42287968.09,170659,76247996,141586,1182635.6,228863,202609,47145.29
31.10.2011,38779,562804,651532,5974130.9,1217618.371,258515,88637,606452169,43859586.78,169015,75328735,143738,1264186.4,228863,214674,46579.39
30.11.2011,31952,557717,675505,6021884.7,1200474.402,259527,88107,610398563,45813055.56,153954,76710025,149579,1212941.9,228863,209925,47317.26
30.12.2011,31186,587671,763492,6855602.4,1323000.418,259872,96339,657337185,51341929.26,146443,80055930,156551,1318758.5,209740,210856,50748.46
31.01.2012,33626,573720,724694,5803304.2,1227050.569,266829,101573,635844819,47623455.45,137481,80931269,149609,1284062.6,210309,206871,59820.72
29.02.2012,33336,537409,711445,6466193.4,1219570.682,257221,97996,621919456,46002068.82,146124,81053694,151422,1261151.6,211045,212404,51448.78
30.03.2012,35128,532572,723849,6223009.6,1256985.801,258435,97561,629992619,45242333.34,152164,95411832,153644,1264578.1,219948,215216,49595.74
30.04.2012,39685,520751,732244,6175430.6,1276227.791,259341,99457,640577357,43851573.81,154984,81795116,151684,1293131.7,222265,217596,50199.32
31.05.2012,39719,521292,742960,5750649.2,1222458.017,266163,99332,652302179,44612353.99,153873,82226101,152036,1291911.6,216803,219434,49039.72
29.06.2012,39858,531437,748819,6395823.3,1272364.749,266798,100844,674022568,48073950.77,153432,90822525,153851,1281338.6,222293,221966,49284.64
31.07.2012,45136,522906,747221,6047267.8,1215157.716,258478,101498,681639162,45830192.73,159575,78199503,149523,1269581.9,222041,220294,49705.85
31.08.2012,43997,521857,738072,6351994.9,1270127.535,263984,103920,707127464,45357572.07,173145,85252384,153535,1279665.1,222754,231237,50235.06
28.09.2012,44972,508562,728581,6124572.5,1284560.372,267926,102828,687051291,46072720.51,175225,94648331,158692,1304390.9,222926,223626,53433.49
31.10.2012,43955,496745,740225,6480220,1298552.6,280804,102474,696205465,47671851.42,190057,85877728,161097,1303610.3,227211,238934,51467.71
30.11.2012,44960,493167,758618,6313417.8,1343572.258,272957,103244,697525434,48316521.4,182923,86073405,168989,1324717.5,232919,226548,52392.12
31.12.2012,45555,508030,846019,7890360.4,1475632.894,268322,105832,755250658,56464373.25,190104,88341969.4,174103,1446714.4,238209,235629,54659.81
31.01.2013,47152,496592,787098,6513742.1,1393755.328,292442,112162,714124236,50708311.07,189712,83206115.4,163878,1387418.8,245936,234267,62449.63
28.02.2013,48535,485325,778365,7331928.8,1321689.656,299181,110965,706291164,49203548.14,196451,94843448.4,163956,1385524.3,254161,234159,60313.65
29.03.2013,44552,488292,803484,7209092.5,1489939.679,306422,110991,716540465,50200856.08,210328,98028199.4,170194,1378505.4,253298,237258,55460.52
30.04.2013,48295,489603,764629,6783905.2,1462085.22,311397,110601,719477377,47910531.5,212273,94747664.4,169608,1368112,245725,240999,55607.15
31.05.2013,52852,484445,772200,7347513.3,1513793.212,322574,110853,735407118,52640160.09,217080,99247318.4,170516,1363208.9,249690,242407,54431.39
28.06.2013,45577,504918,773245,7687045.9,1540496.792,338307,111708,753233999,53590105.6,222014,101126078.4,168130,1332295,255723,245769,54063.91
31.07.2013,42553,506387,769510,7757682.5,1538794.755,351203,114122,808800718,53148131.6,220612,86478173.4,170882,1334207.8,251146,258471,54412.78
30.08.2013,39445,520143,769245,7158669,1608561.129,355266,112916,776026338,53008936.44,251721,95254698.4,171866,1344782.7,250595,254045,54925.35
30.09.2013,47828,539430,769836,7146770.4,1621933.521,367759,112706,782160843,51736345.33,252251,101965197.4,169771,1348040.2,259319,251920,56492.53
31.10.2013,47495,522777,779989,7110967.2,1690530.771,381860,111196,797865878,55175373.89,253282,97204598.4,175950,1391612,259733,256130,55595.72
29.11.2013,47255,532099,821532,7606783.4,1766034.584,387480,113973,818087447,57525538.44,252290,94335616.4,187560,1395753.6,266134,252525,56441.27
31.12.2013,44039,574550,917876,8754473.9,1926202.108,406069,115825,891612465,65098798.16,263510,104262012.4,191139,1528078.5,281800,256078,58574.44
31.01.2014,63531,560240,869144,7364918.9,1830099.376,412736,126854,849783025,59517987.09,271841,102718316.4,178260,1541301.9,288310,258455,76488.6
28.02.2014,57238,566324,864385,7770537.1,1809046.429,409181,120947,820200317,59204097.46,277569,105952148.4,176827,1537538.3,287846,262320,62320.95
31.03.2014,58745,573521,858039,7585232.8,1824851.897,395185,119911,836138422,59381916.37,276775,104645552.4,175337,1543124.6,297840,270196,58329.3
30.04.2014,54618,567399,873153,7687753.6,1871298.716,399528,119080,843540291,59143723.63,276244,98882246.4,181551,1523782.4,293257,267356,58615.54
30.05.2014,54528,562889,875566,7789848.8,1975419.779,397015,119683,855893637,61455398.26,272604,100787034.4,179757,1457346.9,296941,272594,58051.11
30.06.2014,55847,573470,875845,7522805.4,1959539.081,408814,120628,863696623,62286306.63,281866,108039114.4,178693,1454117.3,308943,281702,56951.05
31.07.2014,57741,580932,887168,7468687.7,1887286.69,443092,123909,960507807,62575193.98,286202,106243005.4,185702,1407375.8,302460,301548,57346.5
29.08.2014,57403,548548,886287,7895638.9,1967732.89,452379,122057,891430101,60983792.17,290771,113389619.4,186510,1399999.5,301368,279358,57997.61
30.09.2014,56894,538874,883141,8002790.3,2004045.398,411192,121272,889211926,60617841.35,301540,111871580.4,190609,1385458.3,311456,291986,58844.99
31.10.2014,54453,530514,908616,8001445.4,2071178.172,423986,120654,921249849,62461663.64,291507,108763840.4,187036,1430501.5,302290,293715,57691.64
28.11.2014,53993,531323,944942,7805800.9,2110858.908,437999,122651,926583405,65133249.82,288190,107076349.4,199128,1458174.6,303715,283459,58438.53
31.12.2014,54209,548461,1062893,8183119.5,2323905.095,461348,124760,993319606,69682400.79,296622,116793678.4,205184,1611461.1,309204,282924,60259.53
30.01.2015,54020,525863,1024726,8251681.2,2127825.135,475205,132728,929634502,67301232.25,304335,109753123.4,196657,1528233.7,292404,283130,63040.507
27.02.2015,49528,522378,1025435,8348870.1,2117420.157,471449,133634,931261750,66581945.71,312930,116619068.4,196708,1552286.9,292594,299014,72896.193
31.03.2015,50631,524322,1064273,8452281.2,2094926.769,488409,131881,926647343,66454202.25,319165,123252475.4,198675,1543823.2,304418,300715,61949.81
30.04.2015,52506,519039,1046382,8494929.7,2139320.309,494981,132687,954802028,69026211.3,333464,123050945.4,200585,1532063.4,291366,304829,60772.46
29.05.2015,56020,526021,1057904,8833579.4,2169837.65,484282,131332,958163944,67904890.3,327259,117151228.4,200070,1497482.6,295545,307892,59075.97
30.06.2015,64980,513880,1054391,8477534.7,2130044.614,485875,132368,968608134,69277585.81,332822,125813116.4,201388,1492618.5,302433,313348,58604.264
31.07.2015,64844,514328,1073443,8232771.8,2189336.805,526848,132838,993928936,69160019.39,348687,115093255.4,206756,1480191.6,300358,319836,59010.708
31.08.2015,56498,527538,1079657,8351798.7,2206508.811,539781,134809,974423394,68841197.39,367411,127014227.4,207813,1504648.3,288638,306312,59061.79
30.09.2015,50163,554807,1073234,8498535.5,2197491.625,584051,133678,975251140,71462052.14,390333,131033931.4,211741,1545278.5,295286,320837,61022.97
30.10.2015,49018,566280,1095610,8511962.9,2220151.649,591634,134545,973714266,79121655.91,362137,127422270.4,211710,1515519.8,299430,302654,59900.475
30.11.2015,48661,571389,1118917,8416418.7,2315449.541,589117,134549,975981319,77148954.43,364081,125515598.4,218409,1548137.8,302349,298418,60328.24
31.12.2015,48662,594427,1241685,9151628.2,2467059.181,569918,137325,1029905931,82521950.05,352507,131438804.4,223630,1651271.8,365158,300697,63216.578
29.01.2016,48246,582084,1203744,8896598.2,2366694.549,572552,144084,966423987,79688437.07,360030,129407884.4,212519,1590042,315897,293663,72526.51
29.02.2016,49357,593437,1190669,9116132.2,2323226.854,589482,133459,957818688,78595586.24,369005,133668728.4,214951,1572218.9,326190,296049,69421.495
31.03.2016,52549,578867,1216041,9428428.3,2361525.868,581878,129960,940790254,80114138.47,369552,135399755,217263,1667429.3,329565,298171,64651.21
29.04.2016,51585,576171,1200802,9428428.3,2450597.748,575839,133159,961110174,78075824.13,366893,132719743,218668,1603708.6,324446,298230,64403.17
31.05.2016,51226,583328,1223289,9451626.8,2431992.957,617304,131391,974440877,77908501.93,379579,135575703,223409,1585490.7,326368,302764,62780.714
30.06.2016,64463,583845,1237332,9096560.1,2327638.216,628067,136531,1063339711,76404777.06,392788,137961516,214435,1579033.2,328540,321518,62818.894
29.07.2016,60971,591341,1253084,9907739.6,2470708.372,645284,135190,1007822280,76685863.27,399670,133761817,221141,1549259,320807,306750,63276.009
31.08.2016,55406,595813,1245686,9034591.4,2399449.095,671251,134240,997786570,76546912.59,404789,136740787,218635,1523483.1,324233,305266,63454.699
30.09.2016,57016,613603,1252267,9423847.3,2504044.76,709170,136173,1008136845,77548588.37,403778,144308851,222126,1576450.8,325546,304401,65068.62
31.10.2016,52673,613572,1267239,9964880.7,2544303.399,731437,135190,1009074189,77877053.18,413224,138061350,224282,1573343,313679,298775,64214.933
30.11.2016,52585,614788,1307077,9725184.5,2534713.614,766002,136082,1021568214,77868733.56,413922,140003112,229096,1584852.3,313650,299374,64903.501
30.12.2016,54988,642501,1420269,10342493.8,2757771.98,856607,141737,1070048263,84599929.77,408059,143435305,240004,1753532.2,338072,302404,68303.868
31.01.2017,62081,645546,1382791,10301723.7,2630029.536,864697,148338,1030791018,78092246.34,415042,149132912,224073,1698846.2,325436,301552,86598.61
28.02.2017,60941,648316,1367861,9815314.2,2560975.696,885867,140007,1030509625,78239464.41,405404,146929993,222945,1720523.4,336370,297934,71727.688
31.03.2017,60481,630460,1370072,10097732.1,2734817.559,933481,139368,1045342604,80163337.84,414801,152539240,226303,1685951.9,351559,302693,68605.05
28.04.2017,63537,651075,1379550,10420599.3,2751948.227,941335,141544,1066038824,77103501.45,406847,148202915,230474,1701396.4,342280,301187,68392.596
31.05.2017,61742,631967,1375218,9536167.7,2653070.407,989299,139786,1084840914,77966337.83,412709,146241612,226193,1658200.4,354510,306556,67333.207
30.06.2017,71934,659405,1371218,9771302.2,2815199.461,1045495,145291,1220031871,78099857.41,429540,149971695,230188,1639410.4,355028,322689,66977.682
31.07.2017,55899,652489,1370625,9792698.3,2775798.604,1112977,141165,1076352593,78292691.51,426356,151177510,230132,1698000.7,355934,307181,67129.041
31.08.2017,60264,663928,1354488,10865923.5,2843873.038,1174784,144741,1082203141,79159257.11,435829,154591010,233508,1693026.8,361754,313478,67550.989
29.09.2017,61102,676511,1357349,9950678.9,2879741.058,1182139,143121,1086544792,79366696.58,430716,161818814,234701,1708827.3,358703,308922,69748.54
31.10.2017,57394,670380,1372081,9797689.8,2902065.609,1210154,142055,1093778019,77627981.09,456081,157141925,234173,1686108.9,348935,301197,68230.688
30.11.2017,57979,676037,1410047,10268371.7,2903631.678,1199354,144134,1109757580,81210760.24,468217,154807523,243431,1703762.9,356347,297926,68623.157
29.12.2017,62771,704436,1545934,11105786.6,3136499.19,1206838,147417,1165674070,88812688.57,457790,155880975,256894,1869273.1,377348,301926,70645.599
31.01.2018,57954,678794,1483140,10278761.4,2937520.357,1264570,154251,1107638922,84703155.83,459242,158176638,235405,1809083,358045,305054,74636.29
28.02.2018,59986,668025,1478777,10022778.1,3001797.904,1339212,155840,1103193843,83532515.35,462515,165676030,234697,1814497,363796,308896,81424.243
30.03.2018,63752,680259,1522134,10349965.9,3045784.739,1346038,154936,1121053722,84420232.08,477213,163765621,245659,1850383.4,365221,311894,72692.629
30.04.2018,72647,677210,1495941,10230399.5,3026581.235,1376001,157120,1120659513,83161941.21,481494,159087961,242913,1810634.7,345265,312222,71476.456
31.05.2018,70147,657502,1510220,10741296,2979014.948,1387210,161613,1191232599,82037435.73,506022,162659652,243542,1728295.2,350142,320531,69774.808
29.06.2018,66972,659935,1534342,10513903.8,2980254.981,1393795,161082,1209230749,83050751.87,509726,167048272,244430,1734817.1,354009,326643,69589.333
31.07.2018,73231,674955,1528710,11197792.4,2908320.593,1399758,155591,1087252273,85190656.3,533546,164566531,243726,1925612.1,355975,313960,69530.59
31.08.2018,75265,667727,1520064,11819105.2,2988197.174,1422494,156387,1093530380,85255231.56,580060,170586799,246426,1758510.2,353970,317007,69775.393
28.09.2018,72427,679536,1509265,11241801.5,3017687.061,1440524,155768,1088931567,84382171.41,544286,177902426,252610,1733804.9,347648,311497,71254.261
31.10.2018,77229,693609,1528719,10549499.5,3065095.093,1423981,153804,1088394914,83336337.78,507358,173738887,254270,1720455.3,350675,311458,70106.62
30.11.2018,74608,684411,1566428,10755425.1,3129540.957,1495329,154872,1087057004,86706378.17,490796,171141717,256282,1815509.3,371653,310686,70563.304
31.12.2018,82866,715837,1674211,11295937.6,3338017.042,1358380,155578,1167523159,98052535.87,500845,172353298,268745,1927988.9,379658,311615,73208.4
31.01.2019,76051,693854,1603684,11249178.9,3044918.673,1328397,164788,1097364753,90810707.49,495841,179920824,252723,1831276,362431,313525,87470.615
28.02.2019,71991,698661,1579046,11855226.7,3064010.133,1397491,160220,1082232684,89347244.48,491189,180690675,252973,1880305.3,378474,317391,79484.72
29.03.2019,82713,699712,1561116,11755290,3227041.838,1407350,159718,1086744672,89884288.46,518977,180425465,261864,1848472.2,372854,320354,74941.576
30.04.2019,88884,705292,1571665,10670102.2,3185104.343,1420201,160521,1109736860,88149962.67,541891,176149421,264034,1891042,385860,317108,73965.76
31.05.2019,87015,708707,1574536,11250324.3,3226640.882,1429414,167209,1240558375,93056903.28,576065,183868670,261387,1833795.1,396137,338829,72798.46
28.06.2019,83726,709205,1574602,12354790.1,3113809.726,1466375,162632,1117978482,95482171.61,561649,183143538,261880,1830407,397157,325958,72580.96
31.07.2019,80334,686568,1561176,11396466.7,2989583.627,1387415,160956,1111734856,94268294.09,535321,173689041,262674,1814171.2,385909,328170,72689.25
30.08.2019,74608,691381,1569316,11047916.3,3061893.759,1426267,162446,1114412968,93341298.48,560161,185472984,265297,1812237.8,386275,327154,73152.625
30.09.2019,70710,697377,1556211,12250270,3090821.309,1441604,161496,1114802112,93624890.23,548801,186543991,268320,1822206.4,392760,321954,74129.755
31.10.2019,71502,708364,1562900,12244050.4,3107060.567,1451769,163847,1114771757,97603782.08,574263,187003239,265723,1897711.2,390221,323203,73395.403
29.11.2019,70270,717852,1621395,14079588.9,3136996.221,1476013,155950,1115889798,100768519.5,554422,186456991,279386,1858512.2,404998,321575,73973.823
31.12.2019,72057,739570,1742475,12335260.5,3238044.287,1462661,159558,1201174228,112442846.3,565961,191829324,282041,1995531.9,409593,324674,77189.475
31.01.2020,75614,744822,1697687,12256854.8,3072616.088,1378544,163891,1098841643,102752276.4,578679,190856860,267166,1954992.9,408446,331213,93249.163
28.02.2020,75830,728968,1670343,12549110.4,3047221.439,1396345,160663,1091216474,101543978.2,625640,196955352,265912,1933898,415540,330486,88187.054
31.03.2020,91015,630618,1770528,12771543.5,3162689.55,1388619,136261,1088646219,106594639.4,610782,194031842,302237,2037096.1,415177,340692,83022.205
30.04.2020,110694,690036,1791789,13460830.5,3296537.805,1272528,139354,1086922860,115831506.5,669264,200616859,267957,2129006.2,407505,351552,81485.215
29.05.2020,109582,736638,1850824,14043819.7,3384200.179,1194805,132345,1019328134,109342735.2,736678,210307180,278105,2100683.6,407099,357970,79706.83
30.06.2020,102757,761097,1857092,15067486.9,3142279.687,1279580,128258,1007597159,114804025.3,731871,220161669,280631,2238044.1,408230,354261,79459.407
31.07.2020,106394,800955,1914662,14340472.2,3129070.998,1305162,130325,981046151,111954860,809226,208587614,307616,2106254.1,405319,362632,79867.208
31.08.2020,105611,786080,1914938,22181099.5,3146434.19,1268729,130599,989779191,113948124.9,766477,218973504,307494,2104348.5,417029,353559,80042.707
30.09.2020,99916,783283,1898296,24962952.5,3019516.705,1257412,129937,1020778977,114920608.3,817609,216880968,302910,2115416.9,416816,351527,82370.87
30.10.2020,94442,807474,1920444,24346573.4,3155682.766,1360376,131534,1036493642,114911197.1,866921,218553160,294715,2120422.9,402800,351149,81036.43
30.11.2020,94740,798442,1990506,23736738.1,3217544.733,1303913,132125,1046268307,119311513.5,873421,221264851,304844,2106065.7,402216,349694,81593.61
31.12.2020,100720,798914,2118243,,3401764.677,1309683,133842,1205421407,132453078,926655,221503717,299127,2253138.7,427445,352651,84314.53
29.01.2021,99033,811155,2101714,27817977.9,3261738.214,1462709,141455,1048478259,122173580.7,907905,223711474,291850,2209681.4,416906,354904,89625.24
26.02.2021,103058,775807,2088210,27232173,3234859.353,1437300,143477,1043704215,122222703.5,886182,236265644,285782,2262263.3,426287,353248,91924.6
31.03.2021,104543,768843,2178192,27603253.3,3291008.005,1438645,143814,1048891951,120784383.6,964040,234792371,292891,2299389,437104,355108,86543.64
30.04.2021,101809,786214,2148400,31860868.3,3310746.677,1510869,146660,1116309266,123964501,976778,234431342,280093,2335208,430880,362435,85803.37
31.05.2021,100016,768686,2147225,31709242.1,3286449.536,1468103,146870,1178227171,124708442.4,1041773,238704864,276176,2267667.7,443428,364083,84177.72
30.06.2021,100823,791629,2156047,32194779.4,3219545.851,1456857,145153,1152885515,128209755.6,1080452,242801063,294692,2241657.4,443115,361586,84346.97
30.07.2021,113043,805107,2177779,21742587.1,3295560.594,1653894,146070,1198581377,128519164.1,1107715,239636687,292886,2226092.7,436869,370488,84717.56
31.08.2021,111787,786075,2174192,28297183.5,3277933.223,1683349,147820,1182166879,128020112.7,1128297,245448706,290281,2337893.7,444782,359837,85059.2
30.09.2021,100045,785676,2198931,23504213.5,3148753.317,1732684,148608,1216443194,129100420.1,1182135,251060116,302625,2336257.8,449110,357535,86867.09
29.10.2021,106674,781706,2225574,22699443.2,3397269.42,1826822,150401,1217831461,131129288.1,1262681,247044089,294637,2345250.2,455087,353711,86085.78
30.11.2021,108076,821683,2286794,23743579.5,3316622.165,1773626,150704,1240716515,136035772.9,1685328,242888661,300815,2434702.9,461755,354368,87433.41
31.12.2021,106505,820263,2440781,21456306,3598649.213,1984559,153507,1438332453,145258642.1,1788579,248785547,312465,2500967.7,484025,356276,90800
31.01.2022,107154,830085,2433663,26436424,3448885.43,2038870,159458,1304390333,136186575.4,1748127,252553325,297555,2395390,481211,358783,106188.87
28.02.2022,82015,807261,2438546,20851349.1,3431219.241,2080383,155923,1282714433,141170854.7,1744588,260625401,293013,2445562.5,486745,358253,97227.7
31.03.2022,83437,805133,2511751,30660068.8,3287598.584,1785010,155548,1367707520,143466158,1774806,265200790,308798,2457945.4,478895,356545,95141.92
29.04.2022,84852,832650,2474416,25216483.1,3588861.935,1844522,169533,1538193470,141678703.6,1858890,263730375,301212,2462809.3,477971,372443,95626.49
31.05.2022,88519,843741,2463886,19595234.4,3533294.117,1905995,164011,1386079316,142252168.6,2032701,266837543,305540,2421235.4,471093,365405,95546.86
30.06.2022,84573,887443,2455161,19542315.9,3333659.814,1928762,163384,1420403743,142196817.4,2156040,283469790,310816,2344126.7,466044,362772,96011.17
29.07.2022,88793,880533,2489347,18345948.5,3506010.508,1999687,161630,,142137166.5,2290660,257290961,309558,2362604.1,463716,362154,96509.19
31.08.2022,90985,912906,2459987,20049929.4,3362472.48,1956247,161109,1548419219,143239908.2,2376968,276637317,349484,2333346.9,471445,357680,97231.03
30.09.2022,86142,926176,2480963,17906175.6,3485452.597,2040168,164120,1543215319,143067613.9,2456449,279655429,352329,2357202,461467,354316,98672.06
31.10.2022,106882,928309,2492681,17688110.9,3508117.475,2088423,164709,1697592503,147043945.6,2505013,266693301,353140,2501180.3,462772,359821,98416.71
30.11.2022,104460,937939,2546233,17175645.5,3520795.305,2268268,167617,1556871971,144834005.1,2558361,264982123,361495,2441772.4,481337,361480,99740.12
30.12.2022,98965,956834,2700041,17641229.9,3780529.502,2107856,196820,1782004941,154572988,2633464,275963489,359965,2465059,512273,364156,104706.03
31.01.2023,100870,962750,2663291,17668207,3567225.288,2201221,200912,1609211518,145660129.4,2580484,255849776,359965,2468502.9,529825,359842,114601.3
28.02.2023,103924,941679,2640274,17192720.2,3798075.873,2254556,194855,1547266951,140551898.4,2533889,270346068,360869,2462013.5,537536,360279,107602.58
31.03.2023,108351,975522,2681153,16140027.5,3676823.072,2230279,195964,1572563210,143420131.1,2646068,268517286,391669,2525801.7,555755,375592,105591.3
28.04.2023,102018,992349,2662966,16407633.5,3714564.701,2502597,201172,1676824205,141050323.3,2742293,267226241,389615,2587927.9,582247,381456,105904.46
31.05.2023,99098,1002270,2683963,16563914.9,3551963.798,2496681,195531,1603389314,138149489.7,2560909,261700847,403379,2434225.6,608826,375462,104756.71
30.06.2023,103995,1028002,2684908,16897335.2,3604420.269,2470761,199279,1613040955,140431292.8,2997841,268895551,386186,2429613.9,611344,387072,105419.2
31.07.2023,97576,1040366,2711162,24947408.5,3393096.913,2576062,197011,1572418271,138351078.6,3234811,254224688,395218,2465130.1,609624,376919,106129.68
31.08.2023,97364,1062083,2680309,18685951.4,3322191.207,2785613,196194,1562392286,139716493.8,3574062,272498003,391410,2493545.6,595033,374916,106515.36
29.09.2023,99179,1099706,2702815,16561404,3634851.441,2592966,196679,1585609507,138783749.5,4103159,265562871,396586,2454372.7,597311,373327,109253.22
31.10.2023,94553,1116378,2718501,19843467.8,3627816.257,2712643,195979,1546366941,140443007.2,3997562,263844544,401379,2640214.6,596935,373255,108565.35
30.11.2023,94526,1119475,2780024,14894821.8,3454485.447,2621447,196137,1586338665,144150784.1,4435947,262299666,386158,2572816,613919,375940,110225.18
29.12.2023,94646,1152311,2960457,16791294.5,3989322.294,2764018,201311,1755276946,154428413.7,4490471,274077023,395675,2554157.2,658748,376914,113444.64
31.01.2024,92378,1152664,2957616,16664994.3,3644516.067,2976029,204902,1597311275,147043408.6,4142369,269093576,397319,2556409.9,670949,377140,121398.54
29.02.2024,93465,1152248,3013957,15626571.1,3384053.8,3026427,205263,1567910342,146413302.7,4659758,270376689,376398,2577261.2,689497,382248,121009.93
29.03.2024,98036,1172013,3043323,16891247.9,3843471.569,2689373,209746,1590929985,144465697.4,4945866,279877768,401103,2577859.2,703660,399473,117210.5
30.04.2024,96653,1203131,2980375,16511013.7,3700310.393,2990685,205933,1633983470,143993483.7,4926945,268507477,400848,2705511.3,714289,401433,117310.55
31.05.2024,92859,1240433,2989795,19623418.7,3851806.568,2790142,205993,1593431077,143525757.3,5381253,277730534,400101,2594393.9,727173,401175,117062.72
28.06.2024,96472,1264303,2995219,18167434,3881820.7,3082165,207659,1618373306,148412700.2,5761288,285032484,380958,2517058.8,724982,403501,117736.77
31.07.2024,90854,1259712,3027981,16640632,3715687.861,2995134,203527,1617774714,148960419.7,5709940,268519667,459554,2536718.3,718103,398767,118840.46
30.08.2024,91964,1282680,3028809,17016271.1,3849136.761,3031929,207944,1644653024,152950984.2,6157195,284296584,477390,2555176.6,734921,400188,119472.57
30.09.2024,97043,1278790,3072998,16783436.1,3655848.365,3003712,204432,1628319331,149972507.2,6175970,282293891,510081,2731023.5,743456,399206,121830
31.10.2024,88144,1296032,3065366,17520766.5,3497291.198,3061217,206141,1664471822,152063012.9,6099357,271534769,497472,2638426.3,742974,401842,122447.04
29.11.2024,89580,1312168,3153820,17470051,3691313.401,2882939,206911,1695731916,155856367.5,6067889,278258696,495699,2627439.8,747935,404644,124180.26
31.12.2024,90149,1304624,3293419,18078670.6,4011381.809,2980479,212055,1847977189,172023928.6,6585276,283486891,504404,2694801,780615,405816,128194.16