,country,T,GARCH_LL,Jump_LL,LR,p_value,lambda,theta,delta
0,Brazil,1970,4437.668731617974,4573.754446862772,272.1714304895959,0.0,0.05238853006667054,0.03373916813503003,0.049335621144045744
1,Chile,1970,3900.311205150742,4112.568259443319,424.51410858515464,0.0,0.45325975851748446,0.010071912217236344,0.03693672659816969
2,China,1970,4022.769128520956,4372.302525745962,699.0667944500119,0.0,0.5,0.0038278373468501052,0.034814775885427876
3,Colombia,1970,4205.08748332754,4396.208337669133,382.2417086831847,0.0,0.20671837492272588,0.0135178236657136,0.04293910962204982
4,Czechia,1970,6102.7611549084995,8176.501821134381,4147.481332451764,0.0,0.03000067788255131,-0.009997436069254215,0.030009806626729182
5,Egypt,1970,4099.052522903155,5201.425586246842,2204.7461266873743,0.0,0.03000012121723242,-0.009999930911609202,0.030000508982816875
6,Greece,1970,4957.773108667025,7273.982254145679,4632.418290957308,0.0,0.06685195513193616,-0.0019119947530357442,0.10593689919394135
7,Hungary,1970,4918.55984463294,7016.236887783324,4195.354086300767,0.0,0.030000138396438628,-0.009999844640464042,0.030000802801111812
8,Indonesia,1970,4256.898994025344,4551.683350043608,589.5687120365274,0.0,0.3077667978124347,0.010460767581589652,0.038220369934710556
9,South Korea,1970,4528.1335939511255,4798.289799400678,540.3124108991051,0.0,0.04340552586089737,0.010684402215714386,0.08718823268204566
10,Malaysia,1970,4151.504792215047,4421.440801138893,539.8720178476924,0.0,0.09479521431256026,0.03147496234570621,0.05264118384260513
11,Mexico,1970,4022.8125871150737,4172.639557536264,299.6539408423805,0.0,0.040474411746956866,0.009445104405304595,0.09160269800959812
12,Peru,1970,4143.540090298574,4330.153688296115,373.2271959950831,0.0,0.04030638056547609,0.010714156334581709,0.09104333593562135
13,Philippines,1970,4243.939022898754,4474.278288495816,460.67853119412393,0.0,0.12842393810874544,0.027804171406910355,0.04475685024467005
14,Poland,1970,4432.839982545802,6839.90443303192,4814.128900972237,0.0,0.03000051887854406,-0.00999957406718764,0.030002729971245805
15,Qatar,1970,4403.347400434906,5052.224540937826,1297.7542810058385,0.0,0.030004784454165493,-0.009995858476359906,0.03001904047795949
16,Saudi Arabia,1970,4451.2723717623685,5049.71781472712,1196.8908859295025,0.0,0.051214968440476676,0.0008763650244545354,0.08389047262128776
17,South Africa,1970,4387.473727944192,4519.642340688848,264.3372254893111,0.0,0.0627414339907431,0.02028542093961075,0.05119244872238947
18,Thailand,1970,4722.480174306415,5131.4846496930195,818.0089507732082,0.0,0.044930503736466613,0.003296765312259959,0.07806456149668621
19,Turkey,1970,4232.963720164235,4526.644981540841,587.362522753212,0.0,0.04254836729520102,0.007886056076431464,0.09115924077953677
20,Abu Dhabi,1970,4633.024522844141,5344.604663314093,1423.1602809399046,0.0,0.03000223196328147,-0.009998375419875014,0.030009540751056676
21,Dubai,1970,5211.9088351649625,6958.270390045915,3492.723109761904,0.0,0.039845958617040926,-0.002102455632380335,0.07665289157138758
22,Kuwait,735,1859.5411630570175,1915.1838357092386,111.28534530444222,0.0,0.07523982643781311,-0.018208930501228862,0.03512586371854299
23,India,735,1655.9947394379037,1674.2681552695042,36.54683166320092,5.7378767515103846e-08,0.09720420129519418,-0.036164028320324774,0.0001
24,Indonesia,735,1551.2830578086102,1603.3574229858887,104.14873035455685,0.0,0.17900968695763078,-0.014987725512352659,0.04142745354892712
25,Taiwan,735,1650.6857849271248,1665.6168179757435,29.862066097237403,1.4753982982007585e-06,0.06611898757103368,-0.03717132579974418,0.0213447125996234
26,United States,735,1816.1412846543462,1843.0899214523336,53.89727359597464,1.1801115640253101e-11,0.04125922347152811,-0.02715568031481833,0.05200460428812228
27,South Africa,735,1389.5791470357165,1401.0351031490916,22.911912226750246,4.212676345183297e-05,0.03752283556469947,-0.025931818812230396,0.0586856782391439
28,Thailand,735,1663.6649812665407,1673.045869878399,18.761777223716308,0.00030622356630505276,0.0381592092399276,-0.021588121550984923,0.056309416531146045
29,Czechia,735,1590.4071483103749,1607.0851815656933,33.35606651063699,2.7091246312949124e-07,0.03364691297259477,-0.030441829016864923,0.055959689089448365
30,China,735,1509.5726725647723,1521.0941274924605,23.042909855376365,3.9559837386904384e-05,0.03645235684426478,-0.00501213721853937,0.06414684488712494
31,Brazil,735,1312.8607774116513,1330.0354772130765,34.34939960285055,1.6716864104093787e-07,0.0401033845954715,-0.010169047723970115,0.08063349038837565
32,Canada,735,1729.2697704049856,1766.687017043324,74.83449327667677,4.440892098500626e-16,0.04311504690737959,-0.046600752640301724,0.02433582824479054
33,United Arab Emirates,735,1634.493261068465,1662.1378201806306,55.289118224331105,5.9571236832312024e-12,0.04074114617925432,-0.02606697588549589,0.06288732996987782
34,Qatar,735,1758.8947648459884,1778.8982559505855,40.00698220919412,1.0618840584619704e-08,0.042512062234598316,-0.013244527103882416,0.04277474899973357
35,Philippines,735,1656.3103011179874,1667.1651936992553,21.70978516253581,7.495903534393555e-05,0.046391465998278474,-0.020193535895490552,0.04567539293815994
36,Greece,735,1201.601484263367,1219.5851784727952,35.967388418856444,7.608210772502844e-08,0.04952509944757092,-0.027667624425104766,0.08424905119437237
37,Mexico,735,1497.698999855972,1517.016255071816,38.634510431687886,2.0743613049489795e-08,0.04917148121140659,-0.039334499568378645,0.040361441655667574
38,Hong Kong,735,1695.6166318428823,1706.354000091464,21.474736497163576,8.38868111161517e-05,0.05035373453212481,-0.0072519487952197375,0.04043887796763694
39,Vietnam,735,1566.5928475882063,1602.730977278358,72.2762593803036,1.4432899320127035e-15,0.047432042890429696,-0.06594039543377399,0.01686861558600999
40,Turkey,735,1239.5373806586308,1267.1601906766305,55.24562003599931,6.0856875094827956e-12,0.21584972511449518,-0.018167874565733336,0.05776321617114236
41,Argentina,735,1115.399535999371,1156.208597147357,81.61812229597217,0.0,0.16342121122517628,-0.005564550519044534,0.08445795004286225
42,United Kingdom,735,1724.1043855873927,1764.9300045857242,81.65123799666299,0.0,0.033253326264263916,-0.046232270380221735,0.0394297343202901
43,Qatar_domestic,735,1762.052161095996,1788.7057184545208,53.307114717049444,1.576772046263386e-11,0.049966540197170894,-0.019070619117546227,0.03801738757419707
44,Tunisia,735,1954.512165520707,2010.7914615718864,112.55859210235894,0.0,0.035033048496040324,-0.016662226447711696,0.04660372733484858
45,Australia,735,1643.7558295499516,1673.222665327398,58.93367155489295,9.93205517829665e-13,0.04673720164705785,-0.03989668099337404,0.029210130493688743
46,Sri Lanka,735,1608.6759645053432,1646.4054765401006,75.45902406951473,3.3306690738754696e-16,0.04128744721796132,-0.014800710800920177,0.08224112944518923
47,Kuwait_domestic,735,1859.3753592000883,1913.535783823943,108.32084924770925,0.0,0.0398420437850053,-0.017709387102939362,0.050542941976546726
48,Sweden,735,1544.0104722225392,1562.38016223231,36.73938001954184,5.224241150791897e-08,0.03516821009683467,-0.028461642189463083,0.05764703230150764
49,Botswana,735,1947.0909749587265,2005.6875645663044,117.19317921515585,0.0,0.04939631767508767,-0.011115340717135654,0.0829814325308697
50,Estonia,735,1738.5273676631023,1781.4533093549112,85.85188338361786,0.0,0.03882804626451861,-0.011150082212644293,0.06389080068855484
51,Ukraine,735,1251.636841018153,1347.2830355140404,191.29238899177471,0.0,0.060275225259607774,-0.022387994129851138,0.10004980029398818
52,Belgium,735,1652.7379922193318,1690.4087185795709,75.34145272047817,3.3306690738754696e-16,0.03765486696859803,-0.02452693448674395,0.06280103615020918
53,Austria,735,1533.7846195667378,1567.849717872894,68.13019661231237,1.0769163338864018e-14,0.04039210651828626,-0.0311651349084593,0.07257397186240382
54,Mauritius,735,1903.5442284067021,1937.877587814389,68.66671881537377,8.215650382226158e-15,0.03680119980241326,-0.010765861744487721,0.05753531562796041
55,Kenya,735,1558.4359710160456,1575.3012773606454,33.73061268919946,2.258338024363482e-07,0.05330237342112713,-0.030633615359601178,0.056372293361596666
56,South Korea,735,1557.1022500212314,1559.2321143350728,4.259728627682762,0.2347495362244607,0.03695881390741287,-0.015957069966968072,0.0516310802152353
57,Finland,735,1590.8843163978813,1609.1969867728587,36.62534074995483,5.522625035059292e-08,0.01744190181674421,-0.0500486245332732,0.07679791813096064
58,Singapore,735,1787.1891128905434,1797.7152273606523,21.0522289402179,0.00010267931789420537,0.0392614744237695,-0.013924432227409035,0.05869107393664588
59,GCC_domestic,735,1920.7387221251956,1969.9065582724581,98.33567229452501,0.0,0.04976372767429943,-0.02791948211104821,0.03397310579534071
60,Netherlands,735,1597.2449897891297,1620.6448298375267,46.79968009679396,3.833886541571019e-10,0.03834099593434982,-0.02395747339853259,0.05748975856245141
61,Zhonghua,735,1567.3365523907275,1578.8230061718598,22.97290756226448,4.091152772223161e-05,0.03711760734979866,-0.006350902816148971,0.06259862746879674
62,Bosnia and Herzegovina,735,1623.8360400152558,1701.0259984522363,154.37991687396106,0.0,0.038765733916788635,-0.015082119334219398,0.07215067433435829
63,Morocco,735,1866.6302356818644,1895.5616372956717,57.86280322761468,1.681543793097262e-12,0.04061327139845398,-0.011045348462642669,0.053301424784238
64,Portugal,735,1558.1238416496146,1575.820790158904,35.39389701857863,1.0057852550815483e-07,0.03786089944084282,-0.02930181761271374,0.054231390326125686
65,Oman,735,1967.8679410700297,2023.4777205699274,111.21955899979548,0.0,0.036870842190104135,-0.013511935530667101,0.04816615295465891
66,Slovenia,735,1703.828935428883,1731.5487709729482,55.43967108813058,5.5323523540096176e-12,0.03758427684596862,-0.021859505393572787,0.04885843374568127
67,Bahrain,735,1786.977387317848,1841.9182077652772,109.88164089485826,0.0,0.03749056724502019,-0.015446243678663733,0.05679796693822033
68,Malaysia,735,1873.2295647846813,1895.6953605929791,44.9315916165956,9.567681091837699e-10,0.040970171424175444,-0.006808154803460656,0.04433074122314458
69,Trinidad and Tobago,735,1886.648085260267,2011.8534779212669,250.4107853219998,0.0,0.04941077609481992,-0.008269711438519874,0.07444982887621743
70,New Zealand,735,1727.6537524402104,1743.7858390635447,32.26417324666863,4.60371362587253e-07,0.03598059537377822,-0.022947879902050394,0.048272413545049984
71,Chile,735,1482.4842316176862,1490.9465876964928,16.924712157613158,0.0007323914676158338,0.03747543943396987,-0.0221128095904609,0.048985006480629235
72,Saudi Arabia,735,1684.5476389737298,1746.1633267474745,123.23137554748928,0.0,0.07637677258746031,-0.027187389091884943,0.0455288427700231
73,China_onshore,735,1545.4445129617993,1567.4957928735857,44.10255982357285,1.4353412902678997e-09,0.03332708831440217,-0.008681043725238704,0.062301911324417425
74,LatAm,735,1474.300988241754,1491.7475760162738,34.89317554903937,1.2832292384246102e-07,0.05170613115949314,-0.03635925703642483,0.05136562864180772
75,Bulgaria,735,1590.8472953446808,1646.9664875538451,112.23838441832868,0.0,0.05624275888998576,0.01712742686042467,0.0640895600947755
76,Hungary,735,1413.1992551599856,1427.3535426806293,28.30857504128744,3.1287482792352606e-06,0.046423595339054304,-0.04617214289167484,0.06856779408529298
77,Poland,735,1420.6424987958299,1438.5967149047879,35.908432217916015,7.829730663821977e-08,0.03345739395552709,-0.03819473827188125,0.06672385949679237
78,Israel,735,1653.6572053898635,1689.4125572814867,71.5107037832463,1.9984014443252818e-15,0.040045208663373376,-0.027881619452866546,0.060713785041454194
79,Norway,735,1527.132981341145,1546.7903075722752,39.314652462260256,1.4886822219395413e-08,0.03917780552929242,-0.030230655869375768,0.06669747801861567
80,Peru,735,1427.2420438063264,1442.7990782100999,31.114068807547028,8.043115967693026e-07,0.03879014931997114,-0.007038165669486424,0.07476914058738918
81,Switzerland,735,1800.159101318001,1831.8068912077576,63.295579779513446,1.1612932837579137e-13,0.03854453369026724,-0.02093751132147183,0.049781732760554066
82,Pakistan,735,1578.6927273997508,1582.1101489096209,6.8348430197402195,0.07735240203372162,0.03935446899344981,-0.02301776244965396,0.06119754588331567
83,Denmark,735,1640.047067851888,1655.4759011889546,30.85766667413327,9.107738642155638e-07,0.04447449047866389,-0.03652355529644407,0.04110950475796324
84,Nigeria,735,1447.5686533838127,1499.2136029424353,103.28989911724511,0.0,0.06964925886361768,-0.027653945054869355,0.10691924710150431
85,Jamaica,735,1657.798700724715,1674.4885143991196,33.37962734880921,2.6782905249156386e-07,0.03799268898779663,-0.0008988349569676762,0.07113930872051032
86,Ireland,735,1569.99917879517,1602.0474040401725,64.09645049000483,7.827072323607354e-14,0.029610284215237332,-0.027602325343536006,0.0641354410968778
87,Bahrain_domestic,735,1811.6673896859677,1872.2880662684106,121.24135316488582,0.0,0.03836342630795076,-0.012384204500021567,0.058131392321963085
88,Germany,735,1601.4561006575118,1628.1334907297187,53.35478014441378,1.5403012199044497e-11,0.03856676150582621,-0.026891207973016383,0.06932800591211379
89,Japan,735,1740.7931291065586,1769.053951128929,56.5216440447407,3.2509550607073834e-12,0.03742210393734391,-0.01935484190521521,0.05332478741536702
90,Kazakhstan,735,1324.4734617838506,1345.3969658814726,41.84700819524414,4.323538083106371e-09,0.0670811312001016,-0.051298089049858976,0.07030984933665423
91,Oman_domestic,735,1962.8245431868977,2020.7927011075144,115.93631584123341,0.0,0.05769013484196764,-0.01381876859202677,0.04171779573051951
92,Spain,735,1512.3043560823946,1529.0567421287662,33.504772092743224,2.520291195740043e-07,0.0393182003637486,-0.027866535233194815,0.06789078341096312
93,Italy,735,1504.9603691325194,1530.415485416545,50.910232568051015,5.112321677103182e-11,0.01509865706750943,-0.0792368790777534,0.06755174318749146
94,Colombia,735,1396.663743154597,1411.48858821685,29.649690124506378,1.6352013543219357e-06,0.04088269231095544,-0.02927323868416694,0.07823061795431176
95,Croatia,735,1869.528145332561,1922.5650945825914,106.07389850006075,0.0,0.0371542995883811,-0.01471025274210419,0.048597208714156084
96,Serbia,735,1594.160367799653,1690.6814431131793,193.0421506270527,0.0,0.041559725702837495,-0.010397701843073107,0.08679091996339935
97,Bangladesh,735,1735.873002044625,1783.2040107164405,94.66201734363085,0.0,0.07881459368838033,0.010713483038949485,0.044813494352033474
98,France,735,1620.272804364278,1648.9711864598046,57.39676419105308,2.114530772701073e-12,0.03747361404389053,-0.03605800136860671,0.05353331106711375
99,Egypt,735,1311.558594873758,1427.8334865316392,232.5497833157624,0.0,0.05665883193113569,-0.04085060826125694,0.10531714044190772
100,Romania,735,1565.3896285385304,1613.5016777967107,96.22409851636075,0.0,0.02813328434210441,-0.04864117145309502,0.07376500882569491
101,United Arab Emirates_domestic,735,1610.5572093595995,1644.350103638549,67.58578855789892,1.3988810110276972e-14,0.0510707492976485,-0.025026198473901883,0.050792189365157364
102,EU,735,1677.070378494385,1701.0974719203336,48.05418685189716,2.073684557402089e-10,0.03360596216026508,-0.03159242914528067,0.054137237577179885
103,Lithuania,735,1814.450495483974,1849.0881683688349,69.27534576972175,6.106226635438361e-15,0.0374923616248109,-0.017915928574950096,0.05602942643448864
104,Jordan,735,1908.494911184384,2019.5882160769313,222.1866097850948,0.0,0.04833071602491614,0.016500944575876666,0.054545826734461074
105,Lebanon,735,1161.6800013355573,1593.8724446322917,864.3848865934688,0.0,0.09062169577373051,-0.00210916030336173,0.11873778458862974
