model,country,horizon,group,alpha,beta,se_beta,t_stat,p_value,r2,n_obs,ci_lower,ci_upper
M0,Abu Dhabi,1,Exporter,-0.04845375408856564,0.009284333718061642,0.019735152646660974,0.47044651157701967,0.6380360405605736,6.172782597602122e-05,521,-0.029395854698794188,0.047964522134917476
M0,Brazil,1,Exporter,0.08051031221239491,-11.11422080392377,3.971006797282841,-2.7988420497110877,0.005128621805375594,0.04359271246449514,521,-18.897251108961886,-3.331190498885654
M0,Chile,1,Control,-0.06548865934433308,-0.9963811714459544,0.5994226891881843,-1.6622346624806321,0.09646573252697928,0.003493765326165299,521,-2.1712280537709425,0.17846571087903362
M0,China,1,Control,-0.04408332145970025,0.003156773676874358,0.019567588608069383,0.1613266580825678,0.8718361281398028,2.22735008923447e-05,521,-0.03519499525923788,0.041508542612986594
M0,Colombia,1,Exporter,0.11213783776164038,-3.6980795562567326,2.0318455061227465,-1.8200594214043195,0.06874995630057788,0.014440871075518835,521,-7.680423570406873,0.2842644578934084
M0,Dubai,1,Control,-0.3168165555248293,-0.04974407329870107,0.04250002552374368,-1.1704480805761006,0.2418206963462156,0.0004755885108349567,521,-0.13304259266727173,0.03355444606986959
M0,Egypt,1,Exporter,0.5299193764387462,0.09345112584677147,0.40986905451906375,0.22800239446333923,0.8196443790351663,9.896945259213474e-06,521,-0.7098774593880773,0.8967797110816204
M0,Indonesia,1,Control,-0.16169791528394972,-0.07643931887549846,0.16923934460669582,-0.4516639972409477,0.6515110584917378,0.00012006467765623974,521,-0.4081423390717853,0.25526370132078835
M0,Malaysia,1,Exporter,-0.11905939795591826,-0.08413943249447957,0.057585101792570204,-1.4611319573170483,0.14397923161267187,0.0005418692545499093,521,-0.19700415805399007,0.028725293065030938
M0,Mexico,1,Exporter,-0.00400955769215023,-6.8016682906228585,3.2807921053413462,-2.0731786935079772,0.03815565251335722,0.07919980080088795,521,-13.231902657855237,-0.3714339233904811
M0,Philippines,1,Control,-0.05443354407994949,-0.0017682973610653758,0.062164635368361115,-0.02844539102638019,0.9773069220291877,2.2066337301840377e-07,521,-0.12360874379511799,0.12007214907298724
M0,Qatar,1,Exporter,-0.07406286106342738,0.00995163046900476,0.05876475352425539,0.1693469277446588,0.865523765982492,1.343028335099028e-05,521,-0.10522516999890903,0.12512843093691856
M0,Saudi Arabia,1,Exporter,-0.010919310120286707,0.002658680539368716,0.009348730776293158,0.284389464515407,0.776111931937265,6.479090745137306e-06,521,-0.015664495083327054,0.020981856162064487
M0,South Africa,1,Control,0.02872054447747251,-15.88570564354224,4.057859815423149,-3.914799023653728,9.047954190349446e-05,0.06306608684699244,521,-23.838964736083962,-7.932446551000516
M0,South Korea,1,Control,-0.035851606181211026,-0.04661968941116422,0.08245738654374642,-0.5653791778427383,0.571815884184032,0.0003265389678062114,521,-0.20823319729620487,0.11499381847387645
M0,Thailand,1,Control,-0.11295908931836933,0.009548220279016952,0.0981348615017312,0.09729692519970093,0.922490597752115,1.298392737081322e-05,521,-0.1827925738922025,0.20188901445023638
M0,Turkey,1,Control,-0.02786655927417025,-8.844340031363991,4.778423127326766,-1.8508909311076132,0.0641852456973152,0.012137371633014538,521,-18.209877263817706,0.5211972010897234
M0,Abu Dhabi,2,Exporter,-0.10553527348032142,-0.022537381190305614,0.029645287220516337,-0.7602348738489664,0.447114202781665,0.0002669892147179054,520,-0.08064107645386315,0.03556631407325193
M0,Brazil,2,Exporter,0.21398017769752153,-14.000476475838338,3.721082401965644,-3.762474184512188,0.00016824067905550218,0.07954669174183249,520,-21.293663967196796,-6.70728898447988
M0,Chile,2,Control,-0.14233981513346955,-2.1428879861964534,0.8694324076866687,-2.4646976202533275,0.013712892111413457,0.010233293580325431,520,-3.846944192254269,-0.43883178013863744
M0,China,2,Control,-0.10536922358001444,-0.019350420380537053,0.017987883001024565,-1.0757475117797286,0.282040192376943,0.0004350105509022262,520,-0.05460602322066547,0.015905182459591362
M0,Colombia,2,Exporter,0.20276694106521845,-5.166976179646825,2.6026948200154867,-1.985240889523913,0.047117677029294855,0.024304473996770604,520,-10.268164289626139,-0.06578806966751305
M0,Dubai,2,Control,-0.6911101670215738,-0.060438244862633245,0.057600540800482734,-1.049265232977235,0.2940560627019221,0.000483746173901789,520,-0.17333323032160936,0.05245674059634285
M0,Egypt,2,Exporter,1.0892085226910067,0.9824122281660115,1.4982194581922685,0.6557198431739613,0.512004398967936,0.000670183441347727,520,-1.954043950827948,3.918868407159971
M0,Indonesia,2,Control,-0.33430782477477095,-0.2061573441179419,0.23567352548691128,-0.8747581795282786,0.38170549656117825,0.0005794567703011344,520,-0.6680689661818705,0.2557542779459867
M0,Malaysia,2,Exporter,-0.2903605588710485,-0.2540875973831402,0.15497410367156175,-1.639548746296547,0.1010990273302759,0.0027114198721224225,520,-0.5578312591157778,0.04965606434949743
M0,Mexico,2,Exporter,-0.015700600683341656,-7.408179174841857,3.649098417525105,-2.0301395926356625,0.04234235201090284,0.11655464653441228,520,-14.560280649233167,-0.2560777004505459
M0,Philippines,2,Control,-0.12090251420000872,-0.014345444254177876,0.0795604170196585,-0.1803088117377926,0.8569101382811011,1.1243118478665437e-05,520,-0.1702809962076961,0.14159010769934033
M0,Qatar,2,Exporter,-0.143637206255757,-0.05564916736196199,0.2285698386719261,-0.2434668007174695,0.8076438006318598,0.0002900717007285891,520,-0.5036378191110676,0.3923394843871436
M0,Saudi Arabia,2,Exporter,-0.018567279915555908,-0.02916866697428558,0.021007375176643785,-1.3884965032050078,0.16498590882658148,0.00038789486963430875,520,-0.07034236573022815,0.012005031781656995
M0,South Africa,2,Control,0.033954766437426065,-17.87332585684956,3.9874327240673653,-4.482414398861116,7.380325053082048e-06,0.08463127506643486,520,-25.688550386798035,-10.058101326901086
M0,South Korea,2,Control,-0.07919938941488236,-0.07063465957956946,0.11762805649356452,-0.6004915977119278,0.5481786589218067,0.0005175356633283501,520,-0.30118141387839875,0.15991209471925982
M0,Thailand,2,Control,-0.2533937809152093,-0.013200722811361226,0.10580210016617685,-0.12476806028072848,0.9007071739639398,2.0282690027739747e-05,520,-0.2205690286257671,0.19416758300304465
M0,Turkey,2,Control,-0.19039028196410374,-12.16899620963851,5.677054327502211,-2.1435405595268664,0.032069717883404084,0.022428172831890802,520,-23.2958182298201,-1.0421741894569188
M0,Abu Dhabi,4,Exporter,-0.2202772065728371,-0.04813819835768661,0.04712449114703506,-1.0215112606200594,0.3070122767920258,0.0009934583921378248,518,-0.14050050379565193,0.04422410708027873
M0,Brazil,4,Exporter,0.3562183680928937,-15.297995981963757,4.230277833594047,-3.61630998807626,0.000298832490067014,0.10690135964887937,518,-23.58918818040621,-7.006803783521301
M0,Chile,4,Control,-0.3526519799116837,-3.4668777589070046,1.2390239126456262,-2.798071710742332,0.005140869760545676,0.01703774400054181,518,-5.895320003676334,-1.0384355141376753
M0,China,4,Control,-0.23398979534894065,-0.05801754736649228,0.04419827328644954,-1.312665474293076,0.18929569642604227,0.0022162171125719166,518,-0.14464457118679214,0.02860947645380759
M0,Colombia,4,Exporter,0.320362836334004,-5.7405175593775155,3.258718855106968,-1.7615872416797007,0.07813906109076603,0.027369176348301938,518,-12.12748915112877,0.6464540323737404
M0,Dubai,4,Control,-1.4123315767704758,-0.13071771214214598,0.09674163241924273,-1.3512043251003185,0.17662998950111297,0.0017313003778886005,518,-0.3203278274894742,0.05889240320518227
M0,Egypt,4,Exporter,2.2198557813769266,2.5294241422312354,2.6460337071119735,0.9559304310571265,0.3391073833465338,0.0028337705929657453,518,-2.6567066255872387,7.715554910049709
M0,Indonesia,4,Control,-0.6555316111214773,-0.33988233858837547,0.42197901026004964,-0.8054484472555137,0.4205609441868684,0.001036759494884465,518,-1.1669460009299306,0.4871813237531798
M0,Malaysia,4,Exporter,-0.6464934231360658,-0.6549888909920978,0.27518768185482934,-2.3801533796037653,0.017305433290114174,0.01154823677671657,518,-1.1943468364166299,-0.1156309455675657
M0,Mexico,4,Exporter,-0.13090886841085142,-8.227525178123502,3.594826127911116,-2.2887129684083933,0.022096035030723958,0.17963358359253956,518,-15.273254919512867,-1.1817954367341361
M0,Philippines,4,Control,-0.25835701993029414,0.005745740869391737,0.12635092167986173,0.04547446740396444,0.9637291258993603,1.5550883571968654e-06,518,-0.24189751503657836,0.2533889967753618
M0,Qatar,4,Exporter,-0.23082392437658172,-0.42816983693398614,0.4228118703140703,-1.0126722237385055,0.31121674943741506,0.012903216708925802,518,-1.2568658749855839,0.4005262011176117
M0,Saudi Arabia,4,Exporter,-0.042170227605144876,-0.05294606163590606,0.037876170935190884,-1.3978726024470887,0.16215132731193338,0.0007107435302928788,518,-0.12718199254116297,0.021289869269350857
M0,South Africa,4,Control,0.025244622964612384,-19.671876157567052,5.688779963421826,-3.4580131915902634,0.0005441747383429527,0.10894792997510372,518,-30.821680001846918,-8.522072313287186
M0,South Korea,4,Control,-0.18788851796883013,-0.07794439489933996,0.16228577966360117,-0.4802909722645403,0.6310205072733509,0.0005106252894581109,518,-0.39601867824300097,0.24012988844432104
M0,Thailand,4,Control,-0.5275314485330509,-0.007571775710534545,0.1099594366833947,-0.06885971717312354,0.945101283411375,5.823198269694352e-06,518,-0.2230883113703006,0.2079447599492315
M0,Turkey,4,Control,-0.5551068574309649,-13.42166013099367,7.363821559048737,-1.822648746084973,0.06835660766770547,0.025120046143480512,518,-27.854485175308785,1.0111649133214442
M0,Abu Dhabi,8,Exporter,-0.4526770455878125,-0.05410479562778299,0.09976936166035201,-0.5422987050069906,0.587612747584623,0.001096752613874763,514,-0.2496491512426242,0.14143955998705826
M0,Brazil,8,Exporter,0.39694739782475297,-14.432171602882198,4.7803601652183065,-3.0190552812087366,0.0025356425897965764,0.12029976642792073,514,-23.80150535984002,-5.062837845924374
M0,Chile,8,Control,-0.7194166743509669,-5.204107923902967,1.6352511380885422,-3.182451797578988,0.001460338215090719,0.034256810762510526,514,-8.409141260234644,-1.9990745875712896
M0,China,8,Control,-0.45813824253248836,-0.11497613467529272,0.11862683972881854,-0.9692253029595044,0.33243278906242524,0.005548568856789893,514,-0.3474804681435823,0.11752819879299686
M0,Colombia,8,Exporter,0.7518201278745514,-5.078495439994949,3.706904112440074,-1.3700099290272776,0.17068380222590507,0.02189717840861094,514,-12.343893994520908,2.1869031145310105
M0,Dubai,8,Control,-2.768985387320445,-0.185979359465742,0.23006451084614485,-0.8083791749615624,0.41887233651048783,0.0029562419493317504,514,-0.6368975148450106,0.26493879591352654
M0,Egypt,8,Exporter,4.867962145338719,4.300409707436064,3.74508080816363,1.1482822207899794,0.2508520762882802,0.006734402195295308,514,-3.0398137957568103,11.640633210628938
M0,Indonesia,8,Control,-1.3488224650326484,0.24990367001254993,0.723035573342997,0.345631223726802,0.7296198774041649,0.00045403474457217374,514,-1.167220013280993,1.6670273533060926
M0,Malaysia,8,Exporter,-1.2671440551982882,-1.0684705835671569,0.5091744038328477,-2.098437343912353,0.035866529331391,0.024091709200026012,514,-2.0664340769291916,-0.07050709020512202
M0,Mexico,8,Exporter,-0.31940390343899416,-8.841451617739551,3.409799304251464,-2.592953669359866,0.00951555883621849,0.2509681344049559,514,-15.524535448582155,-2.1583677868969477
M0,Philippines,8,Control,-0.4798846288974722,0.11633905248980052,0.1693889851395989,0.6868159248602957,0.49219873320710184,0.0007163097859835821,514,-0.21565725776160377,0.44833536274120483
M0,Qatar,8,Exporter,-0.39842165142989616,-0.6724282816425905,0.5340812639874326,-1.259037391842327,0.20801682636985908,0.03135667620883886,514,-1.7192083238755873,0.3743517605904064
M0,Saudi Arabia,8,Exporter,-0.11787559145909526,-0.08048372817999326,0.05337815012120288,-1.5078028743454617,0.13160498629489156,0.0009877152285914237,514,-0.18510297997892322,0.0241355236189367
M0,South Africa,8,Control,0.0021320281159023674,-20.827393939777394,6.677848090395188,-3.1188780663839344,0.0018154107216847035,0.14776509616989275,514,-33.91573569118154,-7.73905218837325
M0,South Korea,8,Control,-0.4218566975512123,-0.11115190189121471,0.23208772205518546,-0.4789219391139751,0.631994162682061,0.0009715673952525039,514,-0.5660354783733206,0.34373167459089116
M0,Thailand,8,Control,-1.1100997575518436,-0.09805192382067006,0.17733890729183,-0.5529070034209426,0.580327091570696,0.0008942646313283564,514,-0.44562979517034446,0.2495259475290043
M0,Turkey,8,Control,-1.9300226098421474,-17.761312561355265,7.70959853231763,-2.3037921477885215,0.021234314123402744,0.0403072339625663,514,-32.87184801996068,-2.650777102749851
M1,Abu Dhabi,1,Exporter,-0.052363166470199195,-0.6777087051421791,0.665625506078229,-1.0181531491110407,0.30860518047783514,0.016016338737630642,521,-1.9823107242467548,0.6268933139623967
M1,Brazil,1,Exporter,0.06874410821272182,-13.538309365854747,3.483126605309258,-3.886826664646235,0.00010156322206145592,0.07903103049019766,521,-20.365112065854152,-6.7115066658553415
M1,Chile,1,Control,-0.08224834794072045,-5.552599763909245,2.120073618121608,-2.619059883792557,0.008817246763660018,0.04210873098266876,521,-9.70786770000112,-1.3973318278173688
M1,China,1,Control,-0.04552353406720265,-0.41375608635150857,0.26104091241828126,-1.5850239049445352,0.11296090305529415,0.006050027672629299,521,-0.9253868731828143,0.09787470047979724
M1,Colombia,1,Exporter,0.11538222849466187,-8.398759704841138,4.576686028839956,-1.8351181732625772,0.0664881817776266,0.04107545013240799,521,-17.368899489915094,0.5713800802328173
M1,Dubai,1,Control,-0.3285705853361113,-2.6739618911704435,2.1613515958373615,-1.2371711739637086,0.21602354078387775,0.06692012021329041,521,-6.910133176939843,1.5622093945989564
M1,Egypt,1,Exporter,0.5025253832692039,-1.0457066050721047,3.5205794213459303,-0.29702684698200255,0.7664460126477692,0.00016106278605976243,521,-7.945915475622992,5.854502265478783
M1,Indonesia,1,Control,-0.13831299844027603,-2.82922717934248,2.0542659542776462,-1.3772448369945058,0.16843656372971438,0.013325844523478514,521,-6.855514464393472,1.1970601057085117
M1,Malaysia,1,Exporter,-0.1014566022615935,-3.0038590210758325,2.050479581842013,-1.4649543685664832,0.14293336782613245,0.03974071096431642,521,-7.022725152520929,1.0150071103692633
M1,Mexico,1,Exporter,-0.01640734108411487,-9.088317300888184,3.3736026042003258,-2.6939501675664808,0.007061072086504108,0.09372755189481485,521,-15.700456903271357,-2.47617769850501
M1,Philippines,1,Control,-0.0645841379294871,-1.1908683450725401,0.9466320333763464,-1.2580055428983083,0.20838975165609963,0.010788618897766278,521,-3.0462330371020974,0.6644963469570171
M1,Qatar,1,Exporter,-0.062070957458353,-1.6686367768060228,1.7454372825386142,-0.9559992750808608,0.3390726007324256,0.018518749375167842,521,-5.08963098785517,1.7523574342431236
M1,Saudi Arabia,1,Exporter,0.006055520703971753,-1.3485164424388987,1.3028847710327034,-1.0350235664893268,0.300657905536889,0.008409616709522227,521,-3.902123669668712,1.2050907847909145
M1,South Africa,1,Control,0.03862951772364079,-14.652424888434739,3.7864771337605148,-3.869672091188038,0.00010898183255493934,0.05657101424263122,521,-22.0737836988898,-7.231066077979677
M1,South Korea,1,Control,-0.03544746931596803,-0.33825630333086115,0.23112910839461911,-1.4634950382508205,0.14333197032600803,0.004760524884481532,521,-0.791261031563169,0.1147484249014466
M1,Thailand,1,Control,-0.10733280307682364,-1.0601432498237684,0.5798296501837671,-1.8283701937073658,0.06749401157924809,0.023171304013421934,521,-2.19658848135241,0.07630198170487335
M1,Turkey,1,Control,-0.11268713648010546,-19.270051179999616,8.161038770449613,-2.3612252952129986,0.018214661112485625,0.034313205414393755,521,-35.2653932465159,-3.274709113483329
M1,Abu Dhabi,2,Exporter,-0.10774598617158793,-1.1002928188323868,0.9303873185258786,-1.1826180311396648,0.23696056313365488,0.03775495906562898,520,-2.9238184548159043,0.7232328171511306
M1,Brazil,2,Exporter,0.1675653835814197,-14.506226104781993,3.8738753301480173,-3.744629051918334,0.00018066049808285054,0.1370417136804185,520,-22.098882232470316,-6.913569977093667
M1,Chile,2,Control,-0.1733925226200954,-7.875141457028107,2.9002704030031268,-2.71531283733878,0.00662131908222775,0.0803667337408197,520,-13.559566992341704,-2.19071592171451
M1,China,2,Control,-0.10518798243419991,-0.4939321661059918,0.2906336261856295,-1.6995010955494676,0.08922480832687694,0.006377806977434397,520,-1.063563606126103,0.07569927391411924
M1,Colombia,2,Exporter,0.22666638415329682,-10.937961969653603,6.04344605722099,-1.8098882435765962,0.07031311963595482,0.070937372800844,520,-22.782898584317334,0.906974645010127
M1,Dubai,2,Control,-0.6980776599765874,-3.2274181718393296,2.3115146099287864,-1.3962352467842547,0.16264366593514945,0.08184176080665306,520,-7.757903557037903,1.3030672133592436
M1,Egypt,2,Exporter,1.1527044816355376,2.580363614880829,5.845392979542476,0.44143543879966757,0.6588977910033443,0.0008890486476907933,520,-8.876396100505701,14.03712333026736
M1,Indonesia,2,Control,-0.2686059343455519,-3.640271476262098,2.7832179707882534,-1.3079361783623122,0.19089495723370298,0.02202990745468869,520,-9.095278460131727,1.8147355076075304
M1,Malaysia,2,Exporter,-0.22870886620512137,-3.5295578046621703,2.3509771164506903,-1.5013152531194363,0.13327404164839146,0.05326533549571688,520,-8.137388281383352,1.0782726720590112
M1,Mexico,2,Exporter,-0.02509069985678266,-9.963297214236103,3.8183845775929326,-2.609296421503162,0.00907286126903385,0.15515941331592142,520,-17.447193465441437,-2.479400963030768
M1,Philippines,2,Control,-0.13034703272024012,-1.1813855729406504,1.18821645711667,-0.99425114495334,0.32010061403178314,0.009910250188551961,520,-3.5102470347271053,1.1474758888458043
M1,Qatar,2,Exporter,-0.09262527992054098,-2.9717464107258555,2.3185286895549164,-1.281738036761726,0.19993455704510554,0.05775495825838384,520,-7.5159791393763395,1.5724863179246285
M1,Saudi Arabia,2,Exporter,0.04162188648792002,-2.38117030252038,1.6455449074277761,-1.4470406075045938,0.14788555073365103,0.02403073173964787,520,-5.606379056022119,0.8440384509813588
M1,South Africa,2,Control,0.08116817933404988,-17.54318956100012,4.992685698859753,-3.5137780784011086,0.00044178173293635313,0.1002272269372636,520,-27.328673716893427,-7.7577054051068135
M1,South Korea,2,Control,-0.0768474259693562,-0.26069952698517035,0.3017822560039072,-0.8638663201649439,0.3876613303547771,0.002868755301129511,520,-0.852181879926075,0.3307828259557342
M1,Thailand,2,Control,-0.2252585179986522,-1.2897909255454918,0.7842701747048728,-1.6445747487858384,0.10005753775132331,0.03400764789941024,520,-2.8269322221159787,0.24735037102499513
M1,Turkey,2,Control,-0.21795516751485156,-19.92448203099689,8.082295982964176,-2.4652007391208657,0.013693651024596189,0.044565875179764736,520,-35.76549106999943,-4.083472991994352
M1,Abu Dhabi,4,Exporter,-0.21517171166279522,-1.3648221721733562,1.0798497306333104,-1.263900090406945,0.2062658893552911,0.059479681592982225,518,-3.4812887529299235,0.751644408583211
M1,Brazil,4,Exporter,0.21286391544283353,-14.9425492994286,3.8166900040822753,-3.9150544800458698,9.038379675602118e-05,0.18603884385828007,518,-22.423124247583893,-7.461974351273309
M1,Chile,4,Control,-0.3999796065784922,-8.926516749781653,3.8110319639398194,-2.342283359007433,0.019166157377685785,0.11789017321602213,518,-16.39600214303465,-1.457031356528657
M1,China,4,Control,-0.23137708161125342,-0.37493112653030664,0.37334302372055994,-1.004253736400162,0.31525632677683546,0.0036789646262791464,518,-1.106670006901887,0.3568077538412739
M1,Colombia,4,Exporter,0.38558127208036846,-12.044930853948005,6.367878402559278,-1.8915139537066372,0.05855577009541627,0.09491095397499671,518,-24.52574318089464,0.43588147299863067
M1,Dubai,4,Control,-1.3989804344896744,-3.9299995706344157,2.6436622664325946,-1.4865739926521053,0.13712736093541514,0.11655610648344394,518,-9.111482400129834,1.2514832588610023
M1,Egypt,4,Exporter,2.309247170028058,4.099641633887159,7.9434057298006495,0.5161062865650757,0.6057801774572269,0.002133868324607713,518,-11.469147511111217,19.668430778885536
M1,Indonesia,4,Control,-0.5051563950377762,-4.254235356359231,3.8251680670051185,-1.1121695261066127,0.26606526778272543,0.03091683523076938,518,-11.75142700250196,3.242956289783498
M1,Malaysia,4,Exporter,-0.5200469256398885,-3.4157044253689697,2.126900899424745,-1.6059537265195585,0.10828407746080368,0.061045983229444434,518,-7.5843535869273175,0.7529447361893777
M1,Mexico,4,Exporter,-0.11454456976652305,-10.533246321479156,3.739943322633511,-2.8164187028540546,0.004856233170237447,0.2317030023973956,518,-17.863400538061903,-3.2030921048964114
M1,Philippines,4,Control,-0.26653950754525474,-0.8352563554307231,1.2831586418963807,-0.6509377158511728,0.515086693656206,0.0053128947983368535,518,-3.350201079998958,1.6796883691375115
M1,Qatar,4,Exporter,-0.15121319346271148,-3.715556968806981,2.0901399185144984,-1.7776594456162997,0.0754598040929954,0.10325984526221699,518,-7.812155931744881,0.3810419941309191
M1,Saudi Arabia,4,Exporter,0.09978828326538056,-2.8503674629993676,1.7347051599134438,-1.6431423211663196,0.10035349034094782,0.04162895964705726,518,-6.250327100225512,0.5495921742267771
M1,South Africa,4,Control,0.1418953560552771,-18.671912168321594,7.32624961728823,-2.54863172069107,0.010814643781224455,0.1417606867198692,518,-33.031097559956876,-4.312726776686308
M1,South Korea,4,Control,-0.1826007815678756,-0.2720127124449866,0.3294211833553096,-0.8257292675425704,0.4089576859278864,0.003716350377221622,518,-0.917666367565959,0.3736409426759858
M1,Thailand,4,Control,-0.4707525581147994,-1.2801433647317708,0.9115775684534908,-1.4043164389219878,0.16022464122384739,0.03730567499656601,518,-3.0668025680152082,0.5065158385516668
M1,Turkey,4,Control,-0.6477912614272312,-23.835932635354162,10.112883337287347,-2.356986809831809,0.01842390126431965,0.0716577711203139,518,-43.65681975629259,-4.0150455144157355
M1,Abu Dhabi,8,Exporter,-0.40287382988159853,-1.5979692264605094,1.1678819906547784,-1.3682625806778652,0.17122989911105102,0.08948009149385516,514,-3.8869758663368192,0.6910374134158004
M1,Brazil,8,Exporter,0.16437414321688382,-14.610152530527369,2.981547639601018,-4.90019087284564,9.574359256954004e-07,0.2462636105688898,514,-20.453878522335774,-8.766426538718964
M1,Chile,8,Control,-0.6831568206271735,-8.588561932038578,3.110306693582189,-2.7613231678278636,0.0057567681668254855,0.15906841520470116,514,-14.684651032333527,-2.4924728317436298
M1,China,8,Control,-0.42517031392013105,-0.5915913003793527,0.4286887069884845,-1.3800020638174733,0.16758600938860502,0.011714802444743322,514,-1.4318057266558264,0.2486231258971211
M1,Colombia,8,Exporter,0.9725936542947252,-12.064419508675417,5.881654042981071,-2.0511950244799944,0.04024795825138745,0.12019360766414477,514,-23.592249602442717,-0.5365894149081178
M1,Dubai,8,Control,-2.616640564870757,-4.513816964308764,2.7259230918206674,-1.6558856623111649,0.0977449756928877,0.1628736425753482,514,-9.856528048903343,0.8288941202858151
M1,Egypt,8,Exporter,4.205118912040827,1.3143024877958773,9.456429118632359,0.13898507262178464,0.8894619448791228,0.00027894206014855705,514,-17.21995800707939,19.848562982671147
M1,Indonesia,8,Control,-0.83103612587053,-5.028279186489306,3.9174582119261627,-1.2835565600116428,0.19929715746718746,0.05396808407070919,514,-12.706356192805263,2.6497978198266514
M1,Malaysia,8,Exporter,-0.9020955424684366,-3.946744411452063,1.6702598356628422,-2.362952354587272,0.018130000297154655,0.11926444618159404,514,-7.220393534175023,-0.6730952887291028
M1,Mexico,8,Exporter,-0.06225470828860069,-10.49134536827138,3.1265747161673954,-3.355539630644694,0.000792103064266891,0.3148162867364962,514,-16.619319206933017,-4.3633715296097435
M1,Philippines,8,Control,-0.48604152122601213,-1.123951543456806,1.2291836986633788,-0.9143885854319391,0.3605126975227365,0.013659363679915049,514,-3.5331073232207633,1.2852042363071512
M1,Qatar,8,Exporter,-0.2497343764612606,-3.8439595437610037,1.9617362408187804,-1.959468079234051,0.05005799461763394,0.1476120763903106,514,-7.688891922932807,0.0009728354108000659
M1,Saudi Arabia,8,Exporter,0.2091687364717914,-3.225736016143515,1.924584077908782,-1.6760691586145413,0.09372464696291856,0.07226071435517889,514,-6.997851494063957,0.5463794617769273
M1,South Africa,8,Control,0.5548778470578185,-19.33326871757528,7.517370279203581,-2.571812748277117,0.010116759353402827,0.20284000870782581,514,-34.06704372326611,-4.599493711884451
M1,South Korea,8,Control,-0.39615973022378964,-0.3314878419527731,0.3450415093281653,-0.9607187338074693,0.3366936091395374,0.00744064435646552,514,-1.007756773407318,0.34478108950177194
M1,Thailand,8,Control,-0.8769202395235561,-1.6524600761489299,0.8653526409507836,-1.9095799769367232,0.056187315224075385,0.07164808560258484,514,-3.3485200863390867,0.04359993404122675
M1,Turkey,8,Control,-1.3649386542126125,-30.63523635548176,11.399506144516975,-2.6874178553969146,0.007200681100768409,0.12764929005571768,514,-52.97785784027808,-8.29261487068544
M2,Abu Dhabi,1,Exporter,-0.04189374992655156,-0.4234921257940031,0.10418391395248146,-4.064851374149361,4.806307990963566e-05,0.03225066223253481,521,-0.6276888449092868,-0.21929540667871938
M2,Brazil,1,Exporter,0.08089179070196789,-11.163422530178046,3.844528760100847,-2.9037167431373865,0.003687616244434041,0.050179837246753345,521,-18.698560437504135,-3.6282846228519565
M2,Chile,1,Control,-0.06462068853823297,-2.0275501349930103,0.9605950149595575,-2.110723149108132,0.034796115048060045,0.019212138192382322,521,-3.9102817680424575,-0.14481850194356327
M2,China,1,Control,-0.044299769454142525,0.036911058694612434,0.04431249054151926,0.8329718831765517,0.4048605868013272,0.0003775089985379454,521,-0.04993982683203711,0.12376194422126198
M2,Colombia,1,Exporter,0.11601657570225482,-5.647355448543088,2.4033808168616027,-2.3497547325511037,0.018785785052187906,0.02862301053738847,521,-10.357895290726285,-0.9368156063598914
M2,Dubai,1,Control,-0.30509840892944223,-0.5848299482785692,0.21794891721615153,-2.683334956413489,0.007289194353673031,0.01650731102324543,521,-1.0120019764917279,-0.1576579200654104
M2,Egypt,1,Exporter,0.4855146440868225,-1.62554419261459,1.9376215762768103,-0.838937908473395,0.4015041537003524,0.0011099467367639004,521,-5.423212697784868,2.1721243125556873
M2,Indonesia,1,Control,-0.13158709267193366,-1.542778341161817,0.32789673590565155,-4.705073799837194,2.5377413661842955e-06,0.033599078906812796,521,-2.1854441341851354,-0.9001125481384984
M2,Malaysia,1,Exporter,-0.09480741119021129,-1.1986078792795536,0.2620035041601028,-4.57477804780473,4.767251042174968e-06,0.04196677750606814,521,-1.7121253112566452,-0.6850904473024618
M2,Mexico,1,Exporter,0.0385864378157212,-3.9966916275276896,0.7196800702771149,-5.553428242064216,2.8012068698459853e-08,0.07728391333143236,521,-5.40723864566209,-2.5861446093932896
M2,Philippines,1,Control,-0.041695990930795124,-0.7479797086160507,0.20085884362782058,-3.723907272920541,0.000196163000044045,0.03916426114120952,521,-1.1416558081029415,-0.3543036091291598
M2,Qatar,1,Exporter,-0.06292258417920031,-0.624986817117928,0.16600606567377751,-3.764843257872905,0.00016665358864096017,0.0269231737822736,521,-0.9503527270537229,-0.29962090718213313
M2,Saudi Arabia,1,Exporter,-0.0004722778113447806,-0.49719122512579206,0.24422404399957695,-2.035799657492582,0.04177047685359188,0.00919123894441165,521,-0.9758615555236884,-0.018520894727895754
M2,South Africa,1,Control,0.07300005729080158,-10.292840737399212,2.9040010182101836,-3.5443654023726805,0.00039355939360440886,0.04206215724659179,521,-15.984578144158817,-4.6011033306396065
M2,South Korea,1,Control,-0.03148046719007121,-0.3947281983142332,0.1080658952017099,-3.6526620871224464,0.0002595356688301194,0.024703133187544357,521,-0.6065334608666645,-0.182922935761802
M2,Thailand,1,Control,-0.10494855463384124,-0.3835005362023582,0.09080569300684269,-4.223309392875394,2.4074097714925517e-05,0.029838484086498696,521,-0.5614764240869705,-0.2055246483177459
M2,Turkey,1,Control,0.042946842125604553,-7.349297801253738,3.499909019080501,-2.099853956542148,0.03574169012871669,0.01132320523440078,521,-14.208993427818427,-0.48960217468904776
M2,Abu Dhabi,2,Exporter,-0.08333955627299525,-0.6692101252706961,0.1514562335571919,-4.418505000112745,9.938598139176115e-06,0.06378141794037573,520,-0.966058888276879,-0.3723613622645132
M2,Brazil,2,Exporter,0.22198505284020092,-14.502869830642112,4.11466972877943,-3.5246741018371415,0.000424004083687891,0.0937360555012785,520,-22.567474307326986,-6.438265353957238
M2,Chile,2,Control,-0.14320475002747807,-3.9838955039892854,1.4157707621825215,-2.8139410774720326,0.004893819762005416,0.05477558050074238,520,-6.758755208231849,-1.2090357997467214
M2,China,2,Control,-0.10491403643088769,-0.06035156412464665,0.06101667714865198,-0.9890994879582684,0.3226144681278825,0.0005948218582706444,520,-0.17994205379231265,0.05923892554301935
M2,Colombia,2,Exporter,0.21081966604446606,-7.121683039342462,3.0474290224561007,-2.3369479606788945,0.019441890116806373,0.04345589765027624,520,-13.094534168798523,-1.1488319098864004
M2,Dubai,2,Control,-0.6551916850853696,-1.0155700312543054,0.3683003897289857,-2.757450330154725,0.005825406277651431,0.03700802890217392,520,-1.7374255306151831,-0.2937145318934278
M2,Egypt,2,Exporter,1.0154726355682053,-0.4418245385612545,2.3981864513765707,-0.18423277235497892,0.8538308508657988,7.647354590556432e-05,520,-5.142183611471251,4.258534534348741
M2,Indonesia,2,Control,-0.2577091816435222,-2.0805446208230256,0.4168481995338375,-4.991132558926018,6.002628321097096e-07,0.060357120950052745,520,-2.897552078929713,-1.263537162716338
M2,Malaysia,2,Exporter,-0.22431439745282322,-1.7308300092516404,0.3906037640500687,-4.431165719718404,9.372502201742761e-06,0.0828734672103949,520,-2.4963993190155565,-0.9652606994877246
M2,Mexico,2,Exporter,0.06612139060333658,-4.692448838702009,0.9999500118656477,-4.69268341719114,2.6964459530945165e-06,0.10765445928078055,520,-6.652314848299078,-2.7325828291049397
M2,Philippines,2,Control,-0.08848868393252601,-0.987952269996151,0.2518616873700822,-3.922598471852796,8.759907222564438e-05,0.06262223553793844,520,-1.4815921063269988,-0.49431243366530336
M2,Qatar,2,Exporter,-0.11229287049240955,-1.0460435911865527,0.21419076853052982,-4.883700629877772,1.0411310948208001e-06,0.05754945913188192,520,-1.4658497833273463,-0.626237399045759
M2,Saudi Arabia,2,Exporter,0.021870305946523852,-0.9950449530009776,0.2983955295824474,-3.334651006311555,0.0008540651417971064,0.025136693066890148,520,-1.5798894441303308,-0.4102004618716244
M2,South Africa,2,Control,0.13393929256906661,-14.577382151208843,3.8112948782315277,-3.8247846511348573,0.00013088644320056016,0.0749584369436207,520,-22.047382847004606,-7.107381455413078
M2,South Korea,2,Control,-0.06810884120511108,-0.5655616283958556,0.1389190535170628,-4.071159528353612,4.677969808379491e-05,0.05019310788042841,520,-0.8378379700556909,-0.29328528673602017
M2,Thailand,2,Control,-0.23071624298654825,-0.5112446908754378,0.13977791431801148,-3.6575498595028035,0.00025463773697670107,0.044052337528761254,520,-0.7852043687728658,-0.23728501297800975
M2,Turkey,2,Control,-0.010472557283893097,-9.699676465595084,4.601689041636461,-2.1078513514997677,0.03504384938190651,0.017540073839152903,520,-18.718821255255186,-0.6805316759349846
M2,Abu Dhabi,4,Exporter,-0.13891021522107172,-1.1072526214439598,0.34329747788436993,-3.225344468790145,0.0012582117958962796,0.13887503398798373,518,-1.7801033140807605,-0.434401928807159
M2,Brazil,4,Exporter,0.36281094240487843,-15.507180385498302,4.636678749223858,-3.344458657631624,0.0008244331611066752,0.11769107482090335,518,-24.59490374185929,-6.419457029137314
M2,Chile,4,Control,-0.33734645652533496,-7.416080885328602,2.7723991666181718,-2.6749686605824827,0.0074736236128102535,0.12902101059845017,518,-12.849883402669079,-1.9822783679881253
M2,China,4,Control,-0.2305743121001454,-0.13002738241287862,0.13573350059665312,-0.957960870686369,0.33808249007764346,0.0019263670422809964,518,-0.39606015507786463,0.13600539025210742
M2,Colombia,4,Exporter,0.3336996179748281,-7.3087774362541,3.600424207150024,-2.02997675155603,0.042358902494361333,0.043322398143635366,518,-14.365479211334325,-0.2520756611738735
M2,Dubai,4,Control,-1.2661467273093454,-1.8748005233549874,0.8361971696636545,-2.2420555717846935,0.024957780913428505,0.09409670267108106,518,-3.5137168598700796,-0.23588418683989532
M2,Egypt,4,Exporter,1.9554796263085603,-0.045931417238584196,3.548791728197852,-0.012942832591054618,0.9896734020166532,6.816320515801166e-07,518,-7.001435393140031,6.909572558662862
M2,Indonesia,4,Control,-0.48235211677133927,-2.584724382726414,0.6487795004178819,-3.9839797358911326,6.777065414771246e-05,0.07615144066623025,518,-3.8563088374533514,-1.3131399279994767
M2,Malaysia,4,Exporter,-0.4500019854218169,-2.4165195455553827,0.6727133505207413,-3.5921979899533385,0.00032790056596186115,0.15399451420379773,518,-3.7350134844953047,-1.0980256066154606
M2,Mexico,4,Exporter,0.06777229119480734,-6.39760021124119,2.1311142288675926,-3.0019977927887393,0.002682141204397688,0.18575985875838075,518,-10.574507346762521,-2.2206930757198577
M2,Philippines,4,Control,-0.18598666407657516,-1.0917524547718616,0.29611464578358093,-3.686924879662259,0.0002269803246032494,0.06976900812063846,518,-1.6721264958025155,-0.5113784137412075
M2,Qatar,4,Exporter,-0.17812798565740814,-1.7926025693978673,0.4852599808246129,-3.694107571680769,0.00022066038094058544,0.12037701076713758,518,-2.743694654952706,-0.8415104838430287
M2,Saudi Arabia,4,Exporter,0.07955267405409103,-1.5007566707515072,0.42668443441795606,-3.517251977562065,0.00043603963680955495,0.04255549854295537,518,-2.337042794974544,-0.6644705465284707
M2,South Africa,4,Control,0.34264293054031647,-16.70179597136083,5.784416948130655,-2.8873776079987343,0.003884677081545833,0.10180962832272134,518,-28.03904486126001,-5.364547081461653
M2,South Korea,4,Control,-0.1595165133121224,-0.6071992879277098,0.1767489398024858,-3.4353772566118113,0.0005917294507063477,0.054207098706224865,518,-0.9536208442462201,-0.2607777316091996
M2,Thailand,4,Control,-0.4635431147480653,-0.7098251155981805,0.23462419625027364,-3.025370473047929,0.0024832874434618504,0.07412183254951621,518,-1.1696800901503743,-0.24997014104598658
M2,Turkey,4,Control,-0.06478315251544904,-10.804543370362097,6.085898264218851,-1.775340779829632,0.07584163582229135,0.01998765414409509,518,-22.732684781805872,1.1235980410816797
M2,Abu Dhabi,8,Exporter,-0.24891911892310445,-1.4579460619782658,0.4567113914928393,-3.1922699742888385,0.001411593273015696,0.19636297024616733,514,-2.353083940633404,-0.562808183323128
M2,Brazil,8,Exporter,0.4297526187140859,-14.877742812058036,5.067658286241774,-2.935822025026774,0.003326651242491208,0.1270190613851443,514,-24.810170539047885,-4.945315085068188
M2,Chile,8,Control,-0.6460163991806435,-9.982897253668039,2.8009819730886054,-3.5640705115499305,0.00036514779613924813,0.2331840446941461,514,-15.472721042267644,-4.493073465068433
M2,China,8,Control,-0.4353976821563801,-0.3489934766943251,0.3354889796573251,-1.0402531762765912,0.29822229196583083,0.01168144668815041,514,-1.0065397940327732,0.3085528406441229
M2,Colombia,8,Exporter,0.7776073720396739,-6.56393729328608,3.7768777960618456,-1.737926840029165,0.08222370566821419,0.03608952276056354,514,-13.966481747576314,0.8386071610041528
M2,Dubai,8,Control,-2.370405182032786,-2.6293671177510363,1.162570868614158,-2.261683299260175,0.023716977296700383,0.1456976198606862,514,-4.907964149710233,-0.3507700857918392
M2,Egypt,8,Exporter,3.8175805872285653,-0.9574520881494503,4.8877467474415415,-0.19588823595465993,0.8446976452368369,0.0003059223985046877,514,-10.537259678687663,8.622355502388762
M2,Indonesia,8,Control,-0.9068424612018149,-2.819657190124887,0.8889639743982773,-3.171846409224242,0.00151473094698651,0.06899370876853839,514,-4.561994563499097,-1.0773198167506766
M2,Malaysia,8,Exporter,-0.8053699239461694,-2.8807846784226125,0.6852476611989105,-4.204005123319045,2.6223299721793746e-05,0.22853462073850017,514,-4.223845414862782,-1.537723941982443
M2,Mexico,8,Exporter,0.12578422953381535,-7.398933529034624,2.568286788307825,-2.8808829149137125,0.003965629252707524,0.238125394075419,514,-12.432683136088006,-2.3651839219812407
M2,Philippines,8,Control,-0.35990751395242615,-1.162661199132457,0.30849416042776084,-3.76882725274378,0.00016401634635969433,0.08365053672602707,514,-1.7672986430117898,-0.5580237552531241
M2,Qatar,8,Exporter,-0.34385957984316035,-2.248722384098335,0.6532601431826555,-3.4423076435409876,0.0005767738996584629,0.16664244944373585,514,-3.5290887372718185,-0.9683560309248511
M2,Saudi Arabia,8,Exporter,0.17679323740722563,-1.8214448648278392,0.5779291659444572,-3.151674932084829,0.0016233688933695225,0.047992024948019574,514,-2.954165215694248,-0.6887245139614306
M2,South Africa,8,Control,0.8574100467981818,-19.318336488805596,6.822926190191917,-2.83138582336946,0.004634677728959481,0.14128233709027016,514,-32.691026090756836,-5.945646886854355
M2,South Korea,8,Control,-0.36387387874577154,-0.5704770671358597,0.19620493220841528,-2.907557219458073,0.003642636972161636,0.04811848009307795,514,-0.9550316678534765,-0.18592246641824284
M2,Thailand,8,Control,-0.8681025065115583,-1.124857004234195,0.32685694608394794,-3.441435214123593,0.0005786370173800278,0.14972622052968543,514,-1.7654848466554833,-0.48422916181290676
M2,Turkey,8,Control,-0.5073051813523479,-15.042389994831627,6.821291124963748,-2.205211552953851,0.027439252870308864,0.03430944578953643,514,-28.411874927823284,-1.6729050618399715
