country,year,total_exports_usd,exports_copper_usd,exports_energy_usd,gdp_usd,gdp_usd_if_billions,share_copper,share_energy,expgdp_copper,expgdp_copper_if_gdp_billions,expgdp_energy,expgdp_energy_if_gdp_billions,total_expgdp,total_expgdp_if_gdp_billions
AGO,2023,39505783208.732,2324559.809,32348919364.009,1.12483e+11,1.12483e+20,5.88410004863845e-05,0.81884009723566,2.06658767013682e-05,2.06658767013682e-14,0.287589407857267,2.87589407857267e-10,0.351215589988994,3.51215589988994e-10
AGO,2024,39250263061.7,1127313.07,31617576916.46,1.15214e+11,1.15214e+20,2.87211596066988e-05,0.805537962045205,9.78451464231777e-06,9.78451464231777e-15,0.274424782721371,2.74424782721371e-10,0.340672687882549,3.40672687882549e-10
ARE,2023,570245383584.532,112721085.794,246441314683.817,5.22622e+11,5.22622e+20,0.000197671193908561,0.432167136776628,0.000215683774877445,2.15683774877445e-13,0.471547915479672,4.71547915479672e-10,1.09112395495125,1.09112395495125e-09
ARG,2023,66788515986.35,0,4560920918.28,6.48895e+11,6.48895e+20,0,0.0682889992526881,0,0,0.00702875028822845,7.02875028822845e-12,0.102926538170813,1.02926538170813e-10
ARG,2024,79703206722.25,0,5885105715.61,6.37234e+11,6.37234e+20,0,0.0738377533054402,0,0,0.00923539188996507,9.23539188996507e-12,0.125076826914838,1.25076826914838e-10
BHR,2023,12406927759.432,91584.784,33826429.272,4.6192e+10,4.6192e+19,7.38174556794492e-06,0.00272641462317571,1.98269795635608e-06,1.98269795635608e-15,0.000732300599064773,7.32300599064773e-13,0.26859472981105,2.6859472981105e-10
BHR,2024,12452725986.221,2101.25,6945539.394,4.711e+10,4.711e+19,1.68738154386842e-07,0.000557752527573904,4.4603056675865e-08,4.4603056675865e-17,0.000147432379409892,1.47432379409892e-13,0.264332965107642,2.64332965107642e-10
BRA,2023,339695766008,3489952394,53865485619,2.191137e+12,2.191137e+21,0.0102737588843477,0.158569788054796,0.00159275864265904,1.59275864265904e-12,0.0245833490187971,2.45833490187971e-11,0.155031732843725,1.55031732843725e-10
BRA,2024,337036275422,4211194893,56536814645,2.179413e+12,2.179413e+21,0.0124947823130528,0.167746971966774,0.00193226106892085,1.93226106892085e-12,0.0259413037570208,2.59413037570208e-11,0.154645436831844,1.54645436831844e-10
CHL,2023,94935525007.931,41282283318.007,1530825201.032,3.35627e+11,3.35627e+20,0.434845473436401,0.0161248931936081,0.123000483626189,1.23000483626189e-10,0.00456109073772968,4.56109073772968e-12,0.282860213892002,2.82860213892002e-10
CHL,2024,99093542747.754,48260687381.389,1091816468.37,3.3021e+11,3.3021e+20,0.487021515662612,0.0110180384926721,0.146151501715239,1.46151501715239e-10,0.00330643066039793,3.30643066039793e-12,0.300092494920669,3.00092494920669e-10
CIV,2023,18350163618.47,157995.33,2672114998.107,7.963e+10,7.963e+19,8.61002295592465e-06,0.145618047537049,1.98411817154339e-06,1.98411817154339e-15,0.0335566369221022,3.35566369221022e-11,0.230442843381515,2.30442843381515e-10
CIV,2024,20548862153.319,187572.985,2852683277.143,8.7096e+10,8.7096e+19,9.12814459508668e-06,0.138824391144317,2.15363489712501e-06,2.15363489712501e-15,0.0327533213596836,3.27533213596836e-11,0.235933477465314,2.35933477465314e-10
COL,2023,49769114432.38,56525482.55,15589204170.02,3.66292e+11,3.66292e+20,0.00113575423623018,0.313230491396439,0.000154318091986721,1.54318091986721e-13,0.0425594994431219,4.25594994431219e-11,0.135872785734824,1.35872785734824e-10
COL,2024,49551987659.86,86644628.79,14795008357.01,4.18818e+11,4.18818e+20,0.00174856010589838,0.298575477104319,0.000206878951692621,2.06878951692621e-13,0.0353256267806303,3.53256267806303e-11,0.118313892095994,1.18313892095994e-10
ECU,2023,31126424076.3,1244126627.5,8947354932.1,1.21147e+11,1.21147e+20,0.0399701110686625,0.287452066776685,0.010269561999059,1.0269561999059e-11,0.0738553569803627,7.38553569803627e-11,0.256931034827936,2.56931034827936e-10
ECU,2024,31558096621.268,1112825667.44,8669871892.166,1.24676e+11,1.24676e+20,0.0352627625422134,0.27472733847716,0.00892574085982868,8.92574085982868e-12,0.0695392207976355,6.95392207976355e-11,0.253120862245083,2.53120862245083e-10
EGY,2023,42553243151.133,1989335.13,4606847713.859,3.93828e+11,3.93828e+20,4.67493187989135e-05,0.108260789841499,5.05127906090984e-06,5.05127906090984e-15,0.0116976134603406,1.16976134603406e-11,0.108050324383063,1.08050324383063e-10
EGY,2024,44846871351.303,395298.744,4950524155.742,3.83105e+11,3.83105e+20,8.81441072897753e-06,0.110387280239966,1.03182872580624e-06,1.03182872580624e-15,0.0129221079227418,1.29221079227418e-11,0.117061566284186,1.17061566284186e-10
HUN,2023,158563412727,8395754,1780061809,2.14098e+11,2.14098e+20,5.2948872981531e-05,0.0112261824993938,3.92145372679801e-05,3.92145372679801e-14,0.00831423838148885,8.31423838148885e-12,0.740611368284617,7.40611368284617e-10
HUN,2024,167705354914,6211225,1991203670,2.2306e+11,2.2306e+20,3.70365335274186e-05,0.011873226534842,2.7845534833677e-05,2.7845534833677e-14,0.00892676261992289,8.92676261992289e-12,0.75183966158881,7.5183966158881e-10
IDN,2023,258774386644.997,9490666728.089,6191409700.733,1.371169e+12,1.371169e+21,0.0366754486451895,0.0239258984670178,0.00692158787727042,6.92158787727042e-12,0.00451542421155452,4.51542421155452e-12,0.188725377138046,1.88725377138046e-10
IDN,2024,266330422108.414,10193449371.99,5948314674.23,1.3963e+12,1.3963e+21,0.0382736951013452,0.0223343417816859,0.00730032899232973,7.30032899232973e-12,0.00426005491243286,4.26005491243286e-12,0.190740114666199,1.90740114666199e-10
KAZ,2023,78735590866.92,6257604020.12,43403177716.47,2.6184e+11,2.6184e+20,0.0794761803552943,0.551252327423702,0.0238985793619004,2.38985793619004e-11,0.165762212482699,1.65762212482699e-10,0.300701156686984,3.00701156686984e-10
KAZ,2024,81612893051.23,7291418313.24,43735051033.09,2.9148e+11,2.9148e+20,0.0893415003517034,0.535884091324108,0.0250151582037876,2.50151582037876e-11,0.150044775055201,1.50044775055201e-10,0.279994830009709,2.79994830009709e-10
LKA,2023,12052497548.941,8797459.215,380231771.709,8.3723e+10,8.3723e+19,0.000729928313967838,0.0315479650723853,0.000105078165080086,1.05078165080086e-13,0.00454154499610621,4.54154499610621e-12,0.143956828457425,1.43956828457425e-10
LKA,2024,12109626421.072,12338265.876,287612420.772,9.8964e+10,9.8964e+19,0.00101888080168436,0.0237507261389604,0.000124674284345823,1.24674284345823e-13,0.00290623277931369,2.90623277931369e-12,0.122363954782264,1.22363954782264e-10
MAR,2023,42462806869.922,198731898.591,476154452.158,1.46057e+11,1.46057e+20,0.00468014041558259,0.0112134474203889,0.00136064617643112,1.36064617643112e-12,0.00326005910129607,3.26005910129607e-12,0.290727639688081,2.90727639688081e-10
MAR,2024,80568883408.529,418456658.989,589014882.322,1.60606e+11,1.60606e+20,0.00519377508146901,0.00731069933457272,0.00260548584105824,2.60548584105824e-12,0.00366745253802473,3.66745253802473e-12,0.501655501092917,5.01655501092917e-10
MEX,2023,593707208904,4482340388,32131830728,1.798318e+12,1.798318e+21,0.00754974896847644,0.054120667975914,0.00249251822425177,2.49251822425177e-12,0.0178677134566856,1.78677134566856e-11,0.330145841227191,3.30145841227191e-10
MEX,2024,618982287354,3951073987,27087803496,1.856366e+12,1.856366e+21,0.00638317778670192,0.0437618394732971,0.00212839170023584,2.12839170023584e-12,0.0145918442246841,1.45918442246841e-11,0.333437634256391,3.33437634256391e-10
NGA,2023,65129007547.867,189799004.264,52644106622.105,4.87347e+11,4.87347e+20,0.00291420077489291,0.808305064120835,0.000389453519287079,3.89453519287079e-13,0.108021813250323,1.08021813250323e-10,0.133639906571431,1.33639906571431e-10
NGA,2024,52361700787.283,122901200.426,37469381497.625,2.52109e+11,2.52109e+20,0.0023471582965817,0.715587556062066,0.000487492316521822,4.87492316521822e-13,0.148623736152319,1.48623736152319e-10,0.207694690738066,2.07694690738066e-10
PAK,2023,28746392443.932,717410908.805,138790624.166,3.36555e+11,3.36555e+20,0.0249565544686786,0.00482810580272646,0.00213163051746371,2.13163051746371e-12,0.000412386160259096,4.12386160259096e-13,0.0854136543623836,8.54136543623836e-11
PAK,2024,32438495605.344,805208385.136,536474382.57,3.71408e+11,3.71408e+20,0.0248226180070862,0.0165382016816347,0.00216798880243829,2.16798880243829e-12,0.00144443410634666,1.44443410634666e-12,0.0873392484958428,8.73392484958429e-11
PAN,2023,3366820480,2469069825,9892265,8.3812e+10,8.3812e+19,0.733353571913641,0.00293816229845436,0.0294596218321959,2.94596218321959e-11,0.000118029220159404,1.18029220159404e-13,0.0401711029446857,4.01711029446857e-11
PAN,2024,1158357714,60750,11393058,8.6524e+10,8.6524e+19,5.24449393013668e-05,0.00983552650645187,7.02117331607415e-07,7.02117331607415e-16,0.000131675119042115,1.31675119042115e-13,0.0133877041514493,1.33877041514493e-11
PER,2023,64355040435,22682292080.81,2600622078.14,2.7178e+11,2.7178e+20,0.352455564125076,0.0404105422133436,0.083458282731658,8.3458282731658e-11,0.00956885009250129,9.56885009250129e-12,0.236790935444109,2.36790935444109e-10
PER,2024,74053924515.753,23009685696.072,2712478709.105,2.94675e+11,2.94675e+20,0.310715277367607,0.0366284262021521,0.0780849603667498,7.80849603667498e-11,0.0092049841659625,9.2049841659625e-12,0.251307116368043,2.51307116368043e-10
PHL,2023,72923284860,2702823465,175936556,4.37055e+11,4.37055e+20,0.037063929171443,0.00241262521755249,0.00618417239249065,6.18417239249065e-12,0.000402550150438732,4.02550150438732e-13,0.166851505783025,1.66851505783025e-10
PHL,2024,72983913780,2662538284,355456108,4.61617e+11,4.61617e+20,0.0364811661378678,0.00487033497643705,0.00576785145261115,5.76785145261115e-12,0.000770023868271749,7.70023868271749e-13,0.158104909004651,1.58104909004651e-10
POL,2023,381932840227,2619051505,3098775447,8.12959e+11,8.12959e+20,0.00685736137129077,0.0081134040350085,0.0032216280341321,3.2216280341321e-12,0.00381172414229992,3.81172414229992e-12,0.469805783842728,4.69805783842728e-10
POL,2024,380333187161,2754784862,3119705862,9.14553e+11,9.14553e+20,0.0072430830518975,0.00820256019540937,0.00301216535509697,3.01216535509697e-12,0.00341118104910268,3.41118104910268e-12,0.415867847091421,4.15867847091421e-10
QAT,2023,97751493996.069,115789198.555,25405813694.359,2.13003e+11,2.13003e+20,0.0011845261266253,0.25990205014545,0.000543603604432802,5.43603604432801e-13,0.119274440709093,1.19274440709093e-10,0.45892073818711,4.5892073818711e-10
QAT,2024,95043976630.903,147463079.606,22704317366.354,2.19631e+11,2.19631e+20,0.00155152472395661,0.238882232953328,0.000671412867974011,6.71412867974011e-13,0.103374830357982,1.03374830357982e-10,0.432743905145007,4.32743905145007e-10
ROU,2023,100642462676.41,83317893.61,2642301281.4,3.50847e+11,3.50847e+20,0.000827860243025723,0.0262543384882745,0.000237476431635442,2.37476431635442e-13,0.0075312067123276,7.5312067123276e-12,0.286855702560974,2.86855702560974e-10
ROU,2024,100370881686.1,79615509.68,2685609186.65,3.82854e+11,3.82854e+20,0.000793213214256597,0.0267568555893429,0.00020795266519352,2.0795266519352e-13,0.00701470844408051,7.01470844408051e-12,0.262164902772597,2.62164902772597e-10
SAU,2023,320018426729.139,593232049.702,236955183606.512,1.218585e+12,1.218585e+21,0.00185374341023215,0.74044231148936,0.000486820410313602,4.86820410313601e-13,0.194451091722376,1.94451091722376e-10,0.262614775932035,2.62614775932035e-10
SAU,2024,305499387356.915,717985014.05,218089637043.492,1.239805e+12,1.239805e+21,0.00235020115837803,0.713879130594451,0.000579111242534108,5.79111242534108e-13,0.175906402251557,1.75906402251557e-10,0.2464092235125,2.464092235125e-10
SEN,2023,5316892833.899,111291.642,1128198668.44,3.0701e+10,3.0701e+19,2.09317068214044e-05,0.21219135003943,3.62501683984235e-06,3.62501683984235e-15,0.0367479452929872,3.67479452929872e-11,0.173183050516237,1.73183050516237e-10
SEN,2024,6310482680.303,899932.292,2042706598.654,3.2816e+10,3.2816e+19,0.00014260910576761,0.323700531661378,2.74235827645051e-05,2.74235827645051e-14,0.0622472756781448,6.22472756781448e-11,0.19229896027252,1.9229896027252e-10
SLV,2023,6498092242,0,153548785,3.3854e+10,3.3854e+19,0,0.0236298253828327,0,0,0.00453561720919242,4.53561720919241e-12,0.191944592721687,1.91944592721687e-10
SLV,2024,6447498638.22,0,151175493,3.5365e+10,3.5365e+19,0,0.0234471539247562,0,0,0.0042747205711862,4.2747205711862e-12,0.182312982842358,1.82312982842358e-10
TUR,2023,255627429011,727001470,13767351793,1.153295e+12,1.153295e+21,0.00284398850629099,0.0538570991628898,0.000630369046948092,6.30369046948092e-13,0.0119374069886716,1.19374069886716e-11,0.221649646457324,2.21649646457324e-10
TUR,2024,261778130881,780006114,14011188291,1.358251e+12,1.358251e+21,0.00297964582211253,0.0535231428379678,0.000574272438599346,5.74272438599346e-13,0.010315610510134,1.0315610510134e-11,0.192731778501175,1.92731778501175e-10
URY,2023,9192776209,0,562206,7.7997e+10,7.7997e+19,0,6.11573682659199e-05,0,0,7.20804646332551e-06,7.20804646332551e-15,0.117860638345065,1.17860638345065e-10
URY,2024,10248387373,5710,171702,8.0961e+10,8.0961e+19,5.57160828545898e-07,1.67540505399278e-05,7.0527784982893e-08,7.0527784982893e-17,2.1207989031756e-06,2.1207989031756e-15,0.126584248872914,1.26584248872914e-10
VNM,2023,353077513296.001,149602575.274,2817798611.332,4.33008e+11,4.33008e+20,0.000423710289215109,0.00798067989385014,0.000345496100012009,3.45496100012009e-13,0.00650749780912131,6.50749780912131e-12,0.815406443520676,8.15406443520676e-10
ZAF,2023,110607523884.529,713311552.552,2947254001.676,3.81334e+11,3.81334e+20,0.00644903282797178,0.0266460535248293,0.00187056898297031,1.87056898297031e-12,0.00772879942957093,7.72879942957093e-12,0.290054188413645,2.90054188413645e-10
ZAF,2024,110109356049.439,721933155.639,3019599378.304,4.01076e+11,4.01076e+20,0.00655651055951006,0.0274236403394113,0.00179999091354008,1.79999091354008e-12,0.0075287461187007,7.5287461187007e-12,0.274534891266092,2.74534891266092e-10
ZMB,2023,10431183715.611,1670282053.739,2328564.33,2.7578e+10,2.7578e+19,0.160123922584098,0.000223231072664854,0.0605657427565088,6.05657427565088e-11,8.44355765465226e-05,8.44355765465226e-14,0.378242936964646,3.78242936964646e-10
ZMB,2024,11275829503.039,1692093727.275,2315826.272,2.6326e+10,2.6326e+19,0.150063791477067,0.000205379681501556,0.0642746230826939,6.42746230826939e-11,8.79672670363899e-05,8.79672670363899e-14,0.428315334765593,4.28315334765593e-10
